        Date        , GPU Clock [MHz] , Memory Clock [MHz] , GPU Temperature [°C] , GPU Temperature (Hot Spot) [°C] , Fan Speed (%) [%] , Fan Speed (RPM) [RPM] , GPU Load [%] , Memory Controller Load [%] , Memory Used (Dedicated) [MB] , Memory Used (Dynamic) [MB] , GPU Chip Power Draw [W] , GPU Voltage [V] , CPU Temperature [°C] , System Memory Used [MB] ,
2026-09-13 06:46:24 ,         501.0   ,             14.0   ,               47.0   ,                          50.0   ,               0   ,                   0   ,          1   ,                        2   ,                        643   ,                      307   ,                  15.0   ,         0.800   ,               37.0   ,                  4861   ,
2026-09-13 06:46:25 ,         578.0   ,           1114.0   ,               48.0   ,                          52.0   ,               0   ,                   0   ,          2   ,                        0   ,                       1203   ,                      307   ,                  35.0   ,         0.800   ,               38.0   ,                  4908   ,
2026-09-13 06:46:26 ,        2456.0   ,           1988.0   ,               58.0   ,                          73.0   ,               0   ,                   0   ,         97   ,                       63   ,                       1233   ,                      310   ,                 254.0   ,         1.118   ,               38.0   ,                  4918   ,
2026-09-13 06:46:27 ,        2448.0   ,           1988.0   ,               63.0   ,                          77.0   ,              32   ,                 988   ,         97   ,                       60   ,                       1233   ,                      310   ,                 254.0   ,         1.118   ,               37.0   ,                  4923   ,
2026-09-13 06:46:28 ,        2443.0   ,           1990.0   ,               64.0   ,                          78.0   ,              30   ,                 861   ,         97   ,                       63   ,                       1233   ,                      310   ,                 255.0   ,         1.112   ,               37.0   ,                  4924   ,
2026-09-13 06:46:29 ,        2436.0   ,           1990.0   ,               63.0   ,                          78.0   ,              30   ,                 825   ,         97   ,                       63   ,                       1234   ,                      310   ,                 254.0   ,         1.118   ,               38.0   ,                  4924   ,
2026-09-13 06:46:30 ,        2427.0   ,           1988.0   ,               64.0   ,                          78.0   ,              30   ,                 816   ,         97   ,                       65   ,                       1234   ,                      310   ,                 254.0   ,         1.106   ,               37.0   ,                  4924   ,
2026-09-13 06:46:31 ,        2427.0   ,           1988.0   ,               64.0   ,                          78.0   ,              30   ,                 816   ,         97   ,                       65   ,                       1234   ,                      310   ,                 254.0   ,         1.106   ,               29.0   ,                  4924   ,
2026-09-13 06:46:32 ,         501.0   ,             12.0   ,               54.0   ,                          54.0   ,              30   ,                 817   ,          1   ,                        2   ,                       1234   ,                      310   ,                 255.0   ,         0.800   ,               36.0   ,                  4924   ,
2026-09-13 06:46:33 ,        2426.0   ,           1988.0   ,               64.0   ,                          77.0   ,              30   ,                 852   ,         97   ,                       66   ,                       1234   ,                      310   ,                 255.0   ,         1.106   ,               37.0   ,                  4925   ,
2026-09-13 06:46:34 ,        2419.0   ,           1988.0   ,               65.0   ,                          79.0   ,              30   ,                 860   ,         97   ,                       64   ,                       1234   ,                      310   ,                 254.0   ,         1.106   ,               37.0   ,                  4925   ,
2026-09-13 06:46:35 ,        2421.0   ,           1988.0   ,               66.0   ,                          79.0   ,              30   ,                 891   ,         97   ,                       63   ,                       1234   ,                      310   ,                 254.0   ,         1.112   ,               37.0   ,                  4925   ,
2026-09-13 06:46:36 ,        2410.0   ,           1988.0   ,               66.0   ,                          79.0   ,              30   ,                 905   ,         98   ,                       62   ,                       1234   ,                      310   ,                 255.0   ,         1.100   ,               37.0   ,                  4929   ,
2026-09-13 06:46:37 ,        2407.0   ,           1988.0   ,               66.0   ,                          81.0   ,              30   ,                 924   ,         98   ,                       65   ,                       1234   ,                      310   ,                 255.0   ,         1.093   ,               37.0   ,                  4929   ,
2026-09-13 06:46:38 ,        2407.0   ,           1988.0   ,               66.0   ,                          80.0   ,              31   ,                 947   ,         97   ,                       60   ,                       1234   ,                      310   ,                 255.0   ,         1.093   ,               37.0   ,                  4928   ,
2026-09-13 06:46:39 ,        2401.0   ,           1988.0   ,               67.0   ,                          80.0   ,              32   ,                 961   ,         97   ,                       61   ,                       1238   ,                      310   ,                 254.0   ,         1.087   ,               38.0   ,                  4928   ,
2026-09-13 06:46:40 ,        2433.0   ,           1988.0   ,               66.0   ,                          80.0   ,              33   ,                 990   ,         96   ,                       59   ,                       1238   ,                      310   ,                 254.0   ,         1.118   ,               38.0   ,                  4926   ,
2026-09-13 06:46:41 ,        2431.0   ,           1988.0   ,               66.0   ,                          81.0   ,              33   ,                1012   ,         96   ,                       60   ,                       1238   ,                      310   ,                 255.0   ,         1.112   ,               37.0   ,                  4927   ,
2026-09-13 06:46:42 ,        2436.0   ,           1988.0   ,               67.0   ,                          81.0   ,              33   ,                1002   ,         97   ,                       59   ,                       1238   ,                      310   ,                 255.0   ,         1.112   ,               36.0   ,                  4927   ,
2026-09-13 06:46:43 ,        2425.0   ,           1990.0   ,               67.0   ,                          81.0   ,              33   ,                1000   ,         98   ,                       61   ,                       1238   ,                      310   ,                 255.0   ,         1.106   ,               38.0   ,                  4927   ,
2026-09-13 06:46:44 ,        2428.0   ,           1988.0   ,               68.0   ,                          81.0   ,              33   ,                 996   ,         97   ,                       63   ,                       1238   ,                      310   ,                 254.0   ,         1.112   ,               37.0   ,                  4926   ,
2026-09-13 06:46:45 ,        2415.0   ,           1988.0   ,               68.0   ,                          81.0   ,              33   ,                1004   ,         97   ,                       64   ,                       1238   ,                      310   ,                 254.0   ,         1.106   ,               37.0   ,                  4929   ,
2026-09-13 06:46:46 ,        2419.0   ,           1988.0   ,               68.0   ,                          81.0   ,              33   ,                1000   ,         97   ,                       64   ,                       1238   ,                      310   ,                 254.0   ,         1.106   ,               38.0   ,                  4926   ,
2026-09-13 06:46:47 ,        2424.0   ,           1988.0   ,               68.0   ,                          83.0   ,              33   ,                 999   ,         98   ,                       63   ,                       1238   ,                      310   ,                 254.0   ,         1.112   ,               38.0   ,                  4929   ,
2026-09-13 06:46:48 ,        2409.0   ,           1990.0   ,               68.0   ,                          83.0   ,              33   ,                1014   ,         98   ,                       64   ,                       1238   ,                      310   ,                 255.0   ,         1.093   ,               36.0   ,                  4929   ,
2026-09-13 06:46:49 ,        2404.0   ,           1988.0   ,               69.0   ,                          82.0   ,              33   ,                1001   ,         98   ,                       65   ,                       1238   ,                      308   ,                 255.0   ,         1.100   ,               38.0   ,                  4933   ,
2026-09-13 06:46:50 ,        2407.0   ,           1988.0   ,               68.0   ,                          83.0   ,              33   ,                1000   ,         97   ,                       62   ,                       1238   ,                      308   ,                 255.0   ,         1.093   ,               37.0   ,                  4932   ,
2026-09-13 06:46:51 ,        2400.0   ,           1988.0   ,               69.0   ,                          83.0   ,              33   ,                 996   ,         97   ,                       61   ,                       1238   ,                      308   ,                 255.0   ,         1.093   ,               37.0   ,                  4932   ,
2026-09-13 06:46:53 ,        2406.0   ,           1988.0   ,               69.0   ,                          83.0   ,              33   ,                1001   ,         97   ,                       61   ,                       1238   ,                      308   ,                 254.0   ,         1.100   ,               38.0   ,                  4932   ,
2026-09-13 06:46:53 ,        2405.0   ,           1992.0   ,               69.0   ,                          83.0   ,              33   ,                1001   ,         97   ,                       56   ,                       1238   ,                      308   ,                 255.0   ,         1.093   ,               38.0   ,                  4932   ,
2026-09-13 06:46:54 ,        2408.0   ,           1988.0   ,               69.0   ,                          83.0   ,              33   ,                 994   ,         97   ,                       58   ,                       1238   ,                      308   ,                 255.0   ,         1.093   ,               34.0   ,                  4932   ,
2026-09-13 06:46:55 ,        2398.0   ,           1990.0   ,               70.0   ,                          83.0   ,              33   ,                1010   ,         97   ,                       59   ,                       1238   ,                      308   ,                 254.0   ,         1.100   ,               37.0   ,                  4934   ,
2026-09-13 06:46:57 ,        2408.0   ,           1988.0   ,               69.0   ,                          84.0   ,              33   ,                1002   ,         98   ,                       55   ,                       1238   ,                      308   ,                 255.0   ,         1.093   ,               38.0   ,                  4934   ,
2026-09-13 06:46:58 ,        2488.0   ,           1988.0   ,               69.0   ,                          85.0   ,              33   ,                1002   ,         85   ,                       51   ,                       1238   ,                      308   ,                 255.0   ,         1.125   ,               39.0   ,                  4934   ,
2026-09-13 06:46:59 ,        2438.0   ,           1990.0   ,               70.0   ,                          84.0   ,              33   ,                1006   ,         91   ,                       57   ,                       1238   ,                      308   ,                 255.0   ,         1.118   ,               38.0   ,                  4934   ,
2026-09-13 06:47:00 ,        2420.0   ,           1990.0   ,               70.0   ,                          85.0   ,              33   ,                1002   ,         92   ,                       57   ,                       1238   ,                      308   ,                 255.0   ,         1.106   ,               39.0   ,                  4935   ,
2026-09-13 06:47:01 ,        2437.0   ,           1988.0   ,               70.0   ,                          85.0   ,              33   ,                1000   ,         92   ,                       56   ,                       1238   ,                      308   ,                 255.0   ,         1.112   ,               38.0   ,                  4935   ,
2026-09-13 06:47:02 ,        2387.0   ,           1988.0   ,               70.0   ,                          85.0   ,              33   ,                 995   ,         95   ,                       58   ,                       1239   ,                      308   ,                 254.0   ,         1.100   ,               38.0   ,                  4935   ,
2026-09-13 06:47:03 ,        2017.0   ,           1988.0   ,               67.0   ,                          75.0   ,              33   ,                1002   ,         58   ,                       27   ,                       1239   ,                      308   ,                 174.0   ,         0.937   ,               38.0   ,                  4936   ,
2026-09-13 06:47:04 ,        1904.0   ,           1988.0   ,               63.0   ,                          68.0   ,              33   ,                1001   ,         56   ,                       23   ,                       1239   ,                      308   ,                 107.0   ,         0.800   ,               37.0   ,                  4935   ,
2026-09-13 06:47:05 ,        1953.0   ,           1988.0   ,               62.0   ,                          66.0   ,              32   ,                 981   ,         51   ,                       24   ,                       1239   ,                      308   ,                 104.0   ,         0.800   ,               39.0   ,                  4935   ,
2026-09-13 06:47:06 ,        1197.0   ,           1990.0   ,               61.0   ,                          64.0   ,              32   ,                 963   ,         83   ,                       28   ,                       1239   ,                      308   ,                  98.0   ,         1.175   ,               37.0   ,                  4936   ,
2026-09-13 06:47:07 ,        2077.0   ,           1988.0   ,               61.0   ,                          65.0   ,              31   ,                 957   ,         56   ,                       26   ,                       1239   ,                      308   ,                 107.0   ,         0.937   ,               38.0   ,                  4936   ,
2026-09-13 06:47:08 ,        1735.0   ,           1988.0   ,               61.0   ,                          65.0   ,              31   ,                 957   ,         70   ,                       27   ,                       1239   ,                      308   ,                 104.0   ,         1.175   ,               39.0   ,                  4936   ,
2026-09-13 06:47:09 ,        2391.0   ,           1988.0   ,               68.0   ,                          81.0   ,              31   ,                 957   ,         97   ,                       58   ,                       1239   ,                      308   ,                 255.0   ,         1.093   ,               37.0   ,                  4936   ,
2026-09-13 06:47:10 ,        2386.0   ,           1990.0   ,               70.0   ,                          85.0   ,              31   ,                 955   ,         96   ,                       57   ,                       1239   ,                      308   ,                 255.0   ,         1.087   ,               38.0   ,                  4936   ,
2026-09-13 06:47:11 ,        2473.0   ,           1990.0   ,               70.0   ,                          85.0   ,              32   ,                 979   ,         87   ,                       53   ,                       1239   ,                      308   ,                 254.0   ,         1.125   ,               39.0   ,                  4936   ,
2026-09-13 06:47:12 ,        2382.0   ,           1988.0   ,               70.0   ,                          85.0   ,              33   ,                 995   ,         98   ,                       58   ,                       1239   ,                      308   ,                 254.0   ,         1.081   ,               37.0   ,                  4936   ,
2026-09-13 06:47:13 ,        2396.0   ,           1992.0   ,               72.0   ,                          86.0   ,              33   ,                1003   ,         96   ,                       58   ,                       1239   ,                      308   ,                 255.0   ,         1.087   ,               38.0   ,                  4936   ,
2026-09-13 06:47:14 ,        2454.0   ,           1990.0   ,               71.0   ,                          85.0   ,              33   ,                1002   ,         80   ,                       48   ,                       1239   ,                      308   ,                 254.0   ,         1.168   ,               38.0   ,                  4936   ,
2026-09-13 06:47:15 ,        2477.0   ,           1990.0   ,               72.0   ,                          85.0   ,              33   ,                 994   ,         85   ,                       52   ,                       1239   ,                      308   ,                 254.0   ,         1.137   ,               38.0   ,                  4936   ,
2026-09-13 06:47:16 ,        2400.0   ,           1990.0   ,               71.0   ,                          85.0   ,              33   ,                1005   ,         96   ,                       66   ,                       1239   ,                      308   ,                 255.0   ,         1.093   ,               38.0   ,                  4936   ,
2026-09-13 06:47:17 ,        2386.0   ,           1990.0   ,               71.0   ,                          85.0   ,              33   ,                1001   ,         97   ,                       63   ,                       1239   ,                      308   ,                 255.0   ,         1.081   ,               37.0   ,                  4936   ,
2026-09-13 06:47:18 ,        2381.0   ,           1988.0   ,               72.0   ,                          86.0   ,              33   ,                 994   ,         96   ,                       60   ,                       1239   ,                      308   ,                 255.0   ,         1.087   ,               38.0   ,                  4936   ,
2026-09-13 06:47:19 ,        2384.0   ,           1988.0   ,               72.0   ,                          86.0   ,              33   ,                1012   ,         96   ,                       59   ,                       1239   ,                      308   ,                 254.0   ,         1.081   ,               38.0   ,                  4936   ,
2026-09-13 06:47:20 ,        2365.0   ,           1990.0   ,               72.0   ,                          86.0   ,              33   ,                1007   ,         97   ,                       62   ,                       1239   ,                      308   ,                 254.0   ,         1.081   ,               38.0   ,                  4936   ,
2026-09-13 06:47:21 ,        2356.0   ,           1988.0   ,               73.0   ,                          86.0   ,              33   ,                1003   ,         99   ,                       62   ,                       1239   ,                      308   ,                 254.0   ,         1.075   ,               37.0   ,                  4936   ,
2026-09-13 06:47:22 ,        2351.0   ,           1988.0   ,               72.0   ,                          87.0   ,              33   ,                 997   ,         99   ,                       63   ,                       1239   ,                      308   ,                 254.0   ,         1.068   ,               36.0   ,                  4936   ,
2026-09-13 06:47:23 ,        2349.0   ,           1990.0   ,               73.0   ,                          87.0   ,              33   ,                1004   ,         99   ,                       59   ,                       1239   ,                      308   ,                 254.0   ,         1.068   ,               37.0   ,                  4936   ,
2026-09-13 06:47:24 ,        2358.0   ,           1988.0   ,               72.0   ,                          88.0   ,              33   ,                1002   ,         98   ,                       57   ,                       1239   ,                      308   ,                 254.0   ,         1.081   ,               37.0   ,                  4936   ,
2026-09-13 06:47:25 ,        2341.0   ,           1990.0   ,               73.0   ,                          88.0   ,              33   ,                 996   ,         99   ,                       58   ,                       1239   ,                      308   ,                 255.0   ,         1.062   ,               39.0   ,                  4931   ,
2026-09-13 06:47:26 ,        2479.0   ,           1988.0   ,               73.0   ,                          88.0   ,              33   ,                1006   ,         83   ,                       53   ,                       1239   ,                      308   ,                 254.0   ,         1.150   ,               38.0   ,                  4934   ,
2026-09-13 06:47:27 ,        2485.0   ,           1990.0   ,               72.0   ,                          86.0   ,              33   ,                1003   ,         63   ,                       41   ,                       1239   ,                      308   ,                 249.0   ,         1.175   ,               38.0   ,                  4934   ,
2026-09-13 06:47:28 ,        2488.0   ,           1988.0   ,               73.0   ,                          87.0   ,              33   ,                 994   ,         85   ,                       55   ,                       1239   ,                      308   ,                 244.0   ,         1.175   ,               38.0   ,                  4934   ,
2026-09-13 06:47:29 ,        2411.0   ,           1990.0   ,               73.0   ,                          87.0   ,              33   ,                1012   ,         95   ,                       60   ,                       1239   ,                      308   ,                 255.0   ,         1.093   ,               39.0   ,                  4934   ,
2026-09-13 06:47:30 ,        2434.0   ,           1988.0   ,               73.0   ,                          88.0   ,              33   ,                1004   ,         89   ,                       58   ,                       1239   ,                      308   ,                 255.0   ,         1.118   ,               38.0   ,                  4933   ,
2026-09-13 06:47:31 ,        2416.0   ,           1988.0   ,               73.0   ,                          87.0   ,              33   ,                1002   ,         93   ,                       59   ,                       1239   ,                      308   ,                 255.0   ,         1.100   ,               38.0   ,                  4933   ,
2026-09-13 06:47:32 ,        2400.0   ,           1990.0   ,               74.0   ,                          88.0   ,              33   ,                 998   ,         89   ,                       59   ,                       1239   ,                      308   ,                 254.0   ,         1.112   ,               39.0   ,                  4932   ,
2026-09-13 06:47:33 ,        2414.0   ,           1990.0   ,               74.0   ,                          88.0   ,              33   ,                1004   ,         88   ,                       59   ,                       1239   ,                      308   ,                 255.0   ,         1.106   ,               36.0   ,                  4932   ,
2026-09-13 06:47:34 ,        2496.0   ,           1988.0   ,               73.0   ,                          89.0   ,              33   ,                1002   ,         86   ,                       59   ,                       1239   ,                      308   ,                 254.0   ,         1.137   ,               37.0   ,                  4932   ,
2026-09-13 06:47:35 ,        2383.0   ,           1988.0   ,               74.0   ,                          88.0   ,              33   ,                 996   ,         93   ,                       60   ,                       1239   ,                      308   ,                 254.0   ,         1.093   ,               39.0   ,                  4932   ,
2026-09-13 06:47:36 ,        2424.0   ,           1992.0   ,               74.0   ,                          88.0   ,              33   ,                1000   ,         90   ,                       60   ,                       1239   ,                      308   ,                 255.0   ,         1.100   ,               39.0   ,                  4932   ,
2026-09-13 06:47:37 ,        2417.0   ,           1994.0   ,               74.0   ,                          89.0   ,              33   ,                1001   ,         93   ,                       61   ,                       1239   ,                      308   ,                 256.0   ,         1.087   ,               39.0   ,                  4932   ,
2026-09-13 06:47:38 ,        2462.0   ,           1988.0   ,               74.0   ,                          89.0   ,              33   ,                 997   ,         84   ,                       57   ,                       1239   ,                      308   ,                 254.0   ,         1.125   ,               39.0   ,                  4932   ,
2026-09-13 06:47:39 ,        2468.0   ,           1988.0   ,               75.0   ,                          90.0   ,              33   ,                1013   ,         79   ,                       54   ,                       1239   ,                      308   ,                 254.0   ,         1.162   ,               39.0   ,                  4932   ,
2026-09-13 06:47:40 ,        2462.0   ,           1990.0   ,               75.0   ,                          89.0   ,              33   ,                1005   ,         85   ,                       56   ,                       1239   ,                      308   ,                 257.0   ,         1.118   ,               39.0   ,                  4931   ,
2026-09-13 06:47:41 ,        2461.0   ,           1990.0   ,               73.0   ,                          86.0   ,              33   ,                1003   ,         77   ,                       52   ,                       1239   ,                      308   ,                 226.0   ,         1.175   ,               39.0   ,                  4931   ,
2026-09-13 06:47:42 ,        2480.0   ,           1988.0   ,               75.0   ,                          89.0   ,              33   ,                1000   ,         81   ,                       53   ,                       1239   ,                      308   ,                 254.0   ,         1.143   ,               39.0   ,                  4931   ,
2026-09-13 06:47:43 ,        2470.0   ,           1990.0   ,               75.0   ,                          89.0   ,              33   ,                 995   ,         83   ,                       56   ,                       1239   ,                      308   ,                 255.0   ,         1.131   ,               39.0   ,                  4930   ,
2026-09-13 06:47:44 ,        2454.0   ,           1990.0   ,               75.0   ,                          90.0   ,              33   ,                1000   ,         82   ,                       53   ,                       1239   ,                      308   ,                 255.0   ,         1.150   ,               39.0   ,                  4930   ,
2026-09-13 06:47:45 ,        2207.0   ,           1990.0   ,               74.0   ,                          86.0   ,              33   ,                1002   ,         83   ,                       50   ,                       1239   ,                      308   ,                 235.0   ,         1.175   ,               38.0   ,                  4930   ,
2026-09-13 06:47:46 ,        2475.0   ,           1988.0   ,               75.0   ,                          91.0   ,              33   ,                 999   ,         76   ,                       52   ,                       1239   ,                      308   ,                 254.0   ,         1.162   ,               38.0   ,                  4930   ,
2026-09-13 06:47:47 ,        2507.0   ,           1988.0   ,               75.0   ,                          90.0   ,              33   ,                1002   ,         83   ,                       55   ,                       1239   ,                      308   ,                 251.0   ,         1.175   ,               37.0   ,                  4927   ,
2026-09-13 06:47:48 ,         608.0   ,            930.0   ,               72.0   ,                          81.0   ,              33   ,                 996   ,          3   ,                        1   ,                       1239   ,                      308   ,                 180.0   ,         0.800   ,               40.0   ,                  4927   ,
2026-09-13 06:47:49 ,        2106.0   ,           1990.0   ,               71.0   ,                          80.0   ,              32   ,                 969   ,         71   ,                       52   ,                       1239   ,                      308   ,                 191.0   ,         0.950   ,               39.0   ,                  4926   ,
2026-09-13 06:47:50 ,        2427.0   ,           1988.0   ,               71.0   ,                          79.0   ,              32   ,                 961   ,         62   ,                       47   ,                       1239   ,                      308   ,                 176.0   ,         0.993   ,               39.0   ,                  4925   ,
2026-09-13 06:47:51 ,        1158.0   ,           1988.0   ,               70.0   ,                          75.0   ,              31   ,                 958   ,         84   ,                       32   ,                       1239   ,                      308   ,                 149.0   ,         0.800   ,               37.0   ,                  4925   ,
2026-09-13 06:47:52 ,        2383.0   ,           1990.0   ,               69.0   ,                          77.0   ,              31   ,                 958   ,         62   ,                       49   ,                       1239   ,                      308   ,                 160.0   ,         1.050   ,               37.0   ,                  4925   ,
2026-09-13 06:47:53 ,        2140.0   ,           1990.0   ,               70.0   ,                          78.0   ,              32   ,                 988   ,         70   ,                       49   ,                       1239   ,                      308   ,                 165.0   ,         0.800   ,               39.0   ,                  4925   ,
2026-09-13 06:47:54 ,        2168.0   ,           1988.0   ,               69.0   ,                          74.0   ,              33   ,                 999   ,         58   ,                       31   ,                       1239   ,                      308   ,                 133.0   ,         0.800   ,               36.0   ,                  4925   ,
2026-09-13 06:47:55 ,        1652.0   ,           1990.0   ,               68.0   ,                          73.0   ,              33   ,                 991   ,         80   ,                       36   ,                       1240   ,                      308   ,                 129.0   ,         0.800   ,               39.0   ,                  4925   ,
2026-09-13 06:47:56 ,         939.0   ,           1988.0   ,               68.0   ,                          72.0   ,              32   ,                 968   ,         85   ,                       24   ,                       1240   ,                      308   ,                 128.0   ,         0.800   ,               40.0   ,                  4924   ,
2026-09-13 06:47:57 ,        1722.0   ,           1990.0   ,               67.0   ,                          71.0   ,              32   ,                 960   ,         70   ,                       39   ,                       1240   ,                      308   ,                 118.0   ,         0.800   ,               40.0   ,                  4924   ,
2026-09-13 06:47:58 ,        2185.0   ,           1988.0   ,               68.0   ,                          74.0   ,              31   ,                 958   ,         64   ,                       37   ,                       1240   ,                      308   ,                 143.0   ,         0.800   ,               39.0   ,                  4924   ,
2026-09-13 06:47:59 ,        2353.0   ,           1990.0   ,               68.0   ,                          76.0   ,              31   ,                 958   ,         60   ,                       35   ,                       1240   ,                      308   ,                 146.0   ,         0.912   ,               38.0   ,                  4922   ,
2026-09-13 06:48:00 ,        1841.0   ,           1992.0   ,               67.0   ,                          72.0   ,              31   ,                 958   ,         77   ,                       39   ,                       1240   ,                      308   ,                 136.0   ,         1.175   ,               39.0   ,                  4922   ,
2026-09-13 06:48:01 ,        1850.0   ,           1988.0   ,               68.0   ,                          74.0   ,              31   ,                 958   ,         69   ,                       39   ,                       1240   ,                      308   ,                 145.0   ,         0.800   ,               40.0   ,                  4923   ,
2026-09-13 06:48:02 ,        1793.0   ,           1990.0   ,               68.0   ,                          73.0   ,              31   ,                 958   ,         80   ,                       43   ,                       1240   ,                      308   ,                 139.0   ,         1.175   ,               39.0   ,                  4923   ,
2026-09-13 06:48:03 ,        1766.0   ,           1988.0   ,               67.0   ,                          73.0   ,              31   ,                 959   ,         80   ,                       40   ,                       1240   ,                      308   ,                 140.0   ,         0.831   ,               39.0   ,                  4922   ,
2026-09-13 06:48:04 ,        1792.0   ,           1990.0   ,               67.0   ,                          73.0   ,              31   ,                 935   ,         73   ,                       40   ,                       1240   ,                      308   ,                 136.0   ,         0.825   ,               40.0   ,                  4921   ,
2026-09-13 06:48:05 ,         500.0   ,            496.0   ,               65.0   ,                          66.0   ,              30   ,                 909   ,         32   ,                       24   ,                       1240   ,                      308   ,                  68.0   ,         0.800   ,               39.0   ,                  4921   ,
2026-09-13 06:48:06 ,        2365.0   ,           1988.0   ,               73.0   ,                          88.0   ,              30   ,                 880   ,         97   ,                       74   ,                       1240   ,                      308   ,                 256.0   ,         1.075   ,               39.0   ,                  4921   ,
2026-09-13 06:48:07 ,        2352.0   ,           1988.0   ,               74.0   ,                          88.0   ,              30   ,                 873   ,         97   ,                       74   ,                       1242   ,                      308   ,                 254.0   ,         1.068   ,               39.0   ,                  4921   ,
2026-09-13 06:48:08 ,        2431.0   ,           1990.0   ,               74.0   ,                          90.0   ,              30   ,                 894   ,         97   ,                       75   ,                       1242   ,                      308   ,                 252.0   ,         1.093   ,               37.0   ,                  4921   ,
2026-09-13 06:48:09 ,        2353.0   ,           1988.0   ,               75.0   ,                          88.0   ,              31   ,                 937   ,         96   ,                       70   ,                       1242   ,                      308   ,                 255.0   ,         1.075   ,               38.0   ,                  4922   ,
2026-09-13 06:48:10 ,        2360.0   ,           1990.0   ,               74.0   ,                          89.0   ,              33   ,                 994   ,         97   ,                       70   ,                       1242   ,                      308   ,                 255.0   ,         1.068   ,               38.0   ,                  4921   ,
2026-09-13 06:48:11 ,        2361.0   ,           1990.0   ,               75.0   ,                          89.0   ,              34   ,                1033   ,         98   ,                       70   ,                       1242   ,                      308   ,                 255.0   ,         1.081   ,               38.0   ,                  4922   ,
2026-09-13 06:48:12 ,        2373.0   ,           1988.0   ,               76.0   ,                          89.0   ,              34   ,                1020   ,         97   ,                       70   ,                       1242   ,                      308   ,                 254.0   ,         1.081   ,               37.0   ,                  4921   ,
2026-09-13 06:48:13 ,        2368.0   ,           1988.0   ,               76.0   ,                          90.0   ,              33   ,                1008   ,         98   ,                       69   ,                       1244   ,                      308   ,                 254.0   ,         1.075   ,               38.0   ,                  4921   ,
2026-09-13 06:48:14 ,        2388.0   ,           1988.0   ,               76.0   ,                          90.0   ,              33   ,                 997   ,         96   ,                       63   ,                       1244   ,                      308   ,                 254.0   ,         1.093   ,               37.0   ,                  4921   ,
2026-09-13 06:48:15 ,        2378.0   ,           1990.0   ,               76.0   ,                          90.0   ,              34   ,                1021   ,         97   ,                       60   ,                       1244   ,                      308   ,                 255.0   ,         1.087   ,               37.0   ,                  4921   ,
2026-09-13 06:48:16 ,        2397.0   ,           1988.0   ,               76.0   ,                          90.0   ,              33   ,                1011   ,         97   ,                       60   ,                       1244   ,                      308   ,                 254.0   ,         1.093   ,               38.0   ,                  4921   ,
2026-09-13 06:48:17 ,        2407.0   ,           1990.0   ,               77.0   ,                          91.0   ,              33   ,                1006   ,         98   ,                       52   ,                       1244   ,                      308   ,                 255.0   ,         1.100   ,               37.0   ,                  4921   ,
2026-09-13 06:48:18 ,        2480.0   ,           1990.0   ,               76.0   ,                          91.0   ,              34   ,                1033   ,         71   ,                       38   ,                       1244   ,                      308   ,                 249.0   ,         1.175   ,               34.0   ,                  4921   ,
2026-09-13 06:48:19 ,        2405.0   ,           1990.0   ,               77.0   ,                          91.0   ,              35   ,                1062   ,         96   ,                       51   ,                       1244   ,                      308   ,                 254.0   ,         1.106   ,               38.0   ,                  4914   ,
2026-09-13 06:48:20 ,        2392.0   ,           1992.0   ,               76.0   ,                          92.0   ,              35   ,                1051   ,         97   ,                       54   ,                       1244   ,                      308   ,                 255.0   ,         1.093   ,               34.0   ,                  4918   ,
2026-09-13 06:48:21 ,        2383.0   ,           1988.0   ,               77.0   ,                          92.0   ,              35   ,                1076   ,         96   ,                       61   ,                       1244   ,                      308   ,                 254.0   ,         1.093   ,               37.0   ,                  4916   ,
2026-09-13 06:48:22 ,        2385.0   ,           1988.0   ,               77.0   ,                          92.0   ,              35   ,                1068   ,         97   ,                       62   ,                       1245   ,                      308   ,                 255.0   ,         1.087   ,               33.0   ,                  4916   ,
2026-09-13 06:48:23 ,        2396.0   ,           1988.0   ,               77.0   ,                          92.0   ,              35   ,                1052   ,         97   ,                       58   ,                       1245   ,                      308   ,                 255.0   ,         1.093   ,               38.0   ,                  4915   ,
2026-09-13 06:48:24 ,        2387.0   ,           1992.0   ,               77.0   ,                          91.0   ,              35   ,                1077   ,         97   ,                       58   ,                       1245   ,                      308   ,                 255.0   ,         1.087   ,               38.0   ,                  4914   ,
2026-09-13 06:48:25 ,        2390.0   ,           1992.0   ,               77.0   ,                          91.0   ,              35   ,                1066   ,         96   ,                       61   ,                       1245   ,                      308   ,                 254.0   ,         1.093   ,               39.0   ,                  4915   ,
2026-09-13 06:48:26 ,        2387.0   ,           1988.0   ,               78.0   ,                          91.0   ,              36   ,                1084   ,         98   ,                       60   ,                       1245   ,                      308   ,                 255.0   ,         1.087   ,               39.0   ,                  4915   ,
2026-09-13 06:48:27 ,        2381.0   ,           1992.0   ,               77.0   ,                          92.0   ,              35   ,                1079   ,         98   ,                       53   ,                       1245   ,                      308   ,                 255.0   ,         1.087   ,               39.0   ,                  4915   ,
2026-09-13 06:48:28 ,        2370.0   ,           1988.0   ,               77.0   ,                          92.0   ,              36   ,                1101   ,         97   ,                       57   ,                       1245   ,                      308   ,                 255.0   ,         1.081   ,               39.0   ,                  4915   ,
2026-09-13 06:48:29 ,        2372.0   ,           1988.0   ,               77.0   ,                          92.0   ,              36   ,                1091   ,         96   ,                       55   ,                       1245   ,                      308   ,                 254.0   ,         1.087   ,               38.0   ,                  4914   ,
2026-09-13 06:48:30 ,        2362.0   ,           1988.0   ,               77.0   ,                          91.0   ,              36   ,                1096   ,         96   ,                       60   ,                       1245   ,                      308   ,                 254.0   ,         1.081   ,               38.0   ,                  4914   ,
2026-09-13 06:48:31 ,        2362.0   ,           1988.0   ,               78.0   ,                          92.0   ,              36   ,                1095   ,         96   ,                       62   ,                       1245   ,                      308   ,                 254.0   ,         1.081   ,               39.0   ,                  4914   ,
2026-09-13 06:48:32 ,        2358.0   ,           1988.0   ,               77.0   ,                          93.0   ,              36   ,                1095   ,         97   ,                       63   ,                       1245   ,                      308   ,                 254.0   ,         1.081   ,               39.0   ,                  4914   ,
2026-09-13 06:48:33 ,        2363.0   ,           1988.0   ,               78.0   ,                          92.0   ,              36   ,                1101   ,         98   ,                       64   ,                       1245   ,                      308   ,                 255.0   ,         1.075   ,               39.0   ,                  4914   ,
2026-09-13 06:48:34 ,        2363.0   ,           1988.0   ,               78.0   ,                          91.0   ,              36   ,                1101   ,         96   ,                       62   ,                       1245   ,                      308   ,                 254.0   ,         1.075   ,               39.0   ,                  4913   ,
2026-09-13 06:48:35 ,        2362.0   ,           1988.0   ,               78.0   ,                          92.0   ,              36   ,                1106   ,         98   ,                       59   ,                       1245   ,                      308   ,                 255.0   ,         1.075   ,               39.0   ,                  4914   ,
2026-09-13 06:48:36 ,        2391.0   ,           1988.0   ,               77.0   ,                          92.0   ,              36   ,                1106   ,         94   ,                       58   ,                       1245   ,                      308   ,                 255.0   ,         1.087   ,               39.0   ,                  4914   ,
2026-09-13 06:48:37 ,        2403.0   ,           1988.0   ,               78.0   ,                          93.0   ,              36   ,                1107   ,         90   ,                       56   ,                       1245   ,                      308   ,                 255.0   ,         1.100   ,               39.0   ,                  4915   ,
2026-09-13 06:48:38 ,        2441.0   ,           1988.0   ,               78.0   ,                          92.0   ,              37   ,                1123   ,         81   ,                       50   ,                       1246   ,                      308   ,                 254.0   ,         1.143   ,               39.0   ,                  4914   ,
2026-09-13 06:48:39 ,        2507.0   ,           1988.0   ,               78.0   ,                          93.0   ,              37   ,                1127   ,         79   ,                       41   ,                       1246   ,                      308   ,                 252.0   ,         1.175   ,               39.0   ,                  4913   ,
2026-09-13 06:48:40 ,        2477.0   ,           1988.0   ,               78.0   ,                          93.0   ,              37   ,                1123   ,         79   ,                       39   ,                       1246   ,                      308   ,                 255.0   ,         1.143   ,               39.0   ,                  4914   ,
2026-09-13 06:48:41 ,        2484.0   ,           1988.0   ,               78.0   ,                          94.0   ,              37   ,                1139   ,         74   ,                       37   ,                       1246   ,                      308   ,                 254.0   ,         1.175   ,               34.0   ,                  4914   ,
2026-09-13 06:48:42 ,        2506.0   ,           1992.0   ,               79.0   ,                          94.0   ,              39   ,                1191   ,         81   ,                       43   ,                       1246   ,                      308   ,                 246.0   ,         1.175   ,               39.0   ,                  4914   ,
2026-09-13 06:48:43 ,        2435.0   ,           1990.0   ,               79.0   ,                          94.0   ,              39   ,                1192   ,         85   ,                       47   ,                       1246   ,                      308   ,                 255.0   ,         1.118   ,               39.0   ,                  4914   ,
2026-09-13 06:48:44 ,        2385.0   ,           1988.0   ,               78.0   ,                          93.0   ,              39   ,                1177   ,         96   ,                       50   ,                       1246   ,                      308   ,                 255.0   ,         1.087   ,               40.0   ,                  4914   ,
2026-09-13 06:48:45 ,        2372.0   ,           1992.0   ,               78.0   ,                          93.0   ,              38   ,                1166   ,         96   ,                       51   ,                       1246   ,                      308   ,                 254.0   ,         1.087   ,               39.0   ,                  4914   ,
2026-09-13 06:48:46 ,        2373.0   ,           1988.0   ,               78.0   ,                          94.0   ,              38   ,                1167   ,         97   ,                       53   ,                       1246   ,                      308   ,                 254.0   ,         1.081   ,               39.0   ,                  4914   ,
2026-09-13 06:48:47 ,        2357.0   ,           1988.0   ,               78.0   ,                          93.0   ,              39   ,                1172   ,         96   ,                       55   ,                       1246   ,                      308   ,                 254.0   ,         1.075   ,               40.0   ,                  4914   ,
2026-09-13 06:48:48 ,        2354.0   ,           1988.0   ,               79.0   ,                          92.0   ,              38   ,                1159   ,         97   ,                       54   ,                       1246   ,                      308   ,                 255.0   ,         1.068   ,               39.0   ,                  4914   ,
2026-09-13 06:48:49 ,        2366.0   ,           1990.0   ,               78.0   ,                          93.0   ,              38   ,                1161   ,         96   ,                       55   ,                       1246   ,                      308   ,                 255.0   ,         1.081   ,               40.0   ,                  4912   ,
2026-09-13 06:48:50 ,        1991.0   ,           1990.0   ,               74.0   ,                          81.0   ,              38   ,                1151   ,         79   ,                       41   ,                       1246   ,                      308   ,                 165.0   ,         1.175   ,               39.0   ,                  4913   ,
2026-09-13 06:48:51 ,        2287.0   ,           1988.0   ,               75.0   ,                          84.0   ,              37   ,                1136   ,         75   ,                       39   ,                       1246   ,                      308   ,                 186.0   ,         1.100   ,               39.0   ,                  4913   ,
2026-09-13 06:48:52 ,        2512.0   ,           1988.0   ,               77.0   ,                          91.0   ,              37   ,                1120   ,         71   ,                       34   ,                       1246   ,                      308   ,                 234.0   ,         1.175   ,               39.0   ,                  4911   ,
2026-09-13 06:48:53 ,        2499.0   ,           1990.0   ,               78.0   ,                          94.0   ,              36   ,                1099   ,         74   ,                       33   ,                       1246   ,                      308   ,                 253.0   ,         1.175   ,               40.0   ,                  4910   ,
2026-09-13 06:48:54 ,        2503.0   ,           1988.0   ,               78.0   ,                          92.0   ,              36   ,                1090   ,         71   ,                       36   ,                       1246   ,                      308   ,                 242.0   ,         1.175   ,               40.0   ,                  4909   ,
2026-09-13 06:48:55 ,         796.0   ,           1870.0   ,               73.0   ,                          77.0   ,              35   ,                1058   ,         49   ,                        9   ,                       1248   ,                      308   ,                 122.0   ,         0.800   ,               37.0   ,                  4910   ,
2026-09-13 06:48:56 ,        2368.0   ,           1990.0   ,               78.0   ,                          92.0   ,              35   ,                1051   ,         96   ,                       52   ,                       1248   ,                      308   ,                 255.0   ,         1.087   ,               37.0   ,                  4910   ,
2026-09-13 06:48:57 ,        2384.0   ,           1990.0   ,               78.0   ,                          93.0   ,              33   ,                1019   ,         96   ,                       49   ,                       1248   ,                      308   ,                 254.0   ,         1.087   ,               38.0   ,                  4910   ,
2026-09-13 06:48:58 ,        2381.0   ,           1988.0   ,               78.0   ,                          93.0   ,              34   ,                1030   ,         95   ,                       56   ,                       1248   ,                      308   ,                 254.0   ,         1.100   ,               36.0   ,                  4909   ,
2026-09-13 06:48:59 ,        2376.0   ,           1990.0   ,               80.0   ,                          93.0   ,              36   ,                1093   ,         97   ,                       53   ,                       1248   ,                      308   ,                 255.0   ,         1.087   ,               37.0   ,                  4908   ,
2026-09-13 06:49:00 ,        2375.0   ,           1990.0   ,               79.0   ,                          93.0   ,              38   ,                1153   ,         96   ,                       51   ,                       1248   ,                      308   ,                 254.0   ,         1.087   ,               35.0   ,                  4909   ,
2026-09-13 06:49:01 ,        2367.0   ,           1988.0   ,               79.0   ,                          94.0   ,              38   ,                1167   ,         96   ,                       53   ,                       1248   ,                      308   ,                 254.0   ,         1.087   ,               37.0   ,                  4908   ,
2026-09-13 06:49:02 ,        2368.0   ,           1988.0   ,               79.0   ,                          94.0   ,              38   ,                1164   ,         95   ,                       52   ,                       1248   ,                      308   ,                 254.0   ,         1.093   ,               35.0   ,                  4908   ,
2026-09-13 06:49:03 ,        2360.0   ,           1988.0   ,               79.0   ,                          94.0   ,              40   ,                1202   ,         97   ,                       55   ,                       1248   ,                      308   ,                 255.0   ,         1.068   ,               38.0   ,                  4908   ,
2026-09-13 06:49:04 ,        2355.0   ,           1988.0   ,               79.0   ,                          93.0   ,              40   ,                1204   ,         96   ,                       61   ,                       1248   ,                      308   ,                 254.0   ,         1.075   ,               36.0   ,                  4907   ,
2026-09-13 06:49:05 ,        2331.0   ,           1988.0   ,               79.0   ,                          93.0   ,              39   ,                1188   ,         98   ,                       62   ,                       1248   ,                      308   ,                 255.0   ,         1.062   ,               38.0   ,                  4908   ,
2026-09-13 06:49:06 ,        2341.0   ,           1988.0   ,               79.0   ,                          93.0   ,              39   ,                1192   ,         96   ,                       63   ,                       1248   ,                      308   ,                 254.0   ,         1.068   ,               39.0   ,                  4908   ,
2026-09-13 06:49:07 ,        2393.0   ,           1990.0   ,               79.0   ,                          94.0   ,              39   ,                1198   ,         91   ,                       50   ,                       1248   ,                      308   ,                 255.0   ,         1.100   ,               40.0   ,                  4907   ,
2026-09-13 06:49:08 ,        2358.0   ,           1988.0   ,               79.0   ,                          93.0   ,              40   ,                1203   ,         97   ,                       61   ,                       1248   ,                      308   ,                 255.0   ,         1.075   ,               39.0   ,                  4907   ,
2026-09-13 06:49:09 ,        2354.0   ,           1988.0   ,               79.0   ,                          93.0   ,              39   ,                1187   ,         97   ,                       64   ,                       1248   ,                      308   ,                 255.0   ,         1.075   ,               39.0   ,                  4906   ,
2026-09-13 06:49:10 ,        2354.0   ,           1988.0   ,               79.0   ,                          93.0   ,              39   ,                1185   ,         96   ,                       63   ,                       1248   ,                      308   ,                 255.0   ,         1.068   ,               35.0   ,                  4907   ,
2026-09-13 06:49:12 ,        2358.0   ,           1990.0   ,               79.0   ,                          94.0   ,              39   ,                1180   ,         97   ,                       65   ,                       1248   ,                      308   ,                 255.0   ,         1.081   ,               39.0   ,                  4907   ,
2026-09-13 06:49:13 ,         498.0   ,            400.0   ,               73.0   ,                          75.0   ,              39   ,                1175   ,         37   ,                       26   ,                       1248   ,                      308   ,                  85.0   ,         0.800   ,               39.0   ,                  4907   ,
2026-09-13 06:49:14 ,        2485.0   ,           1988.0   ,               79.0   ,                          93.0   ,              39   ,                1174   ,         75   ,                       42   ,                       1248   ,                      308   ,                 254.0   ,         1.175   ,               40.0   ,                  4907   ,
2026-09-13 06:49:15 ,        2480.0   ,           1988.0   ,               79.0   ,                          94.0   ,              38   ,                1163   ,         77   ,                       46   ,                       1248   ,                      308   ,                 254.0   ,         1.150   ,               40.0   ,                  4906   ,
2026-09-13 06:49:16 ,        2474.0   ,           1988.0   ,               80.0   ,                          93.0   ,              38   ,                1142   ,         74   ,                       43   ,                       1248   ,                      308   ,                 254.0   ,         1.168   ,               40.0   ,                  4907   ,
2026-09-13 06:49:17 ,        2484.0   ,           1988.0   ,               80.0   ,                          95.0   ,              38   ,                1161   ,         75   ,                       44   ,                       1248   ,                      308   ,                 254.0   ,         1.162   ,               40.0   ,                  4907   ,
2026-09-13 06:49:18 ,        2491.0   ,           1988.0   ,               80.0   ,                          95.0   ,              40   ,                1219   ,         77   ,                       45   ,                       1248   ,                      308   ,                 255.0   ,         1.137   ,               38.0   ,                  4907   ,
2026-09-13 06:49:19 ,        2360.0   ,           1988.0   ,               80.0   ,                          94.0   ,              41   ,                1246   ,         98   ,                       50   ,                       1248   ,                      308   ,                 254.0   ,         1.087   ,               35.0   ,                  4907   ,
2026-09-13 06:49:20 ,        2347.0   ,           1988.0   ,               80.0   ,                          94.0   ,              40   ,                1223   ,         99   ,                       50   ,                       1248   ,                      308   ,                 255.0   ,         1.068   ,               34.0   ,                  4906   ,
2026-09-13 06:49:21 ,        2370.0   ,           1990.0   ,               80.0   ,                          95.0   ,              41   ,                1240   ,         97   ,                       48   ,                       1248   ,                      308   ,                 254.0   ,         1.093   ,               38.0   ,                  4907   ,
2026-09-13 06:49:22 ,        2363.0   ,           1988.0   ,               80.0   ,                          95.0   ,              41   ,                1233   ,         98   ,                       51   ,                       1248   ,                      308   ,                 254.0   ,         1.081   ,               38.0   ,                  4906   ,
2026-09-13 06:49:23 ,        2365.0   ,           1990.0   ,               80.0   ,                          94.0   ,              41   ,                1244   ,         98   ,                       48   ,                       1248   ,                      308   ,                 254.0   ,         1.081   ,               35.0   ,                  4906   ,
2026-09-13 06:49:24 ,        2366.0   ,           1990.0   ,               80.0   ,                          94.0   ,              40   ,                1229   ,         97   ,                       49   ,                       1248   ,                      308   ,                 254.0   ,         1.087   ,               38.0   ,                  4906   ,
2026-09-13 06:49:25 ,        2359.0   ,           1988.0   ,               79.0   ,                          94.0   ,              41   ,                1247   ,         99   ,                       50   ,                       1248   ,                      308   ,                 255.0   ,         1.075   ,               36.0   ,                  4906   ,
2026-09-13 06:49:26 ,        2357.0   ,           1988.0   ,               80.0   ,                          95.0   ,              41   ,                1230   ,         99   ,                       50   ,                       1248   ,                      308   ,                 254.0   ,         1.075   ,               38.0   ,                  4906   ,
2026-09-13 06:49:27 ,        2367.0   ,           1990.0   ,               80.0   ,                          94.0   ,              41   ,                1243   ,         98   ,                       49   ,                       1248   ,                      308   ,                 254.0   ,         1.087   ,               37.0   ,                  4906   ,
2026-09-13 06:49:28 ,        2374.0   ,           1988.0   ,               79.0   ,                          94.0   ,              40   ,                1223   ,         97   ,                       51   ,                       1248   ,                      308   ,                 254.0   ,         1.081   ,               38.0   ,                  4906   ,
2026-09-13 06:49:29 ,        2365.0   ,           1988.0   ,               80.0   ,                          94.0   ,              41   ,                1240   ,         99   ,                       51   ,                       1248   ,                      308   ,                 255.0   ,         1.075   ,               39.0   ,                  4906   ,
2026-09-13 06:49:30 ,        2381.0   ,           1988.0   ,               80.0   ,                          96.0   ,              40   ,                1221   ,         94   ,                       52   ,                       1263   ,                      308   ,                 253.0   ,         1.087   ,               37.0   ,                  4906   ,
2026-09-13 06:49:31 ,        2342.0   ,           1988.0   ,               80.0   ,                          95.0   ,              40   ,                1214   ,         95   ,                       42   ,                       1263   ,                      308   ,                 254.0   ,         1.068   ,               35.0   ,                  4906   ,
2026-09-13 06:49:32 ,        2338.0   ,           1988.0   ,               80.0   ,                          95.0   ,              40   ,                1216   ,         96   ,                       41   ,                       1263   ,                      308   ,                 255.0   ,         1.075   ,               35.0   ,                  4906   ,
2026-09-13 06:49:33 ,        2334.0   ,           1990.0   ,               80.0   ,                          95.0   ,              40   ,                1221   ,         98   ,                       46   ,                       1263   ,                      308   ,                 254.0   ,         1.068   ,               38.0   ,                  4906   ,
2026-09-13 06:49:34 ,        2330.0   ,           1988.0   ,               80.0   ,                          94.0   ,              41   ,                1245   ,         99   ,                       51   ,                       1263   ,                      308   ,                 255.0   ,         1.062   ,               38.0   ,                  4906   ,
2026-09-13 06:49:35 ,        2336.0   ,           1988.0   ,               80.0   ,                          94.0   ,              41   ,                1256   ,         98   ,                       50   ,                       1263   ,                      308   ,                 255.0   ,         1.068   ,               37.0   ,                  4906   ,
2026-09-13 06:49:36 ,        2356.0   ,           1990.0   ,               80.0   ,                          95.0   ,              41   ,                1253   ,         96   ,                       45   ,                       1263   ,                      308   ,                 255.0   ,         1.081   ,               37.0   ,                  4906   ,
2026-09-13 06:49:37 ,        2363.0   ,           1988.0   ,               81.0   ,                          95.0   ,              41   ,                1253   ,         97   ,                       46   ,                       1263   ,                      308   ,                 255.0   ,         1.081   ,               36.0   ,                  4906   ,
2026-09-13 06:49:38 ,        2362.0   ,           1988.0   ,               80.0   ,                          96.0   ,              41   ,                1253   ,         96   ,                       47   ,                       1263   ,                      308   ,                 254.0   ,         1.081   ,               37.0   ,                  4906   ,
2026-09-13 06:49:39 ,        2343.0   ,           1988.0   ,               80.0   ,                          95.0   ,              42   ,                1267   ,         97   ,                       48   ,                       1263   ,                      308   ,                 255.0   ,         1.068   ,               35.0   ,                  4906   ,
2026-09-13 06:49:40 ,        2345.0   ,           1988.0   ,               80.0   ,                          95.0   ,              42   ,                1271   ,         96   ,                       48   ,                       1263   ,                      308   ,                 255.0   ,         1.068   ,               38.0   ,                  4905   ,
2026-09-13 06:49:41 ,         738.0   ,           1830.0   ,               79.0   ,                          86.0   ,              42   ,                1267   ,         13   ,                        5   ,                       1266   ,                      308   ,                 208.0   ,         0.800   ,               39.0   ,                  4906   ,
2026-09-13 06:49:42 ,        2345.0   ,           1988.0   ,               80.0   ,                          94.0   ,              41   ,                1258   ,         96   ,                       53   ,                       1266   ,                      308   ,                 254.0   ,         1.068   ,               39.0   ,                  4906   ,
2026-09-13 06:49:43 ,        2345.0   ,           1990.0   ,               80.0   ,                          95.0   ,              41   ,                1255   ,         96   ,                       54   ,                       1266   ,                      308   ,                 254.0   ,         1.081   ,               40.0   ,                  4906   ,
2026-09-13 06:49:44 ,        2349.0   ,           1988.0   ,               80.0   ,                          95.0   ,              41   ,                1230   ,         97   ,                       53   ,                       1266   ,                      308   ,                 255.0   ,         1.068   ,               40.0   ,                  4906   ,
2026-09-13 06:49:45 ,        2428.0   ,           1988.0   ,               80.0   ,                          96.0   ,              40   ,                1218   ,         86   ,                       43   ,                       1266   ,                      308   ,                 255.0   ,         1.112   ,               40.0   ,                  4905   ,
2026-09-13 06:49:46 ,        2444.0   ,           1988.0   ,               80.0   ,                          96.0   ,              40   ,                1217   ,         86   ,                       37   ,                       1266   ,                      308   ,                 255.0   ,         1.131   ,               40.0   ,                  4906   ,
2026-09-13 06:49:47 ,        2142.0   ,           1988.0   ,               76.0   ,                          84.0   ,              41   ,                1235   ,         72   ,                       28   ,                       1266   ,                      308   ,                 161.0   ,         0.906   ,               41.0   ,                  4906   ,
2026-09-13 06:49:48 ,        1804.0   ,           1988.0   ,               73.0   ,                          78.0   ,              40   ,                1219   ,         70   ,                       23   ,                       1266   ,                      308   ,                 126.0   ,         0.800   ,               40.0   ,                  4906   ,
2026-09-13 06:49:49 ,        2055.0   ,           1988.0   ,               72.0   ,                          76.0   ,              40   ,                1215   ,         52   ,                       23   ,                       1266   ,                      308   ,                 113.0   ,         0.800   ,               40.0   ,                  4906   ,
2026-09-13 06:49:50 ,        1269.0   ,           1988.0   ,               71.0   ,                          75.0   ,              39   ,                1187   ,         74   ,                       23   ,                       1266   ,                      308   ,                 113.0   ,         0.800   ,               40.0   ,                  4906   ,
2026-09-13 06:49:51 ,        1045.0   ,           1988.0   ,               71.0   ,                          74.0   ,              39   ,                1176   ,         80   ,                       21   ,                       1266   ,                      308   ,                 108.0   ,         0.800   ,               40.0   ,                  4906   ,
2026-09-13 06:49:52 ,        1698.0   ,           1988.0   ,               70.0   ,                          74.0   ,              38   ,                1151   ,         59   ,                       26   ,                       1271   ,                      308   ,                 108.0   ,         0.800   ,               39.0   ,                  4907   ,
2026-09-13 06:49:53 ,        1201.0   ,           1988.0   ,               70.0   ,                          74.0   ,              37   ,                1138   ,         87   ,                       27   ,                       1271   ,                      308   ,                 121.0   ,         1.006   ,               40.0   ,                  4907   ,
2026-09-13 06:49:54 ,        1019.0   ,           1988.0   ,               70.0   ,                          75.0   ,              37   ,                1116   ,         67   ,                       16   ,                       1271   ,                      308   ,                 116.0   ,         0.800   ,               40.0   ,                  4907   ,
2026-09-13 06:49:55 ,        1490.0   ,           1990.0   ,               71.0   ,                          76.0   ,              36   ,                1098   ,         83   ,                       33   ,                       1271   ,                      308   ,                 134.0   ,         0.887   ,               40.0   ,                  4906   ,
2026-09-13 06:49:56 ,        2102.0   ,           1988.0   ,               72.0   ,                          78.0   ,              36   ,                1082   ,         70   ,                       39   ,                       1271   ,                      308   ,                 152.0   ,         0.800   ,               40.0   ,                  4907   ,
2026-09-13 06:49:57 ,        2512.0   ,           1988.0   ,               75.0   ,                          89.0   ,              35   ,                1058   ,         69   ,                       45   ,                       1271   ,                      308   ,                 232.0   ,         1.175   ,               39.0   ,                  4907   ,
2026-09-13 06:49:58 ,        1745.0   ,           1990.0   ,               74.0   ,                          81.0   ,              34   ,                1049   ,         60   ,                       25   ,                       1271   ,                      308   ,                 162.0   ,         0.800   ,               38.0   ,                  4908   ,
2026-09-13 06:49:59 ,        1840.0   ,           1990.0   ,               70.0   ,                          73.0   ,              33   ,                1017   ,         59   ,                       24   ,                       1271   ,                      308   ,                  93.0   ,         0.800   ,               40.0   ,                  4908   ,
2026-09-13 06:50:00 ,         850.0   ,           1990.0   ,               69.0   ,                          71.0   ,              33   ,                1008   ,         82   ,                       20   ,                       1271   ,                      308   ,                  90.0   ,         0.800   ,               40.0   ,                  4910   ,
2026-09-13 06:50:01 ,        1652.0   ,           1990.0   ,               68.0   ,                          72.0   ,              32   ,                 978   ,         59   ,                       24   ,                       1271   ,                      308   ,                  99.0   ,         0.800   ,               40.0   ,                  4911   ,
2026-09-13 06:50:02 ,        1144.0   ,           1988.0   ,               69.0   ,                          71.0   ,              30   ,                 916   ,         88   ,                       30   ,                       1271   ,                      308   ,                  99.0   ,         1.175   ,               40.0   ,                  4911   ,
2026-09-13 06:50:03 ,        1259.0   ,           1988.0   ,               68.0   ,                          72.0   ,              30   ,                 850   ,         70   ,                       24   ,                       1271   ,                      308   ,                 102.0   ,         0.800   ,               40.0   ,                  4911   ,
2026-09-13 06:50:04 ,         967.0   ,           1988.0   ,               68.0   ,                          71.0   ,              30   ,                 833   ,         84   ,                       25   ,                       1271   ,                      308   ,                  98.0   ,         0.800   ,               35.0   ,                  4911   ,
2026-09-13 06:50:05 ,         997.0   ,           1988.0   ,               68.0   ,                          71.0   ,              30   ,                 827   ,         82   ,                       20   ,                       1271   ,                      308   ,                  98.0   ,         0.800   ,               40.0   ,                  4911   ,
2026-09-13 06:50:06 ,        1803.0   ,           1988.0   ,               67.0   ,                          72.0   ,              30   ,                 826   ,         63   ,                       28   ,                       1271   ,                      308   ,                  98.0   ,         1.175   ,               41.0   ,                  4912   ,
2026-09-13 06:50:07 ,        2509.0   ,           1988.0   ,               74.0   ,                          88.0   ,              30   ,                 825   ,         80   ,                       52   ,                       1271   ,                      308   ,                 252.0   ,         1.175   ,               41.0   ,                  4912   ,
2026-09-13 06:50:08 ,         977.0   ,           1902.0   ,               68.0   ,                          70.0   ,              30   ,                 825   ,         92   ,                       28   ,                       1271   ,                      308   ,                  86.0   ,         1.175   ,               40.0   ,                  4912   ,
2026-09-13 06:50:09 ,        1324.0   ,           1988.0   ,               68.0   ,                          71.0   ,              30   ,                 825   ,         74   ,                       24   ,                       1271   ,                      308   ,                  90.0   ,         1.175   ,               40.0   ,                  4911   ,
2026-09-13 06:50:10 ,        2511.0   ,           1988.0   ,               74.0   ,                          88.0   ,              30   ,                 826   ,         78   ,                       55   ,                       1271   ,                      308   ,                 248.0   ,         1.175   ,               41.0   ,                  4911   ,
2026-09-13 06:50:11 ,        2477.0   ,           1988.0   ,               77.0   ,                          91.0   ,              30   ,                 826   ,         76   ,                       52   ,                       1271   ,                      308   ,                 255.0   ,         1.175   ,               40.0   ,                  4911   ,
2026-09-13 06:50:12 ,        2446.0   ,           1988.0   ,               77.0   ,                          92.0   ,              30   ,                 859   ,         84   ,                       60   ,                       1271   ,                      308   ,                 255.0   ,         1.125   ,               40.0   ,                  4911   ,
2026-09-13 06:50:13 ,        2427.0   ,           1988.0   ,               77.0   ,                          91.0   ,              30   ,                 912   ,         85   ,                       60   ,                       1271   ,                      308   ,                 254.0   ,         1.125   ,               40.0   ,                  4911   ,
2026-09-13 06:50:14 ,        2397.0   ,           1990.0   ,               77.0   ,                          92.0   ,              32   ,                 976   ,         90   ,                       61   ,                       1271   ,                      308   ,                 254.0   ,         1.100   ,               41.0   ,                  4912   ,
2026-09-13 06:50:15 ,        2416.0   ,           1988.0   ,               77.0   ,                          91.0   ,              34   ,                1031   ,         86   ,                       62   ,                       1271   ,                      308   ,                 254.0   ,         1.112   ,               40.0   ,                  4911   ,
2026-09-13 06:50:16 ,        2427.0   ,           1988.0   ,               77.0   ,                          92.0   ,              34   ,                1035   ,         87   ,                       58   ,                       1271   ,                      308   ,                 254.0   ,         1.112   ,               40.0   ,                  4911   ,
2026-09-13 06:50:17 ,        2400.0   ,           1988.0   ,               78.0   ,                          93.0   ,              33   ,                1016   ,         90   ,                       64   ,                       1271   ,                      308   ,                 255.0   ,         1.093   ,               40.0   ,                  4911   ,
2026-09-13 06:50:18 ,        2378.0   ,           1988.0   ,               78.0   ,                          93.0   ,              35   ,                1073   ,         94   ,                       64   ,                       1271   ,                      308   ,                 255.0   ,         1.087   ,               40.0   ,                  4911   ,
2026-09-13 06:50:19 ,        2380.0   ,           1988.0   ,               78.0   ,                          92.0   ,              36   ,                1091   ,         92   ,                       68   ,                       1271   ,                      308   ,                 254.0   ,         1.093   ,               41.0   ,                  4911   ,
2026-09-13 06:50:20 ,        2382.0   ,           1988.0   ,               78.0   ,                          92.0   ,              37   ,                1116   ,         90   ,                       65   ,                       1271   ,                      308   ,                 255.0   ,         1.100   ,               41.0   ,                  4910   ,
2026-09-13 06:50:21 ,        2478.0   ,           1992.0   ,               79.0   ,                          93.0   ,              37   ,                1130   ,         78   ,                       49   ,                       1271   ,                      308   ,                 254.0   ,         1.150   ,               38.0   ,                  4911   ,
2026-09-13 06:50:22 ,        2429.0   ,           1988.0   ,               79.0   ,                          93.0   ,              37   ,                1124   ,         87   ,                       56   ,                       1271   ,                      308   ,                 255.0   ,         1.112   ,               40.0   ,                  4911   ,
2026-09-13 06:50:23 ,        2391.0   ,           1990.0   ,               78.0   ,                          93.0   ,              38   ,                1164   ,         93   ,                       68   ,                       1271   ,                      308   ,                 256.0   ,         1.081   ,               40.0   ,                  4911   ,
2026-09-13 06:50:24 ,        2397.0   ,           1988.0   ,               79.0   ,                          92.0   ,              39   ,                1172   ,         92   ,                       65   ,                       1271   ,                      308   ,                 254.0   ,         1.106   ,               41.0   ,                  4911   ,
2026-09-13 06:50:25 ,        2504.0   ,           1988.0   ,               79.0   ,                          94.0   ,              38   ,                1166   ,         74   ,                       41   ,                       1271   ,                      308   ,                 252.0   ,         1.175   ,               41.0   ,                  4910   ,
2026-09-13 06:50:26 ,        1932.0   ,           1988.0   ,               75.0   ,                          83.0   ,              39   ,                1175   ,         79   ,                       38   ,                       1271   ,                      308   ,                 171.0   ,         1.162   ,               41.0   ,                  4911   ,
2026-09-13 06:50:27 ,        2512.0   ,           1988.0   ,               77.0   ,                          92.0   ,              39   ,                1174   ,         71   ,                       38   ,                       1271   ,                      308   ,                 245.0   ,         1.175   ,               41.0   ,                  4911   ,
2026-09-13 06:50:28 ,        2508.0   ,           1988.0   ,               78.0   ,                          92.0   ,              38   ,                1158   ,         68   ,                       41   ,                       1271   ,                      308   ,                 242.0   ,         1.175   ,               41.0   ,                  4911   ,
2026-09-13 06:50:29 ,        2332.0   ,           1988.0   ,               77.0   ,                          88.0   ,              38   ,                1140   ,         68   ,                       36   ,                       1271   ,                      308   ,                 206.0   ,         1.175   ,               38.0   ,                  4911   ,
2026-09-13 06:50:30 ,        2470.0   ,           1988.0   ,               79.0   ,                          95.0   ,              37   ,                1129   ,         80   ,                       50   ,                       1271   ,                      308   ,                 254.0   ,         1.150   ,               42.0   ,                  4910   ,
2026-09-13 06:50:31 ,        2453.0   ,           1988.0   ,               79.0   ,                          94.0   ,              37   ,                1120   ,         81   ,                       51   ,                       1271   ,                      308   ,                 255.0   ,         1.137   ,               41.0   ,                  4910   ,
2026-09-13 06:50:32 ,         501.0   ,           1724.0   ,               71.0   ,                          72.0   ,              39   ,                1183   ,         21   ,                        6   ,                       1271   ,                      308   ,                  51.0   ,         0.800   ,               41.0   ,                  4911   ,
2026-09-13 06:50:33 ,        1924.0   ,           1988.0   ,               73.0   ,                          78.0   ,              39   ,                1175   ,         69   ,                       40   ,                       1271   ,                      308   ,                 136.0   ,         0.800   ,               42.0   ,                  4910   ,
2026-09-13 06:50:34 ,        2229.0   ,           1988.0   ,               72.0   ,                          78.0   ,              39   ,                1173   ,         66   ,                       38   ,                       1271   ,                      308   ,                 143.0   ,         0.918   ,               40.0   ,                  4911   ,
2026-09-13 06:50:35 ,        1952.0   ,           1990.0   ,               73.0   ,                          78.0   ,              38   ,                1149   ,         74   ,                       42   ,                       1271   ,                      308   ,                 149.0   ,         0.968   ,               41.0   ,                  4910   ,
2026-09-13 06:50:36 ,        1982.0   ,           1988.0   ,               71.0   ,                          78.0   ,              37   ,                1137   ,         76   ,                       45   ,                       1271   ,                      308   ,                 141.0   ,         0.843   ,               41.0   ,                  4910   ,
2026-09-13 06:50:37 ,        1586.0   ,           1988.0   ,               71.0   ,                          76.0   ,              37   ,                1116   ,         82   ,                       42   ,                       1274   ,                      309   ,                 133.0   ,         0.881   ,               42.0   ,                  4931   ,
2026-09-13 06:50:38 ,        1650.0   ,           1990.0   ,               71.0   ,                          77.0   ,              36   ,                1098   ,         79   ,                       40   ,                       1275   ,                      309   ,                 137.0   ,         0.800   ,               41.0   ,                  4933   ,
2026-09-13 06:50:39 ,        2117.0   ,           1988.0   ,               72.0   ,                          78.0   ,              36   ,                1082   ,         72   ,                       43   ,                       1275   ,                      309   ,                 153.0   ,         1.056   ,               42.0   ,                  4936   ,
2026-09-13 06:50:40 ,        1927.0   ,           1988.0   ,               71.0   ,                          77.0   ,              35   ,                1057   ,         70   ,                       42   ,                       1275   ,                      309   ,                 140.0   ,         0.800   ,               39.0   ,                  4931   ,
2026-09-13 06:50:41 ,        2291.0   ,           1988.0   ,               72.0   ,                          80.0   ,              35   ,                1050   ,         61   ,                       41   ,                       1275   ,                      309   ,                 158.0   ,         1.075   ,               41.0   ,                  4935   ,
2026-09-13 06:50:42 ,        1766.0   ,           1988.0   ,               71.0   ,                          76.0   ,              33   ,                1017   ,         76   ,                       44   ,                       1275   ,                      309   ,                 137.0   ,         1.012   ,               41.0   ,                  4934   ,
2026-09-13 06:50:43 ,         937.0   ,           1988.0   ,               70.0   ,                          73.0   ,              33   ,                1010   ,         17   ,                        8   ,                       1275   ,                      309   ,                 115.0   ,         0.800   ,               41.0   ,                  4935   ,
2026-09-13 06:50:44 ,        2474.0   ,           1988.0   ,               76.0   ,                          88.0   ,              32   ,                 978   ,         67   ,                       45   ,                       1275   ,                      309   ,                 223.0   ,         1.100   ,               41.0   ,                  4935   ,
2026-09-13 06:50:45 ,        2035.0   ,           1988.0   ,               73.0   ,                          80.0   ,              32   ,                 975   ,         72   ,                       42   ,                       1275   ,                      309   ,                 169.0   ,         0.881   ,               41.0   ,                  4933   ,
2026-09-13 06:50:46 ,        2029.0   ,           1988.0   ,               72.0   ,                          78.0   ,              33   ,                1003   ,         78   ,                       44   ,                       1275   ,                      309   ,                 147.0   ,         1.025   ,               39.0   ,                  4934   ,
2026-09-13 06:50:47 ,        1922.0   ,           1988.0   ,               71.0   ,                          77.0   ,              33   ,                1005   ,         73   ,                       39   ,                       1275   ,                      309   ,                 150.0   ,         0.912   ,               41.0   ,                  4935   ,
2026-09-13 06:50:48 ,        2511.0   ,           1990.0   ,               73.0   ,                          86.0   ,              33   ,                1006   ,         79   ,                       49   ,                       1275   ,                      309   ,                 216.0   ,         1.175   ,               42.0   ,                  4935   ,
2026-09-13 06:50:49 ,        1986.0   ,           1988.0   ,               72.0   ,                          78.0   ,              33   ,                 997   ,         59   ,                       38   ,                       1275   ,                      309   ,                 132.0   ,         0.800   ,               39.0   ,                  4935   ,
2026-09-13 06:50:50 ,        1902.0   ,           1988.0   ,               71.0   ,                          77.0   ,              33   ,                1003   ,         67   ,                       39   ,                       1275   ,                      309   ,                 139.0   ,         1.175   ,               41.0   ,                  4935   ,
2026-09-13 06:50:51 ,        2154.0   ,           1988.0   ,               70.0   ,                          77.0   ,              32   ,                 964   ,         58   ,                       40   ,                       1283   ,                      309   ,                 138.0   ,         0.800   ,               39.0   ,                  4935   ,
2026-09-13 06:50:52 ,        1618.0   ,           1992.0   ,               71.0   ,                          77.0   ,              30   ,                 900   ,         82   ,                       47   ,                       1275   ,                      309   ,                 143.0   ,         1.125   ,               41.0   ,                  4935   ,
2026-09-13 06:50:53 ,        1362.0   ,           1988.0   ,               70.0   ,                          75.0   ,              30   ,                 847   ,         89   ,                       43   ,                       1275   ,                      309   ,                 132.0   ,         1.175   ,               41.0   ,                  4935   ,
2026-09-13 06:50:54 ,        2142.0   ,           1988.0   ,               71.0   ,                          77.0   ,              30   ,                 832   ,         60   ,                       39   ,                       1275   ,                      309   ,                 142.0   ,         1.000   ,               41.0   ,                  4935   ,
2026-09-13 06:50:55 ,        2172.0   ,           1988.0   ,               71.0   ,                          77.0   ,              30   ,                 828   ,         64   ,                       46   ,                       1275   ,                      309   ,                 147.0   ,         0.800   ,               41.0   ,                  4935   ,
2026-09-13 06:50:56 ,         925.0   ,           1990.0   ,               71.0   ,                          76.0   ,              30   ,                 826   ,         83   ,                       29   ,                       1275   ,                      309   ,                 146.0   ,         0.800   ,               41.0   ,                  4935   ,
2026-09-13 06:50:57 ,        2154.0   ,           1988.0   ,               72.0   ,                          78.0   ,              30   ,                 826   ,         67   ,                       44   ,                       1275   ,                      309   ,                 158.0   ,         0.925   ,               41.0   ,                  4935   ,
2026-09-13 06:50:58 ,        2064.0   ,           1988.0   ,               72.0   ,                          79.0   ,              30   ,                 826   ,         67   ,                       46   ,                       1275   ,                      309   ,                 167.0   ,         0.993   ,               41.0   ,                  4935   ,
2026-09-13 06:50:59 ,        2388.0   ,           1990.0   ,               75.0   ,                          86.0   ,              30   ,                 826   ,         70   ,                       49   ,                       1275   ,                      309   ,                 208.0   ,         0.975   ,               42.0   ,                  4935   ,
2026-09-13 06:51:00 ,         511.0   ,           1426.0   ,               70.0   ,                          73.0   ,              30   ,                 861   ,         52   ,                       16   ,                       1275   ,                      309   ,                  96.0   ,         0.800   ,               41.0   ,                  4935   ,
2026-09-13 06:51:01 ,        2387.0   ,           1988.0   ,               78.0   ,                          91.0   ,              30   ,                 900   ,         96   ,                       59   ,                       1275   ,                      309   ,                 254.0   ,         1.100   ,               41.0   ,                  4935   ,
2026-09-13 06:51:02 ,        2386.0   ,           1988.0   ,               78.0   ,                          92.0   ,              32   ,                 961   ,         98   ,                       62   ,                       1275   ,                      309   ,                 254.0   ,         1.093   ,               40.0   ,                  4935   ,
2026-09-13 06:51:03 ,        2377.0   ,           1990.0   ,               79.0   ,                          92.0   ,              34   ,                1020   ,         98   ,                       61   ,                       1275   ,                      309   ,                 255.0   ,         1.087   ,               41.0   ,                  4935   ,
2026-09-13 06:51:04 ,        2388.0   ,           1988.0   ,               78.0   ,                          92.0   ,              34   ,                1036   ,         96   ,                       64   ,                       1275   ,                      309   ,                 254.0   ,         1.093   ,               41.0   ,                  4935   ,
2026-09-13 06:51:05 ,        2384.0   ,           1990.0   ,               78.0   ,                          93.0   ,              34   ,                1029   ,         98   ,                       63   ,                       1275   ,                      309   ,                 255.0   ,         1.081   ,               39.0   ,                  4935   ,
2026-09-13 06:51:06 ,        2366.0   ,           1988.0   ,               78.0   ,                          92.0   ,              36   ,                1084   ,         96   ,                       63   ,                       1275   ,                      309   ,                 255.0   ,         1.093   ,               41.0   ,                  4935   ,
2026-09-13 06:51:07 ,        2359.0   ,           1990.0   ,               78.0   ,                          92.0   ,              36   ,                1096   ,         97   ,                       65   ,                       1275   ,                      309   ,                 255.0   ,         1.081   ,               41.0   ,                  4935   ,
2026-09-13 06:51:08 ,        2370.0   ,           1990.0   ,               79.0   ,                          93.0   ,              37   ,                1116   ,         96   ,                       64   ,                       1275   ,                      309   ,                 254.0   ,         1.081   ,               41.0   ,                  4935   ,
2026-09-13 06:51:09 ,        2370.0   ,           1988.0   ,               78.0   ,                          93.0   ,              37   ,                1129   ,         97   ,                       63   ,                       1275   ,                      309   ,                 254.0   ,         1.081   ,               37.0   ,                  4935   ,
2026-09-13 06:51:10 ,         516.0   ,           1988.0   ,               74.0   ,                          77.0   ,              38   ,                1146   ,         72   ,                       28   ,                       1166   ,                      309   ,                 117.0   ,         0.800   ,               37.0   ,                  4938   ,
2026-09-13 06:51:11 ,         755.0   ,           1990.0   ,               68.0   ,                          71.0   ,              38   ,                1155   ,         69   ,                       34   ,                       1166   ,                      309   ,                  58.0   ,         0.800   ,               39.0   ,                  4935   ,
2026-09-13 06:51:12 ,         766.0   ,           1990.0   ,               68.0   ,                          71.0   ,              37   ,                1138   ,         69   ,                       35   ,                       1166   ,                      309   ,                  58.0   ,         0.800   ,               37.0   ,                  4937   ,
2026-09-13 06:51:13 ,         767.0   ,           1988.0   ,               67.0   ,                          70.0   ,              37   ,                1133   ,         70   ,                       36   ,                       1166   ,                      309   ,                  58.0   ,         0.800   ,               38.0   ,                  4938   ,
2026-09-13 06:51:14 ,         623.0   ,           1990.0   ,               66.0   ,                          69.0   ,              36   ,                1102   ,         73   ,                       33   ,                       1166   ,                      309   ,                  57.0   ,         0.800   ,               37.0   ,                  4938   ,
2026-09-13 06:51:15 ,         499.0   ,             82.0   ,               66.0   ,                          67.0   ,              36   ,                1094   ,         25   ,                        1   ,                        252   ,                       51   ,                  34.0   ,         0.800   ,               32.0   ,                  4257   ,
2026-09-13 06:51:16 ,         498.0   ,             20.0   ,               64.0   ,                          64.0   ,              35   ,                1068   ,          3   ,                        1   ,                        252   ,                       51   ,                  20.0   ,         0.800   ,               31.0   ,                  4251   ,
2026-09-13 06:51:17 ,         498.0   ,             18.0   ,               63.0   ,                          64.0   ,              35   ,                1060   ,          2   ,                        1   ,                        252   ,                       51   ,                  20.0   ,         0.800   ,               31.0   ,                  4256   ,
2026-09-13 06:51:18 ,         497.0   ,             18.0   ,               63.0   ,                          63.0   ,              34   ,                1034   ,          2   ,                        1   ,                        252   ,                       51   ,                  20.0   ,         0.800   ,               30.0   ,                  4256   ,
2026-09-13 06:51:19 ,         497.0   ,             16.0   ,               63.0   ,                          63.0   ,              33   ,                1019   ,          0   ,                        1   ,                        252   ,                       51   ,                  20.0   ,         0.800   ,               30.0   ,                  4256   ,
2026-09-13 06:51:20 ,         497.0   ,             14.0   ,               62.0   ,                          62.0   ,              33   ,                1003   ,          1   ,                        1   ,                        252   ,                       51   ,                  20.0   ,         0.800   ,               30.0   ,                  4255   ,
2026-09-13 06:51:21 ,         497.0   ,              8.0   ,               62.0   ,                          62.0   ,              31   ,                 954   ,          0   ,                        1   ,                        252   ,                       51   ,                  19.0   ,         0.800   ,               29.0   ,                  4256   ,
2026-09-13 06:51:23 ,         497.0   ,              8.0   ,               62.0   ,                          62.0   ,              30   ,                 871   ,          0   ,                        1   ,                        252   ,                       51   ,                  19.0   ,         0.800   ,               29.0   ,                  4256   ,
2026-09-13 06:51:24 ,         497.0   ,             10.0   ,               61.0   ,                          61.0   ,              30   ,                 843   ,          0   ,                        1   ,                        252   ,                       51   ,                  18.0   ,         0.800   ,               30.0   ,                  4256   ,
2026-09-13 06:51:25 ,         497.0   ,             16.0   ,               61.0   ,                          61.0   ,              30   ,                 835   ,          1   ,                        1   ,                        252   ,                       51   ,                  18.0   ,         0.800   ,               29.0   ,                  4256   ,
2026-09-13 06:51:26 ,         497.0   ,             20.0   ,               61.0   ,                          61.0   ,              30   ,                 832   ,          2   ,                        1   ,                        252   ,                       51   ,                  18.0   ,         0.800   ,               29.0   ,                  4255   ,
2026-09-13 06:51:27 ,         497.0   ,             12.0   ,               60.0   ,                          61.0   ,              30   ,                 830   ,          0   ,                        1   ,                        252   ,                       51   ,                  18.0   ,         0.800   ,               29.0   ,                  4255   ,
2026-09-13 06:51:28 ,         497.0   ,             16.0   ,               60.0   ,                          60.0   ,              30   ,                 831   ,          1   ,                        1   ,                        252   ,                       51   ,                  18.0   ,         0.800   ,               29.0   ,                  4255   ,
2026-09-13 06:51:29 ,         497.0   ,             22.0   ,               60.0   ,                          61.0   ,              30   ,                 831   ,          0   ,                        1   ,                        252   ,                       51   ,                  18.0   ,         0.800   ,               29.0   ,                  4255   ,
2026-09-13 06:51:30 ,         497.0   ,             10.0   ,               60.0   ,                          60.0   ,              30   ,                 830   ,          0   ,                        1   ,                        252   ,                       51   ,                  17.0   ,         0.800   ,               29.0   ,                  4255   ,
2026-09-13 06:51:31 ,         497.0   ,             10.0   ,               60.0   ,                          60.0   ,              30   ,                 830   ,          0   ,                        1   ,                        252   ,                       51   ,                  17.0   ,         0.800   ,               29.0   ,                  4255   ,
2026-09-13 06:51:32 ,         497.0   ,             10.0   ,               60.0   ,                          60.0   ,              30   ,                 830   ,          0   ,                        1   ,                        252   ,                       51   ,                  17.0   ,         0.800   ,               29.0   ,                  4256   ,
2026-09-13 06:51:33 ,         497.0   ,             12.0   ,               59.0   ,                          60.0   ,              30   ,                 830   ,          0   ,                        1   ,                        252   ,                       51   ,                  18.0   ,         0.800   ,               29.0   ,                  4255   ,
2026-09-13 06:51:34 ,         498.0   ,             16.0   ,               59.0   ,                          59.0   ,              30   ,                 830   ,          2   ,                        1   ,                        252   ,                       51   ,                  17.0   ,         0.800   ,               29.0   ,                  4255   ,
2026-09-13 06:51:35 ,         498.0   ,             16.0   ,               59.0   ,                          59.0   ,              30   ,                 831   ,          0   ,                        1   ,                        252   ,                       51   ,                  17.0   ,         0.800   ,               29.0   ,                  4256   ,
2026-09-13 06:51:36 ,         497.0   ,             12.0   ,               59.0   ,                          59.0   ,              30   ,                 831   ,          0   ,                        1   ,                        252   ,                       51   ,                  17.0   ,         0.800   ,               29.0   ,                  4254   ,
2026-09-13 06:51:37 ,         497.0   ,             16.0   ,               59.0   ,                          59.0   ,              30   ,                 831   ,          1   ,                        1   ,                        252   ,                       51   ,                  18.0   ,         0.800   ,               29.0   ,                  4256   ,
2026-09-13 06:51:38 ,         497.0   ,             10.0   ,               59.0   ,                          59.0   ,              30   ,                 831   ,          0   ,                        1   ,                        252   ,                       51   ,                  17.0   ,         0.800   ,               29.0   ,                  4256   ,
2026-09-13 06:51:39 ,         497.0   ,             10.0   ,               58.0   ,                          59.0   ,              30   ,                 829   ,          0   ,                        1   ,                        252   ,                       51   ,                  17.0   ,         0.800   ,               28.0   ,                  4256   ,
2026-09-13 06:51:40 ,         497.0   ,             12.0   ,               58.0   ,                          58.0   ,              30   ,                 829   ,          0   ,                        1   ,                        252   ,                       51   ,                  17.0   ,         0.800   ,               29.0   ,                  4256   ,
2026-09-13 06:51:41 ,         498.0   ,             18.0   ,               58.0   ,                          58.0   ,              30   ,                 830   ,          2   ,                        1   ,                        252   ,                       51   ,                  17.0   ,         0.800   ,               29.0   ,                  4255   ,
2026-09-13 06:51:42 ,         497.0   ,             14.0   ,               58.0   ,                          58.0   ,              30   ,                 830   ,          0   ,                        1   ,                        252   ,                       51   ,                  17.0   ,         0.800   ,               29.0   ,                  4255   ,
2026-09-13 06:51:43 ,         497.0   ,             10.0   ,               58.0   ,                          58.0   ,              30   ,                 829   ,          0   ,                        1   ,                        252   ,                       51   ,                  17.0   ,         0.800   ,               29.0   ,                  4255   ,
2026-09-13 06:51:44 ,         498.0   ,             12.0   ,               58.0   ,                          58.0   ,              30   ,                 830   ,          1   ,                        1   ,                        252   ,                       51   ,                  17.0   ,         0.800   ,               29.0   ,                  4255   ,
2026-09-13 06:51:45 ,         497.0   ,              8.0   ,               57.0   ,                          58.0   ,              30   ,                 830   ,          0   ,                        1   ,                        252   ,                       51   ,                  17.0   ,         0.800   ,               29.0   ,                  4256   ,
2026-09-13 06:51:46 ,         497.0   ,             14.0   ,               57.0   ,                          57.0   ,              30   ,                 829   ,          0   ,                        1   ,                        252   ,                       51   ,                  17.0   ,         0.800   ,               29.0   ,                  4255   ,
2026-09-13 06:51:47 ,         497.0   ,              8.0   ,               57.0   ,                          58.0   ,              30   ,                 830   ,          0   ,                        1   ,                        252   ,                       51   ,                  17.0   ,         0.800   ,               28.0   ,                  4256   ,
2026-09-13 06:51:48 ,         498.0   ,             16.0   ,               57.0   ,                          57.0   ,              30   ,                 830   ,          1   ,                        1   ,                        252   ,                       51   ,                  17.0   ,         0.800   ,               29.0   ,                  4255   ,
2026-09-13 06:51:49 ,         497.0   ,             12.0   ,               57.0   ,                          57.0   ,              30   ,                 831   ,          0   ,                        1   ,                        252   ,                       51   ,                  17.0   ,         0.800   ,               29.0   ,                  4248   ,
2026-09-13 06:51:50 ,         497.0   ,             10.0   ,               57.0   ,                          57.0   ,              30   ,                 830   ,          0   ,                        1   ,                        252   ,                       51   ,                  17.0   ,         0.800   ,               29.0   ,                  4246   ,
2026-09-13 06:51:51 ,         497.0   ,             14.0   ,               57.0   ,                          57.0   ,              30   ,                 829   ,          1   ,                        1   ,                        252   ,                       51   ,                  17.0   ,         0.800   ,               29.0   ,                  4245   ,
2026-09-13 06:51:52 ,         498.0   ,             16.0   ,               56.0   ,                          57.0   ,              30   ,                 829   ,          2   ,                        1   ,                        252   ,                       51   ,                  17.0   ,         0.800   ,               29.0   ,                  4249   ,
2026-09-13 06:51:53 ,         497.0   ,              8.0   ,               56.0   ,                          56.0   ,              30   ,                 830   ,          0   ,                        1   ,                        252   ,                       51   ,                  17.0   ,         0.800   ,               29.0   ,                  4249   ,
2026-09-13 06:51:54 ,         497.0   ,              8.0   ,               56.0   ,                          56.0   ,              30   ,                 831   ,          0   ,                        1   ,                        252   ,                       51   ,                  17.0   ,         0.800   ,               29.0   ,                  4249   ,
2026-09-13 06:51:55 ,         497.0   ,              8.0   ,               56.0   ,                          56.0   ,              30   ,                 831   ,          0   ,                        1   ,                        252   ,                       51   ,                  17.0   ,         0.800   ,               29.0   ,                  4248   ,
2026-09-13 06:51:56 ,         498.0   ,             16.0   ,               56.0   ,                          56.0   ,              30   ,                 831   ,          1   ,                        1   ,                        252   ,                       51   ,                  17.0   ,         0.800   ,               29.0   ,                  4247   ,
2026-09-13 06:51:57 ,         497.0   ,             12.0   ,               56.0   ,                          56.0   ,              30   ,                 829   ,          0   ,                        1   ,                        252   ,                       51   ,                  17.0   ,         0.800   ,               29.0   ,                  4247   ,
2026-09-13 06:51:58 ,         498.0   ,             14.0   ,               55.0   ,                          56.0   ,              30   ,                 830   ,          1   ,                        1   ,                        252   ,                       51   ,                  17.0   ,         0.800   ,               29.0   ,                  4248   ,
2026-09-13 06:51:59 ,         497.0   ,             10.0   ,               56.0   ,                          56.0   ,              30   ,                 830   ,          0   ,                        1   ,                        252   ,                       51   ,                  17.0   ,         0.800   ,               29.0   ,                  4248   ,
2026-09-13 06:52:00 ,         498.0   ,             18.0   ,               55.0   ,                          56.0   ,              30   ,                 830   ,          2   ,                        1   ,                        252   ,                       51   ,                  17.0   ,         0.800   ,               29.0   ,                  4248   ,
2026-09-13 06:52:01 ,         497.0   ,              8.0   ,               55.0   ,                          56.0   ,              30   ,                 830   ,          0   ,                        1   ,                        252   ,                       51   ,                  17.0   ,         0.800   ,               28.0   ,                  4248   ,
2026-09-13 06:52:02 ,         497.0   ,              8.0   ,               55.0   ,                          55.0   ,              30   ,                 830   ,          0   ,                        1   ,                        252   ,                       51   ,                  17.0   ,         0.800   ,               29.0   ,                  4248   ,
2026-09-13 06:52:03 ,         497.0   ,             10.0   ,               55.0   ,                          55.0   ,              30   ,                 829   ,          0   ,                        1   ,                        252   ,                       51   ,                  17.0   ,         0.800   ,               29.0   ,                  4247   ,
2026-09-13 06:52:04 ,         498.0   ,             14.0   ,               55.0   ,                          55.0   ,              30   ,                 830   ,          1   ,                        1   ,                        252   ,                       51   ,                  17.0   ,         0.800   ,               29.0   ,                  4247   ,
2026-09-13 06:52:05 ,         498.0   ,             12.0   ,               55.0   ,                          55.0   ,              30   ,                 830   ,          1   ,                        1   ,                        252   ,                       51   ,                  17.0   ,         0.800   ,               29.0   ,                  4247   ,
2026-09-13 06:52:06 ,         497.0   ,             14.0   ,               54.0   ,                          55.0   ,              30   ,                 829   ,          0   ,                        1   ,                        252   ,                       51   ,                  17.0   ,         0.800   ,               29.0   ,                  4246   ,
2026-09-13 06:52:07 ,         499.0   ,             24.0   ,               54.0   ,                          55.0   ,              30   ,                 829   ,          4   ,                        1   ,                        252   ,                       51   ,                  18.0   ,         0.800   ,               30.0   ,                  4248   ,
2026-09-13 06:52:08 ,         498.0   ,             22.0   ,               55.0   ,                          55.0   ,              30   ,                 829   ,          3   ,                        1   ,                        252   ,                       51   ,                  17.0   ,         0.800   ,               29.0   ,                  4247   ,
2026-09-13 06:52:09 ,         498.0   ,              8.0   ,               54.0   ,                          54.0   ,               0   ,                   0   ,          0   ,                        1   ,                        252   ,                       51   ,                  17.0   ,         0.800   ,               29.0   ,                  4247   ,
2026-09-13 06:52:10 ,         499.0   ,             26.0   ,               54.0   ,                          55.0   ,               0   ,                   0   ,          3   ,                        2   ,                        257   ,                       51   ,                  18.0   ,         0.800   ,               30.0   ,                  4247   ,
2026-09-13 06:52:11 ,         499.0   ,             26.0   ,               54.0   ,                          55.0   ,               0   ,                   0   ,          3   ,                        1   ,                        253   ,                       51   ,                  18.0   ,         0.800   ,               29.0   ,                  4245   ,
2026-09-13 06:52:12 ,         498.0   ,             10.0   ,               54.0   ,                          54.0   ,               0   ,                   0   ,          0   ,                        1   ,                        253   ,                       51   ,                  17.0   ,         0.800   ,               29.0   ,                  4241   ,
2026-09-13 06:52:13 ,         498.0   ,             22.0   ,               54.0   ,                          54.0   ,               0   ,                   0   ,          3   ,                        1   ,                        253   ,                       51   ,                  17.0   ,         0.800   ,               29.0   ,                  4246   ,
2026-09-13 06:52:14 ,         498.0   ,             12.0   ,               54.0   ,                          55.0   ,               0   ,                   0   ,          0   ,                        1   ,                        253   ,                       51   ,                  17.0   ,         0.800   ,               29.0   ,                  4246   ,
2026-09-13 06:52:15 ,         498.0   ,             14.0   ,               54.0   ,                          54.0   ,               0   ,                   0   ,          1   ,                        1   ,                        253   ,                       51   ,                  17.0   ,         0.800   ,               29.0   ,                  4246   ,
2026-09-13 06:52:16 ,         501.0   ,            900.0   ,               54.0   ,                          55.0   ,               0   ,                   0   ,          6   ,                        0   ,                        252   ,                       51   ,                  23.0   ,         0.800   ,               30.0   ,                  4246   ,
2026-09-13 06:52:17 ,         497.0   ,             14.0   ,               54.0   ,                          54.0   ,               0   ,                   0   ,          0   ,                        1   ,                        273   ,                       55   ,                  17.0   ,         0.800   ,               36.0   ,                  4428   ,
2026-09-13 06:52:18 ,         499.0   ,            378.0   ,               54.0   ,                          55.0   ,               0   ,                   0   ,          5   ,                        1   ,                        441   ,                       56   ,                  20.0   ,         0.800   ,               30.0   ,                  4439   ,
2026-09-13 06:52:19 ,         498.0   ,             16.0   ,               54.0   ,                          55.0   ,               0   ,                   0   ,          1   ,                        1   ,                        447   ,                       56   ,                  17.0   ,         0.800   ,               36.0   ,                  4480   ,
2026-09-13 06:52:20 ,         498.0   ,             18.0   ,               54.0   ,                          54.0   ,               0   ,                   0   ,          1   ,                        1   ,                        447   ,                       56   ,                  17.0   ,         0.800   ,               30.0   ,                  4476   ,
2026-09-13 06:52:21 ,         498.0   ,             14.0   ,               54.0   ,                          54.0   ,               0   ,                   0   ,          1   ,                        1   ,                        447   ,                       56   ,                  17.0   ,         0.800   ,               30.0   ,                  4475   ,
2026-09-13 06:52:22 ,         501.0   ,            904.0   ,               54.0   ,                          55.0   ,               0   ,                   0   ,          8   ,                        0   ,                        488   ,                       56   ,                  27.0   ,         0.800   ,               41.0   ,                  4737   ,
2026-09-13 06:52:23 ,         498.0   ,             14.0   ,               54.0   ,                          55.0   ,               0   ,                   0   ,          0   ,                        1   ,                        491   ,                       56   ,                  17.0   ,         0.800   ,               31.0   ,                  4723   ,
2026-09-13 06:52:24 ,         501.0   ,             28.0   ,               54.0   ,                          56.0   ,               0   ,                   0   ,          0   ,                        1   ,                        485   ,                       56   ,                  17.0   ,         0.800   ,               30.0   ,                  4716   ,
2026-09-13 06:52:25 ,         501.0   ,             12.0   ,               54.0   ,                          55.0   ,               0   ,                   0   ,          0   ,                        1   ,                        404   ,                       56   ,                  17.0   ,         0.800   ,               30.0   ,                  4715   ,
2026-09-13 06:52:26 ,         501.0   ,             16.0   ,               54.0   ,                          56.0   ,               0   ,                   0   ,          0   ,                        1   ,                        413   ,                       56   ,                  17.0   ,         0.800   ,               35.0   ,                  4635   ,
2026-09-13 06:52:27 ,         499.0   ,             24.0   ,               54.0   ,                          55.0   ,               0   ,                   0   ,          3   ,                        1   ,                        494   ,                       56   ,                  21.0   ,         0.800   ,               32.0   ,                  4604   ,
2026-09-13 06:52:28 ,         501.0   ,            890.0   ,               54.0   ,                          55.0   ,               0   ,                   0   ,         18   ,                        1   ,                        493   ,                       56   ,                  23.0   ,         0.800   ,               31.0   ,                  4650   ,
2026-09-13 06:52:29 ,         498.0   ,             16.0   ,               54.0   ,                          54.0   ,               0   ,                   0   ,          0   ,                        1   ,                        493   ,                       56   ,                  17.0   ,         0.800   ,               35.0   ,                  4650   ,
2026-09-13 06:52:30 ,         497.0   ,             12.0   ,               54.0   ,                          54.0   ,               0   ,                   0   ,          0   ,                        1   ,                        493   ,                       56   ,                  17.0   ,         0.800   ,               37.0   ,                  4709   ,
2026-09-13 06:52:31 ,         497.0   ,             16.0   ,               53.0   ,                          54.0   ,               0   ,                   0   ,          0   ,                        1   ,                        330   ,                       56   ,                  17.0   ,         0.800   ,               32.0   ,                  4747   ,
2026-09-13 06:52:32 ,         497.0   ,              8.0   ,               53.0   ,                          54.0   ,               0   ,                   0   ,          0   ,                        1   ,                        347   ,                       56   ,                  17.0   ,         0.800   ,               41.0   ,                  4778   ,
2026-09-13 06:52:33 ,         497.0   ,             12.0   ,               53.0   ,                          54.0   ,               0   ,                   0   ,          0   ,                        1   ,                        347   ,                       56   ,                  17.0   ,         0.800   ,               31.0   ,                  4779   ,
2026-09-13 06:52:34 ,         498.0   ,             10.0   ,               53.0   ,                          54.0   ,               0   ,                   0   ,          0   ,                        1   ,                        347   ,                       56   ,                  17.0   ,         0.800   ,               30.0   ,                  4778   ,
2026-09-13 06:52:35 ,         497.0   ,             10.0   ,               54.0   ,                          55.0   ,               0   ,                   0   ,          0   ,                        1   ,                        347   ,                       57   ,                  17.0   ,         0.800   ,               33.0   ,                  4782   ,
2026-09-13 06:52:36 ,         497.0   ,             12.0   ,               54.0   ,                          54.0   ,               0   ,                   0   ,          0   ,                        1   ,                        338   ,                       57   ,                  17.0   ,         0.800   ,               31.0   ,                  4780   ,
2026-09-13 06:52:37 ,         498.0   ,             16.0   ,               54.0   ,                          54.0   ,               0   ,                   0   ,          1   ,                        1   ,                        338   ,                       57   ,                  17.0   ,         0.800   ,               30.0   ,                  4777   ,
2026-09-13 06:52:38 ,         499.0   ,             74.0   ,               54.0   ,                          54.0   ,               0   ,                   0   ,          3   ,                        1   ,                        341   ,                       57   ,                  19.0   ,         0.800   ,               37.0   ,                  4780   ,
2026-09-13 06:52:39 ,         497.0   ,             10.0   ,               54.0   ,                          54.0   ,               0   ,                   0   ,          0   ,                        1   ,                        342   ,                       57   ,                  17.0   ,         0.800   ,               39.0   ,                  4801   ,
2026-09-13 06:52:40 ,         498.0   ,             12.0   ,               54.0   ,                          54.0   ,               0   ,                   0   ,          0   ,                        1   ,                        350   ,                       57   ,                  19.0   ,         0.800   ,               39.0   ,                  4806   ,
2026-09-13 06:52:41 ,         497.0   ,             10.0   ,               54.0   ,                          54.0   ,               0   ,                   0   ,          0   ,                        1   ,                        350   ,                       57   ,                  17.0   ,         0.800   ,               36.0   ,                  4805   ,
2026-09-13 06:52:42 ,         498.0   ,             18.0   ,               54.0   ,                          54.0   ,               0   ,                   0   ,          3   ,                        1   ,                        302   ,                       57   ,                  17.0   ,         0.800   ,               37.0   ,                  4822   ,
2026-09-13 06:52:43 ,         498.0   ,             12.0   ,               54.0   ,                          54.0   ,               0   ,                   0   ,          0   ,                        1   ,                        322   ,                       57   ,                  17.0   ,         0.800   ,               37.0   ,                  4820   ,
2026-09-13 06:52:44 ,         498.0   ,             16.0   ,               54.0   ,                          54.0   ,               0   ,                   0   ,          2   ,                        1   ,                        323   ,                       57   ,                  18.0   ,         0.800   ,               35.0   ,                  4720   ,
2026-09-13 06:52:45 ,         498.0   ,             18.0   ,               54.0   ,                          54.0   ,               0   ,                   0   ,          4   ,                        2   ,                        302   ,                       57   ,                  17.0   ,         0.800   ,               36.0   ,                  4754   ,
2026-09-13 06:52:46 ,         497.0   ,             12.0   ,               54.0   ,                          54.0   ,               0   ,                   0   ,          0   ,                        1   ,                        307   ,                       57   ,                  17.0   ,         0.800   ,               37.0   ,                  4755   ,
2026-09-13 06:52:47 ,         497.0   ,             10.0   ,               53.0   ,                          54.0   ,               0   ,                   0   ,          0   ,                        1   ,                        307   ,                       57   ,                  17.0   ,         0.800   ,               38.0   ,                  4757   ,
2026-09-13 06:52:48 ,         498.0   ,             12.0   ,               54.0   ,                          54.0   ,               0   ,                   0   ,          0   ,                        1   ,                        298   ,                       57   ,                  17.0   ,         0.800   ,               37.0   ,                  4757   ,
2026-09-13 06:52:49 ,         498.0   ,             12.0   ,               54.0   ,                          54.0   ,               0   ,                   0   ,          0   ,                        1   ,                        298   ,                       57   ,                  17.0   ,         0.800   ,               40.0   ,                  4793   ,
2026-09-13 06:52:50 ,         498.0   ,             12.0   ,               54.0   ,                          54.0   ,               0   ,                   0   ,          1   ,                        1   ,                        298   ,                       57   ,                  17.0   ,         0.800   ,               41.0   ,                  4886   ,
2026-09-13 06:52:51 ,         498.0   ,             18.0   ,               54.0   ,                          54.0   ,               0   ,                   0   ,          1   ,                        1   ,                        298   ,                       59   ,                  17.0   ,         0.800   ,               45.0   ,                  5011   ,
2026-09-13 06:52:52 ,         497.0   ,              8.0   ,               54.0   ,                          54.0   ,               0   ,                   0   ,          0   ,                        1   ,                        303   ,                       59   ,                  17.0   ,         0.800   ,               45.0   ,                  5060   ,
2026-09-13 06:52:53 ,         497.0   ,             10.0   ,               54.0   ,                          54.0   ,               0   ,                   0   ,          0   ,                        1   ,                        323   ,                       59   ,                  17.0   ,         0.800   ,               45.0   ,                  5041   ,
2026-09-13 06:52:54 ,         498.0   ,             14.0   ,               54.0   ,                          54.0   ,               0   ,                   0   ,          1   ,                        1   ,                        332   ,                       59   ,                  17.0   ,         0.800   ,               41.0   ,                  5077   ,
2026-09-13 06:52:55 ,         497.0   ,              8.0   ,               54.0   ,                          54.0   ,               0   ,                   0   ,          0   ,                        1   ,                        332   ,                       59   ,                  17.0   ,         0.800   ,               43.0   ,                  5085   ,
2026-09-13 06:52:56 ,         497.0   ,              8.0   ,               54.0   ,                          54.0   ,               0   ,                   0   ,          0   ,                        1   ,                        332   ,                       59   ,                  17.0   ,         0.800   ,               43.0   ,                  5109   ,
2026-09-13 06:52:57 ,         498.0   ,             12.0   ,               53.0   ,                          54.0   ,               0   ,                   0   ,          1   ,                        1   ,                        332   ,                       59   ,                  17.0   ,         0.800   ,               44.0   ,                  5160   ,
2026-09-13 06:52:58 ,         498.0   ,             24.0   ,               54.0   ,                          54.0   ,               0   ,                   0   ,          3   ,                        1   ,                        359   ,                       59   ,                  17.0   ,         0.800   ,               45.0   ,                  5721   ,
2026-09-13 06:52:59 ,         499.0   ,             26.0   ,               54.0   ,                          54.0   ,               0   ,                   0   ,          4   ,                        2   ,                        381   ,                       59   ,                  18.0   ,         0.800   ,               46.0   ,                  5739   ,
2026-09-13 06:53:00 ,         497.0   ,             10.0   ,               54.0   ,                          55.0   ,               0   ,                   0   ,          0   ,                        1   ,                        378   ,                       59   ,                  17.0   ,         0.800   ,               46.0   ,                  6014   ,
2026-09-13 06:53:01 ,         498.0   ,             20.0   ,               54.0   ,                          54.0   ,               0   ,                   0   ,          3   ,                        1   ,                        377   ,                       59   ,                  18.0   ,         0.800   ,               46.0   ,                  5675   ,
2026-09-13 06:53:02 ,         498.0   ,             14.0   ,               54.0   ,                          54.0   ,               0   ,                   0   ,          1   ,                        2   ,                        369   ,                       59   ,                  17.0   ,         0.800   ,               46.0   ,                  5859   ,
2026-09-13 06:53:03 ,         498.0   ,             18.0   ,               54.0   ,                          54.0   ,               0   ,                   0   ,          2   ,                        1   ,                        378   ,                       59   ,                  18.0   ,         0.800   ,               47.0   ,                  5552   ,
2026-09-13 06:53:04 ,         497.0   ,             18.0   ,               54.0   ,                          54.0   ,               0   ,                   0   ,          0   ,                        1   ,                        359   ,                       59   ,                  17.0   ,         0.800   ,               46.0   ,                  5602   ,
2026-09-13 06:53:05 ,         501.0   ,             68.0   ,               54.0   ,                          56.0   ,               0   ,                   0   ,         17   ,                        1   ,                        375   ,                       64   ,                  20.0   ,         0.800   ,               47.0   ,                  5759   ,
2026-09-13 06:53:06 ,         501.0   ,            112.0   ,               54.0   ,                          56.0   ,               0   ,                   0   ,         34   ,                        2   ,                        378   ,                       68   ,                  18.0   ,         0.800   ,               44.0   ,                  5779   ,
2026-09-13 06:53:07 ,         501.0   ,             12.0   ,               54.0   ,                          56.0   ,               0   ,                   0   ,          0   ,                        1   ,                        333   ,                       68   ,                  17.0   ,         0.800   ,               44.0   ,                  5770   ,
2026-09-13 06:53:08 ,         501.0   ,             18.0   ,               54.0   ,                          55.0   ,               0   ,                   0   ,          0   ,                        1   ,                        341   ,                       68   ,                  18.0   ,         0.800   ,               47.0   ,                  5755   ,
2026-09-13 06:53:09 ,         501.0   ,             12.0   ,               54.0   ,                          56.0   ,               0   ,                   0   ,          1   ,                        1   ,                        337   ,                       68   ,                  17.0   ,         0.800   ,               46.0   ,                  5544   ,
2026-09-13 06:53:10 ,         501.0   ,             10.0   ,               54.0   ,                          56.0   ,               0   ,                   0   ,          0   ,                        1   ,                        357   ,                       68   ,                  17.0   ,         0.800   ,               44.0   ,                  5560   ,
2026-09-13 06:53:11 ,         501.0   ,             10.0   ,               54.0   ,                          56.0   ,               0   ,                   0   ,          0   ,                        1   ,                        357   ,                       68   ,                  17.0   ,         0.800   ,               43.0   ,                  5570   ,
2026-09-13 06:53:12 ,         501.0   ,             18.0   ,               54.0   ,                          56.0   ,               0   ,                   0   ,          3   ,                        1   ,                        380   ,                       68   ,                  18.0   ,         0.800   ,               42.0   ,                  5565   ,
2026-09-13 06:53:13 ,         501.0   ,             18.0   ,               54.0   ,                          56.0   ,               0   ,                   0   ,          2   ,                        1   ,                        413   ,                       68   ,                  17.0   ,         0.800   ,               47.0   ,                  5599   ,
2026-09-13 06:53:14 ,         501.0   ,             26.0   ,               54.0   ,                          56.0   ,               0   ,                   0   ,          4   ,                        2   ,                        426   ,                       68   ,                  19.0   ,         0.800   ,               44.0   ,                  5658   ,
2026-09-13 06:53:15 ,         502.0   ,           1340.0   ,               54.0   ,                          60.0   ,               0   ,                   0   ,         14   ,                        0   ,                        461   ,                       69   ,                  44.0   ,         0.800   ,               43.0   ,                  5719   ,
2026-09-13 06:53:16 ,         501.0   ,            910.0   ,               55.0   ,                          56.0   ,               0   ,                   0   ,          4   ,                        0   ,                        428   ,                       69   ,                  35.0   ,         0.800   ,               41.0   ,                  5717   ,
2026-09-13 06:53:17 ,         500.0   ,           1340.0   ,               54.0   ,                          57.0   ,               0   ,                   0   ,          1   ,                        0   ,                        435   ,                       69   ,                  39.0   ,         0.800   ,               38.0   ,                  5722   ,
2026-09-13 06:53:18 ,         497.0   ,             14.0   ,               54.0   ,                          55.0   ,               0   ,                   0   ,          0   ,                        1   ,                        435   ,                       69   ,                  18.0   ,         0.800   ,               35.0   ,                  5726   ,
2026-09-13 06:53:19 ,         500.0   ,           1340.0   ,               54.0   ,                          56.0   ,               0   ,                   0   ,          4   ,                        0   ,                        489   ,                       69   ,                  38.0   ,         0.800   ,               37.0   ,                  5729   ,
2026-09-13 06:53:20 ,         503.0   ,           1988.0   ,               54.0   ,                          58.0   ,               0   ,                   0   ,          0   ,                        0   ,                        567   ,                       70   ,                  38.0   ,         0.800   ,               34.0   ,                  5735   ,
2026-09-13 06:53:21 ,         501.0   ,             12.0   ,               54.0   ,                          56.0   ,               0   ,                   0   ,          0   ,                        1   ,                        573   ,                       70   ,                  18.0   ,         0.800   ,               33.0   ,                  5731   ,
2026-09-13 06:53:22 ,         502.0   ,           1984.0   ,               54.0   ,                          58.0   ,               0   ,                   0   ,         11   ,                        2   ,                        617   ,                       70   ,                  31.0   ,         0.800   ,               37.0   ,                  5726   ,
2026-09-13 06:53:23 ,         502.0   ,           1990.0   ,               55.0   ,                          59.0   ,               0   ,                   0   ,         10   ,                        0   ,                        677   ,                       70   ,                  45.0   ,         0.800   ,               42.0   ,                  5778   ,
2026-09-13 06:53:24 ,         502.0   ,           1988.0   ,               55.0   ,                          59.0   ,               0   ,                   0   ,         14   ,                        1   ,                        692   ,                       70   ,                  45.0   ,         0.800   ,               41.0   ,                  5812   ,
2026-09-13 06:53:25 ,         502.0   ,           1340.0   ,               55.0   ,                          58.0   ,               0   ,                   0   ,          4   ,                        0   ,                        673   ,                       70   ,                  39.0   ,         0.800   ,               39.0   ,                  5971   ,
2026-09-13 06:53:26 ,         502.0   ,           1988.0   ,               55.0   ,                          59.0   ,               0   ,                   0   ,         40   ,                        2   ,                        677   ,                       70   ,                  44.0   ,         0.800   ,               40.0   ,                  6042   ,
2026-09-13 06:53:27 ,         503.0   ,           1988.0   ,               55.0   ,                          59.0   ,               0   ,                   0   ,          4   ,                        0   ,                        695   ,                       70   ,                  45.0   ,         0.800   ,               38.0   ,                  6133   ,
2026-09-13 06:53:28 ,         503.0   ,           1990.0   ,               56.0   ,                          59.0   ,               0   ,                   0   ,          0   ,                        0   ,                        695   ,                       70   ,                  45.0   ,         0.800   ,               38.0   ,                  6127   ,
2026-09-13 06:53:29 ,         502.0   ,           1990.0   ,               56.0   ,                          60.0   ,               0   ,                   0   ,         13   ,                        0   ,                        709   ,                       70   ,                  45.0   ,         0.800   ,               37.0   ,                  6185   ,
2026-09-13 06:53:30 ,         502.0   ,           1988.0   ,               55.0   ,                          60.0   ,               0   ,                   0   ,          6   ,                        0   ,                        703   ,                       70   ,                  45.0   ,         0.800   ,               44.0   ,                  6308   ,
2026-09-13 06:53:31 ,         503.0   ,           1990.0   ,               56.0   ,                          60.0   ,               0   ,                   0   ,          8   ,                        1   ,                        696   ,                       70   ,                  45.0   ,         0.800   ,               39.0   ,                  6470   ,
2026-09-13 06:53:32 ,         502.0   ,           1990.0   ,               56.0   ,                          59.0   ,               0   ,                   0   ,          8   ,                        1   ,                        618   ,                       70   ,                  45.0   ,         0.800   ,               39.0   ,                  6508   ,
2026-09-13 06:53:33 ,         502.0   ,           1988.0   ,               56.0   ,                          60.0   ,               0   ,                   0   ,          5   ,                        0   ,                        618   ,                       70   ,                  45.0   ,         0.800   ,               40.0   ,                  6515   ,
2026-09-13 03:53:35 ,         502.0   ,           1990.0   ,               56.0   ,                          59.0   ,               0   ,                   0   ,          5   ,                        0   ,                        595   ,                       70   ,                  45.0   ,         0.800   ,               41.0   ,                  6519   ,
2026-09-13 03:53:36 ,         503.0   ,           1988.0   ,               56.0   ,                          59.0   ,               0   ,                   0   ,          5   ,                        0   ,                        596   ,                       70   ,                  45.0   ,         0.800   ,               41.0   ,                  6551   ,
2026-09-13 03:53:37 ,         503.0   ,           1988.0   ,               56.0   ,                          59.0   ,               0   ,                   0   ,          4   ,                        0   ,                        596   ,                       70   ,                  45.0   ,         0.800   ,               42.0   ,                  6701   ,
2026-09-13 03:53:38 ,         503.0   ,           1988.0   ,               56.0   ,                          60.0   ,               0   ,                   0   ,          4   ,                        0   ,                        594   ,                       70   ,                  45.0   ,         0.800   ,               42.0   ,                  6539   ,
2026-09-13 03:53:39 ,         503.0   ,           1988.0   ,               56.0   ,                          60.0   ,               0   ,                   0   ,          4   ,                        0   ,                        594   ,                       70   ,                  45.0   ,         0.800   ,               44.0   ,                  6529   ,
2026-09-13 03:53:40 ,         502.0   ,           1988.0   ,               56.0   ,                          60.0   ,               0   ,                   0   ,          2   ,                        0   ,                        596   ,                       70   ,                  45.0   ,         0.800   ,               43.0   ,                  6424   ,
2026-09-13 03:53:41 ,         503.0   ,           1988.0   ,               56.0   ,                          60.0   ,               0   ,                   0   ,          2   ,                        0   ,                        592   ,                       70   ,                  45.0   ,         0.800   ,               39.0   ,                  6280   ,
2026-09-13 03:53:42 ,         502.0   ,           1988.0   ,               56.0   ,                          60.0   ,               0   ,                   0   ,          2   ,                        0   ,                        489   ,                       70   ,                  45.0   ,         0.800   ,               42.0   ,                  5879   ,
2026-09-13 03:53:43 ,         503.0   ,           1990.0   ,               56.0   ,                          60.0   ,               0   ,                   0   ,          0   ,                        0   ,                        489   ,                       70   ,                  45.0   ,         0.800   ,               43.0   ,                  5888   ,
2026-09-13 03:53:44 ,         503.0   ,           1988.0   ,               56.0   ,                          60.0   ,               0   ,                   0   ,          1   ,                        0   ,                        500   ,                       70   ,                  45.0   ,         0.800   ,               38.0   ,                  5889   ,
2026-09-13 03:53:45 ,         503.0   ,           1990.0   ,               56.0   ,                          60.0   ,               0   ,                   0   ,          0   ,                        0   ,                        494   ,                       70   ,                  45.0   ,         0.800   ,               40.0   ,                  5904   ,
2026-09-13 03:53:46 ,         503.0   ,           1990.0   ,               56.0   ,                          60.0   ,               0   ,                   0   ,          2   ,                        0   ,                        494   ,                       70   ,                  45.0   ,         0.800   ,               33.0   ,                  5920   ,
2026-09-13 03:53:47 ,         503.0   ,           1988.0   ,               56.0   ,                          60.0   ,               0   ,                   0   ,          2   ,                        0   ,                        494   ,                       70   ,                  45.0   ,         0.800   ,               39.0   ,                  5909   ,
2026-09-13 03:53:48 ,         502.0   ,           1988.0   ,               56.0   ,                          60.0   ,               0   ,                   0   ,          6   ,                        0   ,                        501   ,                       70   ,                  45.0   ,         0.800   ,               38.0   ,                  5902   ,
2026-09-13 03:53:49 ,         502.0   ,           1988.0   ,               56.0   ,                          60.0   ,               0   ,                   0   ,          3   ,                        0   ,                        505   ,                       70   ,                  45.0   ,         0.800   ,               43.0   ,                  5855   ,
2026-09-13 03:53:50 ,         503.0   ,           1990.0   ,               56.0   ,                          61.0   ,               0   ,                   0   ,         10   ,                        0   ,                        516   ,                       70   ,                  45.0   ,         0.800   ,               43.0   ,                  5690   ,
2026-09-13 03:53:51 ,         503.0   ,           1988.0   ,               56.0   ,                          60.0   ,               0   ,                   0   ,          0   ,                        0   ,                        516   ,                       70   ,                  45.0   ,         0.800   ,               42.0   ,                  5690   ,
2026-09-13 03:53:52 ,         503.0   ,           1988.0   ,               56.0   ,                          60.0   ,               0   ,                   0   ,          4   ,                        0   ,                        510   ,                       67   ,                  45.0   ,         0.800   ,               42.0   ,                  5681   ,
2026-09-13 03:53:53 ,         503.0   ,           1988.0   ,               56.0   ,                          60.0   ,               0   ,                   0   ,          0   ,                        0   ,                        540   ,                       67   ,                  45.0   ,         0.800   ,               33.0   ,                  5693   ,
2026-09-13 03:53:54 ,         502.0   ,           1988.0   ,               57.0   ,                          60.0   ,               0   ,                   0   ,          3   ,                        0   ,                        552   ,                       67   ,                  45.0   ,         0.800   ,               38.0   ,                  5698   ,
2026-09-13 03:53:55 ,         502.0   ,            908.0   ,               56.0   ,                          59.0   ,               0   ,                   0   ,          0   ,                        0   ,                        539   ,                       67   ,                  37.0   ,         0.800   ,               31.0   ,                  5699   ,
2026-09-13 03:53:56 ,         502.0   ,            808.0   ,               56.0   ,                          58.0   ,               0   ,                   0   ,          2   ,                        0   ,                        509   ,                       67   ,                  30.0   ,         0.800   ,               39.0   ,                  5703   ,
2026-09-13 03:53:57 ,         503.0   ,           1988.0   ,               56.0   ,                          60.0   ,               0   ,                   0   ,          3   ,                        0   ,                        520   ,                       67   ,                  44.0   ,         0.800   ,               43.0   ,                  5576   ,
2026-09-13 03:53:58 ,         502.0   ,           1990.0   ,               57.0   ,                          60.0   ,               0   ,                   0   ,         11   ,                        1   ,                        476   ,                       66   ,                  45.0   ,         0.800   ,               42.0   ,                  5574   ,
2026-09-13 03:53:59 ,         502.0   ,           1988.0   ,               57.0   ,                          61.0   ,               0   ,                   0   ,         13   ,                        2   ,                        588   ,                       67   ,                  46.0   ,         0.800   ,               45.0   ,                  5584   ,
2026-09-13 03:54:00 ,         502.0   ,           1990.0   ,               57.0   ,                          61.0   ,               0   ,                   0   ,          9   ,                        0   ,                        588   ,                       67   ,                  45.0   ,         0.800   ,               43.0   ,                  5580   ,
2026-09-13 03:54:01 ,         502.0   ,           1988.0   ,               57.0   ,                          60.0   ,               0   ,                   0   ,          8   ,                        0   ,                        588   ,                       67   ,                  45.0   ,         0.800   ,               42.0   ,                  5574   ,
2026-09-13 03:54:02 ,         502.0   ,           1988.0   ,               57.0   ,                          60.0   ,               0   ,                   0   ,          4   ,                        0   ,                        585   ,                       67   ,                  45.0   ,         0.800   ,               45.0   ,                  5567   ,
2026-09-13 03:54:03 ,         502.0   ,           1988.0   ,               57.0   ,                          61.0   ,               0   ,                   0   ,          5   ,                        0   ,                        588   ,                       67   ,                  45.0   ,         0.800   ,               43.0   ,                  5571   ,
2026-09-13 03:54:04 ,         502.0   ,           1990.0   ,               57.0   ,                          61.0   ,               0   ,                   0   ,          9   ,                        0   ,                        495   ,                       67   ,                  45.0   ,         0.800   ,               43.0   ,                  5588   ,
2026-09-13 03:54:05 ,         502.0   ,           1988.0   ,               57.0   ,                          61.0   ,               0   ,                   0   ,          4   ,                        0   ,                        541   ,                       67   ,                  46.0   ,         0.800   ,               42.0   ,                  5594   ,
2026-09-13 03:54:06 ,         502.0   ,           1988.0   ,               57.0   ,                          60.0   ,               0   ,                   0   ,         10   ,                        0   ,                        813   ,                       67   ,                  45.0   ,         0.800   ,               42.0   ,                  5682   ,
2026-09-13 03:54:07 ,         503.0   ,           1990.0   ,               57.0   ,                          62.0   ,               0   ,                   0   ,          7   ,                        5   ,                        815   ,                       67   ,                  50.0   ,         0.800   ,               43.0   ,                  5697   ,
2026-09-13 03:54:08 ,         502.0   ,           1988.0   ,               57.0   ,                          62.0   ,               0   ,                   0   ,          4   ,                        4   ,                        828   ,                       67   ,                  50.0   ,         0.800   ,               45.0   ,                  5733   ,
2026-09-13 03:54:09 ,         502.0   ,           1990.0   ,               57.0   ,                          61.0   ,               0   ,                   0   ,          3   ,                        1   ,                        828   ,                       67   ,                  46.0   ,         0.800   ,               44.0   ,                  5748   ,
2026-09-13 03:54:10 ,         502.0   ,           1988.0   ,               57.0   ,                          61.0   ,               0   ,                   0   ,          1   ,                        2   ,                        743   ,                       67   ,                  45.0   ,         0.800   ,               39.0   ,                  5789   ,
2026-09-13 03:54:11 ,         502.0   ,           1990.0   ,               57.0   ,                          62.0   ,               0   ,                   0   ,          6   ,                        2   ,                        749   ,                       67   ,                  45.0   ,         0.800   ,               45.0   ,                  5805   ,
2026-09-13 03:54:12 ,         502.0   ,           1990.0   ,               57.0   ,                          61.0   ,               0   ,                   0   ,          3   ,                        2   ,                        772   ,                       67   ,                  45.0   ,         0.800   ,               43.0   ,                  5821   ,
2026-09-13 03:54:13 ,         502.0   ,           1988.0   ,               57.0   ,                          61.0   ,               0   ,                   0   ,         12   ,                        2   ,                        834   ,                       67   ,                  44.0   ,         0.800   ,               44.0   ,                  5844   ,
2026-09-13 03:54:14 ,         502.0   ,           1340.0   ,               56.0   ,                          61.0   ,               0   ,                   0   ,          0   ,                        0   ,                        859   ,                       67   ,                  42.0   ,         0.800   ,               44.0   ,                  5861   ,
2026-09-13 03:54:15 ,         503.0   ,           1990.0   ,               57.0   ,                          62.0   ,               0   ,                   0   ,          7   ,                        3   ,                        835   ,                       67   ,                  45.0   ,         0.800   ,               46.0   ,                  5879   ,
2026-09-13 03:54:16 ,         502.0   ,           1988.0   ,               57.0   ,                          61.0   ,               0   ,                   0   ,         12   ,                        3   ,                        841   ,                       67   ,                  45.0   ,         0.800   ,               46.0   ,                  5827   ,
2026-09-13 03:54:17 ,         502.0   ,           1990.0   ,               57.0   ,                          61.0   ,               0   ,                   0   ,          5   ,                        3   ,                       1014   ,                       69   ,                  45.0   ,         0.800   ,               45.0   ,                  5839   ,
2026-09-13 03:54:18 ,         502.0   ,           1988.0   ,               58.0   ,                          61.0   ,               0   ,                   0   ,          6   ,                        2   ,                        998   ,                       69   ,                  45.0   ,         0.800   ,               37.0   ,                  5785   ,
2026-09-13 03:54:19 ,         502.0   ,           1988.0   ,               57.0   ,                          61.0   ,               0   ,                   0   ,          3   ,                        3   ,                        774   ,                       69   ,                  45.0   ,         0.800   ,               43.0   ,                  5780   ,
2026-09-13 03:54:20 ,         502.0   ,           1990.0   ,               57.0   ,                          61.0   ,               0   ,                   0   ,          2   ,                        3   ,                        774   ,                       69   ,                  45.0   ,         0.800   ,               38.0   ,                  5783   ,
2026-09-13 03:54:21 ,         502.0   ,           1990.0   ,               58.0   ,                          62.0   ,               0   ,                   0   ,          4   ,                        2   ,                        774   ,                       69   ,                  44.0   ,         0.800   ,               42.0   ,                  5799   ,
2026-09-13 03:54:22 ,         502.0   ,           1988.0   ,               57.0   ,                          62.0   ,               0   ,                   0   ,          3   ,                        0   ,                        763   ,                       69   ,                  45.0   ,         0.800   ,               40.0   ,                  5804   ,
2026-09-13 03:54:23 ,         502.0   ,           1988.0   ,               58.0   ,                          62.0   ,               0   ,                   0   ,          2   ,                        1   ,                        759   ,                       69   ,                  45.0   ,         0.800   ,               43.0   ,                  5808   ,
2026-09-13 03:54:24 ,         502.0   ,           1990.0   ,               58.0   ,                          61.0   ,               0   ,                   0   ,          2   ,                        1   ,                        759   ,                       69   ,                  45.0   ,         0.800   ,               42.0   ,                  5810   ,
2026-09-13 03:54:25 ,         502.0   ,           1990.0   ,               58.0   ,                          61.0   ,               0   ,                   0   ,          2   ,                        1   ,                        759   ,                       69   ,                  44.0   ,         0.800   ,               36.0   ,                  5770   ,
2026-09-13 03:54:26 ,         502.0   ,           1988.0   ,               57.0   ,                          61.0   ,               0   ,                   0   ,          2   ,                        1   ,                        759   ,                       69   ,                  45.0   ,         0.800   ,               38.0   ,                  5750   ,
2026-09-13 03:54:27 ,         502.0   ,           1988.0   ,               57.0   ,                          62.0   ,               0   ,                   0   ,          2   ,                        1   ,                        759   ,                       69   ,                  45.0   ,         0.800   ,               39.0   ,                  5753   ,
2026-09-13 03:54:28 ,         502.0   ,           1988.0   ,               57.0   ,                          62.0   ,               0   ,                   0   ,          6   ,                        1   ,                        759   ,                       69   ,                  45.0   ,         0.800   ,               39.0   ,                  5754   ,
2026-09-13 03:54:29 ,         502.0   ,           1988.0   ,               58.0   ,                          62.0   ,               0   ,                   0   ,          3   ,                        1   ,                        759   ,                       69   ,                  45.0   ,         0.800   ,               38.0   ,                  5763   ,
2026-09-13 03:54:30 ,         502.0   ,           1988.0   ,               58.0   ,                          62.0   ,               0   ,                   0   ,          3   ,                        1   ,                        759   ,                       69   ,                  45.0   ,         0.800   ,               39.0   ,                  5796   ,
2026-09-13 03:54:31 ,         502.0   ,           1988.0   ,               58.0   ,                          62.0   ,               0   ,                   0   ,          6   ,                        2   ,                        759   ,                       69   ,                  45.0   ,         0.800   ,               40.0   ,                  5813   ,
2026-09-13 03:54:32 ,         502.0   ,           1988.0   ,               58.0   ,                          62.0   ,               0   ,                   0   ,          2   ,                        2   ,                        759   ,                       69   ,                  45.0   ,         0.800   ,               39.0   ,                  5824   ,
2026-09-13 03:54:33 ,         502.0   ,           1988.0   ,               57.0   ,                          62.0   ,               0   ,                   0   ,          3   ,                        2   ,                        759   ,                       69   ,                  45.0   ,         0.800   ,               39.0   ,                  5818   ,
2026-09-13 03:54:34 ,         502.0   ,           1988.0   ,               58.0   ,                          62.0   ,               0   ,                   0   ,          3   ,                        3   ,                        759   ,                       69   ,                  45.0   ,         0.800   ,               38.0   ,                  5827   ,
2026-09-13 03:54:35 ,         503.0   ,           1988.0   ,               58.0   ,                          62.0   ,               0   ,                   0   ,          3   ,                        3   ,                        759   ,                       69   ,                  45.0   ,         0.800   ,               38.0   ,                  5841   ,
2026-09-13 03:54:36 ,         503.0   ,           1988.0   ,               58.0   ,                          62.0   ,               0   ,                   0   ,          3   ,                        2   ,                        759   ,                       69   ,                  45.0   ,         0.800   ,               37.0   ,                  5851   ,
2026-09-13 03:54:37 ,         502.0   ,           1988.0   ,               58.0   ,                          62.0   ,               0   ,                   0   ,          3   ,                        0   ,                        893   ,                       69   ,                  46.0   ,         0.800   ,               39.0   ,                  5823   ,
2026-09-13 03:54:38 ,         502.0   ,           1990.0   ,               59.0   ,                          62.0   ,               0   ,                   0   ,          3   ,                        0   ,                        851   ,                       69   ,                  46.0   ,         0.800   ,               38.0   ,                  5813   ,
2026-09-13 03:54:39 ,         502.0   ,           1988.0   ,               58.0   ,                          62.0   ,               0   ,                   0   ,          4   ,                        1   ,                        852   ,                       69   ,                  45.0   ,         0.800   ,               39.0   ,                  5801   ,
2026-09-13 03:54:40 ,         502.0   ,           1988.0   ,               58.0   ,                          62.0   ,               0   ,                   0   ,          2   ,                        3   ,                        843   ,                       69   ,                  45.0   ,         0.800   ,               38.0   ,                  5811   ,
2026-09-13 03:54:41 ,         502.0   ,           1990.0   ,               58.0   ,                          62.0   ,               0   ,                   0   ,          0   ,                        2   ,                        810   ,                       69   ,                  45.0   ,         0.800   ,               37.0   ,                  5816   ,
2026-09-13 03:54:42 ,         502.0   ,           1988.0   ,               58.0   ,                          62.0   ,               0   ,                   0   ,          6   ,                        3   ,                        874   ,                       69   ,                  45.0   ,         0.800   ,               38.0   ,                  5855   ,
2026-09-13 03:54:43 ,         502.0   ,           1988.0   ,               58.0   ,                          62.0   ,               0   ,                   0   ,          5   ,                        1   ,                        846   ,                       69   ,                  45.0   ,         0.800   ,               38.0   ,                  5860   ,
2026-09-13 03:54:44 ,         502.0   ,           1990.0   ,               58.0   ,                          62.0   ,               0   ,                   0   ,          2   ,                        3   ,                        773   ,                       69   ,                  45.0   ,         0.800   ,               34.0   ,                  5861   ,
2026-09-13 03:54:45 ,         502.0   ,           1990.0   ,               58.0   ,                          62.0   ,               0   ,                   0   ,          2   ,                        3   ,                        782   ,                       69   ,                  45.0   ,         0.800   ,               33.0   ,                  5863   ,
2026-09-13 03:54:46 ,         502.0   ,           1990.0   ,               58.0   ,                          62.0   ,               0   ,                   0   ,          4   ,                        1   ,                        796   ,                       69   ,                  45.0   ,         0.800   ,               42.0   ,                  5681   ,
2026-09-13 03:54:47 ,         502.0   ,           1990.0   ,               58.0   ,                          63.0   ,               0   ,                   0   ,          5   ,                        0   ,                        803   ,                       69   ,                  45.0   ,         0.800   ,               40.0   ,                  5695   ,
2026-09-13 03:54:48 ,         503.0   ,           1988.0   ,               58.0   ,                          62.0   ,               0   ,                   0   ,          7   ,                        1   ,                        803   ,                       69   ,                  45.0   ,         0.800   ,               38.0   ,                  5720   ,
2026-09-13 03:54:49 ,         502.0   ,           1988.0   ,               59.0   ,                          62.0   ,               0   ,                   0   ,         11   ,                        2   ,                        802   ,                       69   ,                  45.0   ,         0.800   ,               42.0   ,                  5749   ,
2026-09-13 03:54:50 ,         502.0   ,           1990.0   ,               58.0   ,                          62.0   ,               0   ,                   0   ,          4   ,                        1   ,                        797   ,                       69   ,                  45.0   ,         0.800   ,               41.0   ,                  5788   ,
2026-09-13 03:54:51 ,         502.0   ,           1988.0   ,               58.0   ,                          63.0   ,               0   ,                   0   ,          7   ,                        3   ,                        778   ,                       69   ,                  45.0   ,         0.800   ,               43.0   ,                  5790   ,
2026-09-13 03:54:52 ,         502.0   ,           1990.0   ,               58.0   ,                          62.0   ,               0   ,                   0   ,          2   ,                        2   ,                        778   ,                       69   ,                  45.0   ,         0.800   ,               40.0   ,                  5801   ,
2026-09-13 03:54:53 ,         502.0   ,           1990.0   ,               58.0   ,                          62.0   ,               0   ,                   0   ,          2   ,                        2   ,                        773   ,                       69   ,                  45.0   ,         0.800   ,               41.0   ,                  5838   ,
2026-09-13 03:54:54 ,         503.0   ,           1988.0   ,               58.0   ,                          62.0   ,               0   ,                   0   ,          4   ,                        3   ,                        773   ,                       69   ,                  45.0   ,         0.800   ,               41.0   ,                  5805   ,
2026-09-13 03:54:55 ,         503.0   ,           1988.0   ,               58.0   ,                          62.0   ,               0   ,                   0   ,          4   ,                        2   ,                        773   ,                       69   ,                  45.0   ,         0.800   ,               39.0   ,                  5814   ,
2026-09-13 03:54:56 ,         503.0   ,           1990.0   ,               59.0   ,                          62.0   ,               0   ,                   0   ,          6   ,                        3   ,                        778   ,                       69   ,                  44.0   ,         0.800   ,               39.0   ,                  5824   ,
2026-09-13 03:54:57 ,         503.0   ,           1990.0   ,               58.0   ,                          63.0   ,               0   ,                   0   ,          0   ,                        0   ,                        783   ,                       69   ,                  45.0   ,         0.800   ,               42.0   ,                  5840   ,
2026-09-13 03:54:58 ,         503.0   ,           1990.0   ,               59.0   ,                          63.0   ,               0   ,                   0   ,          3   ,                        1   ,                        765   ,                       69   ,                  45.0   ,         0.800   ,               38.0   ,                  5726   ,
2026-09-13 03:54:59 ,         502.0   ,           1988.0   ,               58.0   ,                          63.0   ,               0   ,                   0   ,          3   ,                        1   ,                        765   ,                       69   ,                  45.0   ,         0.800   ,               37.0   ,                  5760   ,
2026-09-13 03:55:00 ,         503.0   ,           1988.0   ,               58.0   ,                          63.0   ,               0   ,                   0   ,          2   ,                        1   ,                        765   ,                       69   ,                  45.0   ,         0.800   ,               39.0   ,                  5774   ,
2026-09-13 03:55:01 ,         502.0   ,           1988.0   ,               59.0   ,                          63.0   ,               0   ,                   0   ,          2   ,                        1   ,                        765   ,                       69   ,                  45.0   ,         0.800   ,               37.0   ,                  5788   ,
2026-09-13 03:55:02 ,         502.0   ,           1990.0   ,               58.0   ,                          62.0   ,               0   ,                   0   ,          4   ,                        2   ,                        765   ,                       69   ,                  45.0   ,         0.800   ,               38.0   ,                  5783   ,
2026-09-13 03:55:03 ,         502.0   ,           1988.0   ,               59.0   ,                          63.0   ,               0   ,                   0   ,          4   ,                        2   ,                        765   ,                       69   ,                  45.0   ,         0.800   ,               39.0   ,                  5707   ,
2026-09-13 03:55:04 ,         503.0   ,           1988.0   ,               58.0   ,                          62.0   ,               0   ,                   0   ,          2   ,                        2   ,                        765   ,                       69   ,                  45.0   ,         0.800   ,               37.0   ,                  5739   ,
2026-09-13 03:55:05 ,         502.0   ,           1988.0   ,               58.0   ,                          63.0   ,               0   ,                   0   ,          2   ,                        2   ,                        765   ,                       69   ,                  45.0   ,         0.800   ,               36.0   ,                  5733   ,
2026-09-13 03:55:06 ,         503.0   ,           1990.0   ,               59.0   ,                          63.0   ,               0   ,                   0   ,          4   ,                        3   ,                        765   ,                       69   ,                  45.0   ,         0.800   ,               35.0   ,                  5717   ,
2026-09-13 03:55:07 ,         502.0   ,           1990.0   ,               58.0   ,                          63.0   ,               0   ,                   0   ,          4   ,                        3   ,                        765   ,                       69   ,                  45.0   ,         0.800   ,               40.0   ,                  5714   ,
2026-09-13 03:55:08 ,         502.0   ,           1990.0   ,               58.0   ,                          63.0   ,               0   ,                   0   ,          1   ,                        0   ,                        765   ,                       69   ,                  45.0   ,         0.800   ,               33.0   ,                  5753   ,
2026-09-13 03:55:09 ,         502.0   ,           1990.0   ,               58.0   ,                          63.0   ,               0   ,                   0   ,          5   ,                        1   ,                        765   ,                       69   ,                  45.0   ,         0.800   ,               35.0   ,                  5774   ,
2026-09-13 03:55:10 ,         502.0   ,           1990.0   ,               59.0   ,                          63.0   ,               0   ,                   0   ,          7   ,                        0   ,                        765   ,                       69   ,                  45.0   ,         0.800   ,               40.0   ,                  5735   ,
2026-09-13 03:55:11 ,         503.0   ,           1988.0   ,               59.0   ,                          63.0   ,               0   ,                   0   ,          1   ,                        1   ,                        769   ,                       69   ,                  45.0   ,         0.800   ,               43.0   ,                  5720   ,
2026-09-13 03:55:12 ,         502.0   ,           1990.0   ,               59.0   ,                          63.0   ,               0   ,                   0   ,          3   ,                        2   ,                        769   ,                       69   ,                  45.0   ,         0.800   ,               39.0   ,                  5738   ,
2026-09-13 03:55:13 ,         502.0   ,           1990.0   ,               59.0   ,                          63.0   ,               0   ,                   0   ,          4   ,                        3   ,                        769   ,                       69   ,                  45.0   ,         0.800   ,               38.0   ,                  5755   ,
2026-09-13 03:55:14 ,         502.0   ,           1990.0   ,               59.0   ,                          63.0   ,               0   ,                   0   ,          1   ,                        0   ,                        765   ,                       69   ,                  45.0   ,         0.800   ,               38.0   ,                  5751   ,
2026-09-13 03:55:15 ,         502.0   ,           1988.0   ,               59.0   ,                          63.0   ,               0   ,                   0   ,          1   ,                        1   ,                        760   ,                       69   ,                  45.0   ,         0.800   ,               42.0   ,                  5756   ,
2026-09-13 03:55:16 ,         502.0   ,           1990.0   ,               59.0   ,                          63.0   ,               0   ,                   0   ,          3   ,                        1   ,                        760   ,                       69   ,                  45.0   ,         0.800   ,               40.0   ,                  5664   ,
2026-09-13 03:55:17 ,         502.0   ,           1990.0   ,               59.0   ,                          64.0   ,               0   ,                   0   ,          5   ,                        1   ,                        760   ,                       69   ,                  45.0   ,         0.800   ,               42.0   ,                  5716   ,
2026-09-13 03:55:18 ,         502.0   ,           1988.0   ,               59.0   ,                          63.0   ,               0   ,                   0   ,          5   ,                        1   ,                        760   ,                       69   ,                  45.0   ,         0.800   ,               39.0   ,                  5716   ,
2026-09-13 03:55:19 ,         503.0   ,           1988.0   ,               59.0   ,                          63.0   ,               0   ,                   0   ,          2   ,                        1   ,                        760   ,                       69   ,                  45.0   ,         0.800   ,               37.0   ,                  5738   ,
2026-09-13 03:55:20 ,         503.0   ,           1990.0   ,               59.0   ,                          63.0   ,               0   ,                   0   ,          2   ,                        1   ,                        760   ,                       69   ,                  45.0   ,         0.800   ,               41.0   ,                  5797   ,
2026-09-13 03:55:21 ,         502.0   ,           1988.0   ,               59.0   ,                          63.0   ,               0   ,                   0   ,          3   ,                        2   ,                        760   ,                       69   ,                  45.0   ,         0.800   ,               37.0   ,                  5792   ,
2026-09-13 03:55:22 ,         502.0   ,           1990.0   ,               59.0   ,                          63.0   ,               0   ,                   0   ,          1   ,                        2   ,                        760   ,                       69   ,                  45.0   ,         0.800   ,               37.0   ,                  5783   ,
2026-09-13 03:55:23 ,         502.0   ,           1988.0   ,               59.0   ,                          63.0   ,               0   ,                   0   ,          1   ,                        2   ,                        760   ,                       69   ,                  45.0   ,         0.800   ,               37.0   ,                  5779   ,
2026-09-13 03:55:24 ,         502.0   ,           1990.0   ,               59.0   ,                          63.0   ,               0   ,                   0   ,          4   ,                        3   ,                        760   ,                       69   ,                  45.0   ,         0.800   ,               38.0   ,                  5798   ,
2026-09-13 03:55:25 ,         502.0   ,           1990.0   ,               59.0   ,                          63.0   ,               0   ,                   0   ,          4   ,                        3   ,                        760   ,                       69   ,                  45.0   ,         0.800   ,               38.0   ,                  5748   ,
2026-09-13 03:55:26 ,         502.0   ,           1990.0   ,               59.0   ,                          63.0   ,               0   ,                   0   ,          5   ,                        2   ,                        760   ,                       69   ,                  45.0   ,         0.800   ,               38.0   ,                  5766   ,
2026-09-13 03:55:27 ,         502.0   ,           1988.0   ,               59.0   ,                          63.0   ,               0   ,                   0   ,          2   ,                        1   ,                        765   ,                       69   ,                  45.0   ,         0.800   ,               37.0   ,                  5774   ,
2026-09-13 03:55:28 ,         502.0   ,           1988.0   ,               59.0   ,                          63.0   ,               0   ,                   0   ,          1   ,                        0   ,                        760   ,                       69   ,                  45.0   ,         0.800   ,               38.0   ,                  5785   ,
2026-09-13 03:55:29 ,         503.0   ,           1990.0   ,               59.0   ,                          64.0   ,               0   ,                   0   ,          1   ,                        0   ,                        760   ,                       69   ,                  45.0   ,         0.800   ,               39.0   ,                  5711   ,
2026-09-13 03:55:30 ,         502.0   ,           1990.0   ,               59.0   ,                          63.0   ,               0   ,                   0   ,          1   ,                        0   ,                        760   ,                       69   ,                  45.0   ,         0.800   ,               39.0   ,                  5732   ,
2026-09-13 03:55:31 ,         502.0   ,           1988.0   ,               59.0   ,                          63.0   ,               0   ,                   0   ,          3   ,                        0   ,                        760   ,                       69   ,                  45.0   ,         0.800   ,               40.0   ,                  5756   ,
2026-09-13 03:55:32 ,         502.0   ,           1988.0   ,               60.0   ,                          63.0   ,               0   ,                   0   ,          3   ,                        0   ,                        760   ,                       69   ,                  45.0   ,         0.800   ,               40.0   ,                  5787   ,
2026-09-13 03:55:33 ,         502.0   ,           1988.0   ,               59.0   ,                          63.0   ,               0   ,                   0   ,          2   ,                        0   ,                        760   ,                       69   ,                  45.0   ,         0.800   ,               41.0   ,                  5812   ,
2026-09-13 03:55:34 ,         502.0   ,           1988.0   ,               60.0   ,                          64.0   ,               0   ,                   0   ,          3   ,                        1   ,                        760   ,                       69   ,                  45.0   ,         0.800   ,               41.0   ,                  5818   ,
2026-09-13 03:55:35 ,         502.0   ,           1988.0   ,               59.0   ,                          64.0   ,               0   ,                   0   ,          4   ,                        1   ,                        760   ,                       69   ,                  45.0   ,         0.800   ,               41.0   ,                  5838   ,
2026-09-13 03:55:37 ,         502.0   ,           1988.0   ,               59.0   ,                          64.0   ,               0   ,                   0   ,          5   ,                        2   ,                        760   ,                       69   ,                  45.0   ,         0.800   ,               43.0   ,                  5798   ,
2026-09-13 03:55:37 ,         502.0   ,           1988.0   ,               60.0   ,                          64.0   ,               0   ,                   0   ,          3   ,                        3   ,                        760   ,                       69   ,                  45.0   ,         0.800   ,               43.0   ,                  5796   ,
2026-09-13 03:55:38 ,         502.0   ,           1988.0   ,               59.0   ,                          64.0   ,               0   ,                   0   ,          5   ,                        3   ,                        760   ,                       69   ,                  45.0   ,         0.800   ,               42.0   ,                  5806   ,
2026-09-13 03:55:39 ,         502.0   ,           1990.0   ,               59.0   ,                          64.0   ,               0   ,                   0   ,          2   ,                        3   ,                        760   ,                       69   ,                  45.0   ,         0.800   ,               39.0   ,                  5796   ,
2026-09-13 03:55:40 ,         502.0   ,           1988.0   ,               60.0   ,                          64.0   ,               0   ,                   0   ,          2   ,                        1   ,                        760   ,                       69   ,                  45.0   ,         0.800   ,               40.0   ,                  5792   ,
2026-09-13 03:55:41 ,         502.0   ,           1990.0   ,               60.0   ,                          64.0   ,               0   ,                   0   ,          2   ,                        1   ,                        760   ,                       69   ,                  45.0   ,         0.800   ,               40.0   ,                  5782   ,
2026-09-13 03:55:42 ,         502.0   ,           1988.0   ,               60.0   ,                          64.0   ,               0   ,                   0   ,          1   ,                        1   ,                        760   ,                       69   ,                  45.0   ,         0.800   ,               40.0   ,                  5796   ,
2026-09-13 03:55:43 ,         502.0   ,           1988.0   ,               60.0   ,                          64.0   ,               0   ,                   0   ,          3   ,                        1   ,                        760   ,                       69   ,                  45.0   ,         0.800   ,               38.0   ,                  5800   ,
2026-09-13 03:55:44 ,         502.0   ,           1990.0   ,               59.0   ,                          64.0   ,               0   ,                   0   ,          4   ,                        2   ,                        760   ,                       69   ,                  45.0   ,         0.800   ,               38.0   ,                  5829   ,
2026-09-13 03:55:45 ,         502.0   ,           1988.0   ,               59.0   ,                          64.0   ,               0   ,                   0   ,          2   ,                        3   ,                        760   ,                       69   ,                  45.0   ,         0.800   ,               39.0   ,                  5717   ,
2026-09-13 03:55:46 ,         502.0   ,           1990.0   ,               60.0   ,                          64.0   ,               0   ,                   0   ,          2   ,                        3   ,                        760   ,                       69   ,                  45.0   ,         0.800   ,               37.0   ,                  5671   ,
2026-09-13 03:55:47 ,         502.0   ,           1988.0   ,               60.0   ,                          63.0   ,               0   ,                   0   ,          1   ,                        2   ,                        765   ,                       69   ,                  45.0   ,         0.800   ,               39.0   ,                  5691   ,
2026-09-13 03:55:49 ,         502.0   ,           1990.0   ,               60.0   ,                          64.0   ,               0   ,                   0   ,          1   ,                        1   ,                        760   ,                       69   ,                  45.0   ,         0.800   ,               41.0   ,                  5761   ,
2026-09-13 03:55:49 ,         502.0   ,           1990.0   ,               60.0   ,                          64.0   ,               0   ,                   0   ,          1   ,                        2   ,                        760   ,                       69   ,                  45.0   ,         0.800   ,               42.0   ,                  5764   ,
2026-09-13 03:55:50 ,         502.0   ,           1990.0   ,               60.0   ,                          64.0   ,               0   ,                   0   ,          1   ,                        2   ,                        760   ,                       69   ,                  45.0   ,         0.800   ,               45.0   ,                  5691   ,
2026-09-13 03:55:51 ,         503.0   ,           1988.0   ,               60.0   ,                          64.0   ,               0   ,                   0   ,          0   ,                        0   ,                        760   ,                       69   ,                  46.0   ,         0.800   ,               35.0   ,                  5687   ,
2026-09-13 03:55:52 ,         502.0   ,           1988.0   ,               60.0   ,                          64.0   ,               0   ,                   0   ,          2   ,                        2   ,                        770   ,                       69   ,                  50.0   ,         0.800   ,               37.0   ,                  5723   ,
2026-09-13 03:55:53 ,         502.0   ,           1990.0   ,               60.0   ,                          64.0   ,               0   ,                   0   ,          1   ,                        1   ,                        760   ,                       69   ,                  45.0   ,         0.800   ,               39.0   ,                  5795   ,
2026-09-13 03:55:54 ,         502.0   ,           1988.0   ,               60.0   ,                          64.0   ,               0   ,                   0   ,          3   ,                        2   ,                        760   ,                       69   ,                  45.0   ,         0.800   ,               39.0   ,                  5811   ,
2026-09-13 03:55:55 ,         502.0   ,           1990.0   ,               60.0   ,                          64.0   ,               0   ,                   0   ,          3   ,                        3   ,                        760   ,                       69   ,                  45.0   ,         0.800   ,               40.0   ,                  5858   ,
2026-09-13 03:55:56 ,         502.0   ,           1990.0   ,               60.0   ,                          64.0   ,               0   ,                   0   ,          5   ,                        2   ,                        760   ,                       69   ,                  45.0   ,         0.800   ,               39.0   ,                  5843   ,
2026-09-13 03:55:57 ,         502.0   ,           1990.0   ,               60.0   ,                          64.0   ,               0   ,                   0   ,          5   ,                        2   ,                        765   ,                       69   ,                  45.0   ,         0.800   ,               35.0   ,                  5837   ,
2026-09-13 03:55:58 ,         502.0   ,           1988.0   ,               60.0   ,                          64.0   ,               0   ,                   0   ,          2   ,                        1   ,                        760   ,                       69   ,                  45.0   ,         0.800   ,               41.0   ,                  5782   ,
2026-09-13 03:55:59 ,         502.0   ,            938.0   ,               60.0   ,                          63.0   ,               0   ,                   0   ,          1   ,                        0   ,                        760   ,                       69   ,                  40.0   ,         0.800   ,               42.0   ,                  5803   ,
2026-09-13 03:56:00 ,         502.0   ,            908.0   ,               60.0   ,                          63.0   ,               0   ,                   0   ,          2   ,                        1   ,                        760   ,                       69   ,                  35.0   ,         0.800   ,               42.0   ,                  5746   ,
2026-09-13 03:56:01 ,         502.0   ,           1990.0   ,               60.0   ,                          64.0   ,               0   ,                   0   ,          9   ,                        3   ,                        760   ,                       69   ,                  46.0   ,         0.800   ,               39.0   ,                  5721   ,
2026-09-13 03:56:02 ,         502.0   ,           1990.0   ,               60.0   ,                          64.0   ,               0   ,                   0   ,         10   ,                        0   ,                        765   ,                       69   ,                  45.0   ,         0.800   ,               40.0   ,                  5632   ,
2026-09-13 03:56:04 ,         502.0   ,           1988.0   ,               60.0   ,                          64.0   ,               0   ,                   0   ,          3   ,                        1   ,                        760   ,                       69   ,                  45.0   ,         0.800   ,               46.0   ,                  5705   ,
2026-09-13 03:56:04 ,         502.0   ,           1988.0   ,               60.0   ,                          64.0   ,               0   ,                   0   ,          4   ,                        1   ,                        760   ,                       69   ,                  45.0   ,         0.800   ,               42.0   ,                  5760   ,
2026-09-13 03:56:05 ,         502.0   ,           1988.0   ,               60.0   ,                          64.0   ,               0   ,                   0   ,          4   ,                        1   ,                        760   ,                       69   ,                  45.0   ,         0.800   ,               35.0   ,                  5826   ,
2026-09-13 03:56:06 ,         502.0   ,           1988.0   ,               60.0   ,                          64.0   ,               0   ,                   0   ,          4   ,                        1   ,                        760   ,                       69   ,                  45.0   ,         0.800   ,               37.0   ,                  5743   ,
2026-09-13 03:56:17 ,         502.0   ,           1988.0   ,               60.0   ,                          64.0   ,               0   ,                   0   ,          2   ,                        2   ,                        765   ,                       69   ,                  45.0   ,         0.800   ,               48.0   ,                  5744   ,
2026-09-13 03:56:17 ,         502.0   ,           1988.0   ,               61.0   ,                          64.0   ,               0   ,                   0   ,          5   ,                        2   ,                        761   ,                       69   ,                  45.0   ,         0.800   ,               48.0   ,                  5739   ,
2026-09-13 03:56:18 ,         502.0   ,           1988.0   ,               60.0   ,                          65.0   ,               0   ,                   0   ,          3   ,                        2   ,                        761   ,                       69   ,                  45.0   ,         0.800   ,               47.0   ,                  5777   ,
2026-09-13 03:56:19 ,         502.0   ,           1988.0   ,               60.0   ,                          64.0   ,               0   ,                   0   ,          8   ,                        3   ,                        761   ,                       69   ,                  45.0   ,         0.800   ,               48.0   ,                  5761   ,
2026-09-13 03:56:35 ,         502.0   ,           1990.0   ,               61.0   ,                          65.0   ,               0   ,                   0   ,          5   ,                        3   ,                        761   ,                       69   ,                  45.0   ,         0.800   ,               49.0   ,                  5731   ,
2026-09-13 03:56:38 ,         502.0   ,           1990.0   ,               61.0   ,                          65.0   ,               0   ,                   0   ,          2   ,                        3   ,                        761   ,                       69   ,                  46.0   ,         0.800   ,               49.0   ,                  5689   ,
2026-09-13 03:56:58 ,         502.0   ,           1990.0   ,               61.0   ,                          65.0   ,               0   ,                   0   ,          6   ,                        2   ,                        766   ,                       69   ,                  46.0   ,         0.800   ,               49.0   ,                  5700   ,
2026-09-13 03:56:58 ,         502.0   ,           1990.0   ,               61.0   ,                          65.0   ,               0   ,                   0   ,          4   ,                        1   ,                        772   ,                       69   ,                  45.0   ,         0.800   ,               49.0   ,                  5699   ,
2026-09-13 03:56:59 ,         502.0   ,           1990.0   ,               61.0   ,                          65.0   ,               0   ,                   0   ,          9   ,                        1   ,                        767   ,                       69   ,                  46.0   ,         0.800   ,               48.0   ,                  5720   ,
2026-09-13 03:57:01 ,         502.0   ,           1988.0   ,               62.0   ,                          66.0   ,               0   ,                   0   ,          5   ,                        1   ,                        781   ,                       69   ,                  46.0   ,         0.800   ,               49.0   ,                  5761   ,
2026-09-13 03:57:01 ,         502.0   ,           1990.0   ,               61.0   ,                          65.0   ,               0   ,                   0   ,          7   ,                        0   ,                        669   ,                       67   ,                  47.0   ,         0.800   ,               49.0   ,                  4896   ,
2026-09-13 03:57:03 ,         502.0   ,           1990.0   ,               61.0   ,                          64.0   ,               0   ,                   0   ,         26   ,                        0   ,                        256   ,                       51   ,                  46.0   ,         0.800   ,               47.0   ,                  4361   ,
