Timestamp                       Thread     Type        Activity             PID    TTL  
2026-09-13 19:19:18.763331-0300 0x811      Default     0x0                  0      0    kernel: (AMDRadeonX6000Framebuffer) [7:0:0] AMDRadeonX6000_AmdRadeonControllerNavi10::probe() !!! FAIL: Check ID! device_id:0x73bf rev_id:0xc0
2026-09-13 19:19:19.078805-0300 0x867      Default     0x0                  0      0    kernel: Boot args: -v debug=0x100 keepsyms=1 npci=0x2000 agdpmod=pikera
2026-09-13 19:19:20.733435-0300 0x865      Default     0x0                  0      0    kernel: Boot args: -v debug=0x100 keepsyms=1 npci=0x2000 agdpmod=pikera
2026-09-13 19:19:21.382559-0300 0x832      Default     0x0                  0      0    kernel: (AMDRadeonX6000Framebuffer) [7:0:0] [AGDC] AMDRadeonX6000_AmdAgdcServices::vendor_doDeviceAttribute() ??? Controller is NOT enabled so SKIP. cmd:[       3].
2026-09-13 19:19:21.382770-0300 0xa50      Default     0x0                  0      0    kernel: (AppleGraphicsDevicePolicy) Adding AGDP mode validate property
2026-09-13 19:19:21.383755-0300 0x41a      Default     0x0                  0      0    kernel: (AppleGraphicsDevicePolicy) AGDP:: VendorEventHandler:484 VendorEventHandler [GFX0:AMD]: Port: 600956928.00000000 Event:Framebuffer [4]
2026-09-13 19:19:21.384351-0300 0x41a      Default     0x0                  0      0    kernel: (AppleGraphicsDevicePolicy) AGDP:: VendorEventHandler:484 VendorEventHandler [GFX0:AMD]: Port: 601153536.00000000 Event:Framebuffer [4]
2026-09-13 19:19:21.384911-0300 0x41a      Default     0x0                  0      0    kernel: (AppleGraphicsDevicePolicy) AGDP:: VendorEventHandler:484 VendorEventHandler [GFX0:AMD]: Port: 601350144.00000000 Event:Framebuffer [4]
2026-09-13 19:19:21.385685-0300 0x41a      Default     0x0                  0      0    kernel: (AppleGraphicsDevicePolicy) AGDP:: VendorEventHandler:484 VendorEventHandler [GFX0:AMD]: Port: 601612288.00000000 Event:Framebuffer [4]
2026-09-13 19:19:21.386043-0300 0x41a      Default     0x0                  0      0    kernel: (AMDRadeonX6000Framebuffer) [7:0:0] [FB:0] AmdRadeonFramebuffer::setCursorImage() !!! Driver is offline.
2026-09-13 19:19:21.386047-0300 0x41a      Default     0x0                  0      0    kernel: (AMDRadeonX6000Framebuffer) [7:0:0] [FB:1] AmdRadeonFramebuffer::setCursorImage() !!! Driver is offline.
2026-09-13 19:19:21.386049-0300 0x41a      Default     0x0                  0      0    kernel: (AMDRadeonX6000Framebuffer) [7:0:0] [FB:2] AmdRadeonFramebuffer::setCursorImage() !!! Driver is offline.
2026-09-13 19:19:21.386052-0300 0x41a      Default     0x0                  0      0    kernel: (AMDRadeonX6000Framebuffer) [7:0:0] [FB:3] AmdRadeonFramebuffer::setCursorImage() !!! Driver is offline.
2026-09-13 19:19:21.802328-0300 0xa76      Default     0x0                  0      0    kernel: (AMDRadeonX6000Framebuffer) [7:0:0] [AGDC] AMDRadeonX6000_AmdAgdcServices::auxStreamTransfer() ??? AUX Not Supported on This Port: 4.
2026-09-13 19:19:21.812515-0300 0xa76      Default     0x0                  0      0    kernel: (AMDRadeonX6000Framebuffer) [7:0:0] [AGDC] AMDRadeonX6000_AmdAgdcServices::auxStreamTransfer() ??? AUX Not Supported on This Port: 4.
2026-09-13 19:19:21.822559-0300 0xa76      Default     0x0                  0      0    kernel: (AMDRadeonX6000Framebuffer) [7:0:0] [AGDC] AMDRadeonX6000_AmdAgdcServices::auxStreamTransfer() ??? AUX Not Supported on This Port: 4.
2026-09-13 19:19:21.832655-0300 0xa76      Default     0x0                  0      0    kernel: (AMDRadeonX6000Framebuffer) [7:0:0] [AGDC] AMDRadeonX6000_AmdAgdcServices::auxStreamTransfer() ??? AUX Not Supported on This Port: 4.
2026-09-13 19:19:21.842891-0300 0xa76      Default     0x0                  0      0    kernel: (AMDRadeonX6000Framebuffer) [7:0:0] [AGDC] AMDRadeonX6000_AmdAgdcServices::auxStreamTransfer() ??? AUX Not Supported on This Port: 4.
2026-09-13 19:19:21.862720-0300 0x41a      Default     0x0                  0      0    kernel: (AppleGraphicsDevicePolicy) AGDP:: VendorEventHandler:484 VendorEventHandler [GFX0:AMD]: Port: 436352640.00000000 Event:ValidateModeTiming [a]
2026-09-13 19:19:21.862727-0300 0x41a      Default     0x0                  0      0    kernel: (AppleGraphicsDevicePolicy) AGDP:: VendorEventHandler:751 kAGDCRegisterLinkValidateModeTiming: FB:0 -> 1920 x 1080, ext_blanking=0, 228800000 Hz
2026-09-13 19:19:21.862731-0300 0x41a      Default     0x0                  0      0    kernel: (AppleGraphicsDevicePolicy) AGDP:: VendorEventHandler:752 kAGDCRegisterLinkValidateModeTiming-ext: pEnc 0x2, pBPC=0x2, pColometry=0x80, dRange=0x1 dscBPP=0
2026-09-13 19:19:21.862735-0300 0x41a      Default     0x0                  0      0    kernel: (AppleGraphicsDevicePolicy) AGDP:: validateMode:166 Validating mode FB:0 -> 1920 x 1080, 228800000 Hz
2026-09-13 19:19:21.862738-0300 0x41a      Default     0x0                  0      0    kernel: (AppleGraphicsDevicePolicy) AGDP:: validateMode:368 response accepted on:0
2026-09-13 19:19:21.862740-0300 0x41a      Default     0x0                  0      0    kernel: (AppleGraphicsDevicePolicy) AGDP:: VendorEventHandler:781 kAGDCRegisterLinkValidateModeTiming: accepted by policy.
2026-09-13 19:19:21.863022-0300 0x41a      Default     0x0                  0      0    kernel: (AppleGraphicsDevicePolicy) AGDP:: VendorEventHandler:484 VendorEventHandler [GFX0:AMD]: Port: 436352640.00000000 Event:ValidateModeTiming [a]
2026-09-13 19:19:21.863028-0300 0x41a      Default     0x0                  0      0    kernel: (AppleGraphicsDevicePolicy) AGDP:: VendorEventHandler:751 kAGDCRegisterLinkValidateModeTiming: FB:0 -> 1920 x 1080, ext_blanking=0, 138500000 Hz
2026-09-13 19:19:21.863031-0300 0x41a      Default     0x0                  0      0    kernel: (AppleGraphicsDevicePolicy) AGDP:: VendorEventHandler:752 kAGDCRegisterLinkValidateModeTiming-ext: pEnc 0x2, pBPC=0x2, pColometry=0x80, dRange=0x1 dscBPP=0
2026-09-13 19:19:21.863034-0300 0x41a      Default     0x0                  0      0    kernel: (AppleGraphicsDevicePolicy) AGDP:: validateMode:166 Validating mode FB:0 -> 1920 x 1080, 138500000 Hz
2026-09-13 19:19:21.863037-0300 0x41a      Default     0x0                  0      0    kernel: (AppleGraphicsDevicePolicy) AGDP:: validateMode:368 response accepted on:0
2026-09-13 19:19:21.863039-0300 0x41a      Default     0x0                  0      0    kernel: (AppleGraphicsDevicePolicy) AGDP:: VendorEventHandler:781 kAGDCRegisterLinkValidateModeTiming: accepted by policy.
2026-09-13 19:19:21.863302-0300 0x41a      Default     0x0                  0      0    kernel: (AppleGraphicsDevicePolicy) AGDP:: VendorEventHandler:484 VendorEventHandler [GFX0:AMD]: Port: 436352640.00000000 Event:ValidateModeTiming [a]
2026-09-13 19:19:21.863307-0300 0x41a      Default     0x0                  0      0    kernel: (AppleGraphicsDevicePolicy) AGDP:: VendorEventHandler:751 kAGDCRegisterLinkValidateModeTiming: FB:0 -> 1280 x 720, ext_blanking=0, 74250000 Hz
2026-09-13 19:19:21.863310-0300 0x41a      Default     0x0                  0      0    kernel: (AppleGraphicsDevicePolicy) AGDP:: VendorEventHandler:752 kAGDCRegisterLinkValidateModeTiming-ext: pEnc 0x2, pBPC=0x2, pColometry=0x80, dRange=0x1 dscBPP=0
2026-09-13 19:19:21.863313-0300 0x41a      Default     0x0                  0      0    kernel: (AppleGraphicsDevicePolicy) AGDP:: validateMode:166 Validating mode FB:0 -> 1280 x 720, 74250000 Hz
2026-09-13 19:19:21.863316-0300 0x41a      Default     0x0                  0      0    kernel: (AppleGraphicsDevicePolicy) AGDP:: validateMode:368 response accepted on:0
2026-09-13 19:19:21.863318-0300 0x41a      Default     0x0                  0      0    kernel: (AppleGraphicsDevicePolicy) AGDP:: VendorEventHandler:781 kAGDCRegisterLinkValidateModeTiming: accepted by policy.
2026-09-13 19:19:21.863550-0300 0x41a      Default     0x0                  0      0    kernel: (AppleGraphicsDevicePolicy) AGDP:: VendorEventHandler:484 VendorEventHandler [GFX0:AMD]: Port: 436352640.00000000 Event:ValidateModeTiming [a]
2026-09-13 19:19:21.863555-0300 0x41a      Default     0x0                  0      0    kernel: (AppleGraphicsDevicePolicy) AGDP:: VendorEventHandler:751 kAGDCRegisterLinkValidateModeTiming: FB:0 -> 720 x 480, ext_blanking=0, 27000000 Hz
2026-09-13 19:19:21.863559-0300 0x41a      Default     0x0                  0      0    kernel: (AppleGraphicsDevicePolicy) AGDP:: VendorEventHandler:752 kAGDCRegisterLinkValidateModeTiming-ext: pEnc 0x2, pBPC=0x2, pColometry=0x80, dRange=0x1 dscBPP=0
2026-09-13 19:19:21.863562-0300 0x41a      Default     0x0                  0      0    kernel: (AppleGraphicsDevicePolicy) AGDP:: validateMode:166 Validating mode FB:0 -> 720 x 480, 27000000 Hz
2026-09-13 19:19:21.863564-0300 0x41a      Default     0x0                  0      0    kernel: (AppleGraphicsDevicePolicy) AGDP:: validateMode:368 response accepted on:0
2026-09-13 19:19:21.863566-0300 0x41a      Default     0x0                  0      0    kernel: (AppleGraphicsDevicePolicy) AGDP:: VendorEventHandler:781 kAGDCRegisterLinkValidateModeTiming: accepted by policy.
2026-09-13 19:19:21.863780-0300 0x41a      Default     0x0                  0      0    kernel: (AppleGraphicsDevicePolicy) AGDP:: VendorEventHandler:484 VendorEventHandler [GFX0:AMD]: Port: 436352640.00000000 Event:ValidateModeTiming [a]
2026-09-13 19:19:21.863785-0300 0x41a      Default     0x0                  0      0    kernel: (AppleGraphicsDevicePolicy) AGDP:: VendorEventHandler:751 kAGDCRegisterLinkValidateModeTiming: FB:0 -> 640 x 480, ext_blanking=0, 25174999 Hz
2026-09-13 19:19:21.863793-0300 0x41a      Default     0x0                  0      0    kernel: (AppleGraphicsDevicePolicy) AGDP:: VendorEventHandler:752 kAGDCRegisterLinkValidateModeTiming-ext: pEnc 0x2, pBPC=0x2, pColometry=0x80, dRange=0x1 dscBPP=0
2026-09-13 19:19:21.863796-0300 0x41a      Default     0x0                  0      0    kernel: (AppleGraphicsDevicePolicy) AGDP:: validateMode:166 Validating mode FB:0 -> 640 x 480, 25174999 Hz
2026-09-13 19:19:21.863798-0300 0x41a      Default     0x0                  0      0    kernel: (AppleGraphicsDevicePolicy) AGDP:: validateMode:368 response accepted on:0
2026-09-13 19:19:21.863800-0300 0x41a      Default     0x0                  0      0    kernel: (AppleGraphicsDevicePolicy) AGDP:: VendorEventHandler:781 kAGDCRegisterLinkValidateModeTiming: accepted by policy.
2026-09-13 19:19:21.864014-0300 0x41a      Default     0x0                  0      0    kernel: (AppleGraphicsDevicePolicy) AGDP:: VendorEventHandler:484 VendorEventHandler [GFX0:AMD]: Port: 436352640.00000000 Event:ValidateModeTiming [a]
2026-09-13 19:19:21.864019-0300 0x41a      Default     0x0                  0      0    kernel: (AppleGraphicsDevicePolicy) AGDP:: VendorEventHandler:751 kAGDCRegisterLinkValidateModeTiming: FB:0 -> 720 x 576, ext_blanking=0, 27000000 Hz
2026-09-13 19:19:21.864023-0300 0x41a      Default     0x0                  0      0    kernel: (AppleGraphicsDevicePolicy) AGDP:: VendorEventHandler:752 kAGDCRegisterLinkValidateModeTiming-ext: pEnc 0x2, pBPC=0x2, pColometry=0x80, dRange=0x1 dscBPP=0
2026-09-13 19:19:21.864026-0300 0x41a      Default     0x0                  0      0    kernel: (AppleGraphicsDevicePolicy) AGDP:: validateMode:166 Validating mode FB:0 -> 720 x 576, 27000000 Hz
2026-09-13 19:19:21.864028-0300 0x41a      Default     0x0                  0      0    kernel: (AppleGraphicsDevicePolicy) AGDP:: validateMode:368 response accepted on:0
2026-09-13 19:19:21.864030-0300 0x41a      Default     0x0                  0      0    kernel: (AppleGraphicsDevicePolicy) AGDP:: VendorEventHandler:781 kAGDCRegisterLinkValidateModeTiming: accepted by policy.
2026-09-13 19:19:21.864284-0300 0x41a      Default     0x0                  0      0    kernel: (AppleGraphicsDevicePolicy) AGDP:: VendorEventHandler:484 VendorEventHandler [GFX0:AMD]: Port: 436352640.00000000 Event:ValidateModeTiming [a]
2026-09-13 19:19:21.864289-0300 0x41a      Default     0x0                  0      0    kernel: (AppleGraphicsDevicePolicy) AGDP:: VendorEventHandler:751 kAGDCRegisterLinkValidateModeTiming: FB:0 -> 1280 x 720, ext_blanking=0, 74250000 Hz
2026-09-13 19:19:21.864292-0300 0x41a      Default     0x0                  0      0    kernel: (AppleGraphicsDevicePolicy) AGDP:: VendorEventHandler:752 kAGDCRegisterLinkValidateModeTiming-ext: pEnc 0x2, pBPC=0x2, pColometry=0x80, dRange=0x1 dscBPP=0
2026-09-13 19:19:21.864295-0300 0x41a      Default     0x0                  0      0    kernel: (AppleGraphicsDevicePolicy) AGDP:: validateMode:166 Validating mode FB:0 -> 1280 x 720, 74250000 Hz
2026-09-13 19:19:21.864298-0300 0x41a      Default     0x0                  0      0    kernel: (AppleGraphicsDevicePolicy) AGDP:: validateMode:368 response accepted on:0
2026-09-13 19:19:21.864300-0300 0x41a      Default     0x0                  0      0    kernel: (AppleGraphicsDevicePolicy) AGDP:: VendorEventHandler:781 kAGDCRegisterLinkValidateModeTiming: accepted by policy.
2026-09-13 19:19:21.864510-0300 0x41a      Default     0x0                  0      0    kernel: (AppleGraphicsDevicePolicy) AGDP:: VendorEventHandler:484 VendorEventHandler [GFX0:AMD]: Port: 436352640.00000000 Event:ValidateModeTiming [a]
2026-09-13 19:19:21.864515-0300 0x41a      Default     0x0                  0      0    kernel: (AppleGraphicsDevicePolicy) AGDP:: VendorEventHandler:751 kAGDCRegisterLinkValidateModeTiming: FB:0 -> 1920 x 1080, ext_blanking=0, 148500000 Hz
2026-09-13 19:19:21.864518-0300 0x41a      Default     0x0                  0      0    kernel: (AppleGraphicsDevicePolicy) AGDP:: VendorEventHandler:752 kAGDCRegisterLinkValidateModeTiming-ext: pEnc 0x2, pBPC=0x2, pColometry=0x80, dRange=0x1 dscBPP=0
2026-09-13 19:19:21.864521-0300 0x41a      Default     0x0                  0      0    kernel: (AppleGraphicsDevicePolicy) AGDP:: validateMode:166 Validating mode FB:0 -> 1920 x 1080, 148500000 Hz
2026-09-13 19:19:21.864524-0300 0x41a      Default     0x0                  0      0    kernel: (AppleGraphicsDevicePolicy) AGDP:: validateMode:368 response accepted on:0
2026-09-13 19:19:21.864525-0300 0x41a      Default     0x0                  0      0    kernel: (AppleGraphicsDevicePolicy) AGDP:: VendorEventHandler:781 kAGDCRegisterLinkValidateModeTiming: accepted by policy.
2026-09-13 19:19:21.864744-0300 0x41a      Default     0x0                  0      0    kernel: (AppleGraphicsDevicePolicy) AGDP:: VendorEventHandler:484 VendorEventHandler [GFX0:AMD]: Port: 436352640.00000000 Event:ValidateModeTiming [a]
2026-09-13 19:19:21.864749-0300 0x41a      Default     0x0                  0      0    kernel: (AppleGraphicsDevicePolicy) AGDP:: VendorEventHandler:751 kAGDCRegisterLinkValidateModeTiming: FB:0 -> 1920 x 1080, ext_blanking=0, 174500000 Hz
2026-09-13 19:19:21.864752-0300 0x41a      Default     0x0                  0      0    kernel: (AppleGraphicsDevicePolicy) AGDP:: VendorEventHandler:752 kAGDCRegisterLinkValidateModeTiming-ext: pEnc 0x2, pBPC=0x2, pColometry=0x80, dRange=0x1 dscBPP=0
2026-09-13 19:19:21.864755-0300 0x41a      Default     0x0                  0      0    kernel: (AppleGraphicsDevicePolicy) AGDP:: validateMode:166 Validating mode FB:0 -> 1920 x 1080, 174500000 Hz
2026-09-13 19:19:21.864758-0300 0x41a      Default     0x0                  0      0    kernel: (AppleGraphicsDevicePolicy) AGDP:: validateMode:368 response accepted on:0
2026-09-13 19:19:21.864760-0300 0x41a      Default     0x0                  0      0    kernel: (AppleGraphicsDevicePolicy) AGDP:: VendorEventHandler:781 kAGDCRegisterLinkValidateModeTiming: accepted by policy.
2026-09-13 19:19:21.864974-0300 0x41a      Default     0x0                  0      0    kernel: (AppleGraphicsDevicePolicy) AGDP:: VendorEventHandler:484 VendorEventHandler [GFX0:AMD]: Port: 436352640.00000000 Event:ValidateModeTiming [a]
2026-09-13 19:19:21.864979-0300 0x41a      Default     0x0                  0      0    kernel: (AppleGraphicsDevicePolicy) AGDP:: VendorEventHandler:751 kAGDCRegisterLinkValidateModeTiming: FB:0 -> 1280 x 720, ext_blanking=0, 74250000 Hz
2026-09-13 19:19:21.864982-0300 0x41a      Default     0x0                  0      0    kernel: (AppleGraphicsDevicePolicy) AGDP:: VendorEventHandler:752 kAGDCRegisterLinkValidateModeTiming-ext: pEnc 0x2, pBPC=0x2, pColometry=0x80, dRange=0x1 dscBPP=0
2026-09-13 19:19:21.864985-0300 0x41a      Default     0x0                  0      0    kernel: (AppleGraphicsDevicePolicy) AGDP:: validateMode:166 Validating mode FB:0 -> 1280 x 720, 74250000 Hz
2026-09-13 19:19:21.864988-0300 0x41a      Default     0x0                  0      0    kernel: (AppleGraphicsDevicePolicy) AGDP:: validateMode:368 response accepted on:0
2026-09-13 19:19:21.864990-0300 0x41a      Default     0x0                  0      0    kernel: (AppleGraphicsDevicePolicy) AGDP:: VendorEventHandler:781 kAGDCRegisterLinkValidateModeTiming: accepted by policy.
2026-09-13 19:19:21.865026-0300 0x41a      Default     0x0                  0      0    kernel: (AppleGraphicsDevicePolicy) AGDP:: VendorEventHandler:484 VendorEventHandler [GFX0:AMD]: Port: 436352640.00000000 Event:ValidateModeTiming [a]
2026-09-13 19:19:21.865030-0300 0x41a      Default     0x0                  0      0    kernel: (AppleGraphicsDevicePolicy) AGDP:: VendorEventHandler:751 kAGDCRegisterLinkValidateModeTiming: FB:0 -> 1280 x 720, ext_blanking=0, 74250000 Hz
2026-09-13 19:19:21.865033-0300 0x41a      Default     0x0                  0      0    kernel: (AppleGraphicsDevicePolicy) AGDP:: VendorEventHandler:752 kAGDCRegisterLinkValidateModeTiming-ext: pEnc 0x1, pBPC=0x2, pColometry=0x80, dRange=0x1 dscBPP=0
2026-09-13 19:19:21.865036-0300 0x41a      Default     0x0                  0      0    kernel: (AppleGraphicsDevicePolicy) AGDP:: validateMode:166 Validating mode FB:0 -> 1280 x 720, 74250000 Hz
2026-09-13 19:19:21.865039-0300 0x41a      Default     0x0                  0      0    kernel: (AppleGraphicsDevicePolicy) AGDP:: validateMode:368 response accepted on:0
2026-09-13 19:19:21.865041-0300 0x41a      Default     0x0                  0      0    kernel: (AppleGraphicsDevicePolicy) AGDP:: VendorEventHandler:781 kAGDCRegisterLinkValidateModeTiming: accepted by policy.
2026-09-13 19:19:21.865286-0300 0x41a      Default     0x0                  0      0    kernel: (AppleGraphicsDevicePolicy) AGDP:: VendorEventHandler:484 VendorEventHandler [GFX0:AMD]: Port: 436352640.00000000 Event:ValidateModeTiming [a]
2026-09-13 19:19:21.865293-0300 0x41a      Default     0x0                  0      0    kernel: (AppleGraphicsDevicePolicy) AGDP:: VendorEventHandler:751 kAGDCRegisterLinkValidateModeTiming: FB:0 -> 1920 x 1080, ext_blanking=0, 228800000 Hz
2026-09-13 19:19:21.865297-0300 0x41a      Default     0x0                  0      0    kernel: (AppleGraphicsDevicePolicy) AGDP:: VendorEventHandler:752 kAGDCRegisterLinkValidateModeTiming-ext: pEnc 0x2, pBPC=0x2, pColometry=0x80, dRange=0x1 dscBPP=0
2026-09-13 19:19:21.865300-0300 0x41a      Default     0x0                  0      0    kernel: (AppleGraphicsDevicePolicy) AGDP:: validateMode:166 Validating mode FB:0 -> 1920 x 1080, 228800000 Hz
2026-09-13 19:19:21.865302-0300 0x41a      Default     0x0                  0      0    kernel: (AppleGraphicsDevicePolicy) AGDP:: validateMode:368 response accepted on:0
2026-09-13 19:19:21.865304-0300 0x41a      Default     0x0                  0      0    kernel: (AppleGraphicsDevicePolicy) AGDP:: VendorEventHandler:781 kAGDCRegisterLinkValidateModeTiming: accepted by policy.
2026-09-13 19:19:21.865480-0300 0x41a      Default     0x0                  0      0    kernel: (AppleGraphicsDevicePolicy) AGDP:: VendorEventHandler:484 VendorEventHandler [GFX0:AMD]: Port: 436352640.00000000 Event:ValidateModeTiming [a]
2026-09-13 19:19:21.865485-0300 0x41a      Default     0x0                  0      0    kernel: (AppleGraphicsDevicePolicy) AGDP:: VendorEventHandler:751 kAGDCRegisterLinkValidateModeTiming: FB:0 -> 1920 x 1080, ext_blanking=0, 228800000 Hz
2026-09-13 19:19:21.865488-0300 0x41a      Default     0x0                  0      0    kernel: (AppleGraphicsDevicePolicy) AGDP:: VendorEventHandler:752 kAGDCRegisterLinkValidateModeTiming-ext: pEnc 0x2, pBPC=0x2, pColometry=0x80, dRange=0x1 dscBPP=0
2026-09-13 19:19:21.865491-0300 0x41a      Default     0x0                  0      0    kernel: (AppleGraphicsDevicePolicy) AGDP:: validateMode:166 Validating mode FB:0 -> 1920 x 1080, 228800000 Hz
2026-09-13 19:19:21.865494-0300 0x41a      Default     0x0                  0      0    kernel: (AppleGraphicsDevicePolicy) AGDP:: validateMode:368 response accepted on:0
2026-09-13 19:19:21.865496-0300 0x41a      Default     0x0                  0      0    kernel: (AppleGraphicsDevicePolicy) AGDP:: VendorEventHandler:781 kAGDCRegisterLinkValidateModeTiming: accepted by policy.
2026-09-13 19:19:21.865682-0300 0x41a      Default     0x0                  0      0    kernel: (AppleGraphicsDevicePolicy) AGDP:: VendorEventHandler:484 VendorEventHandler [GFX0:AMD]: Port: 436352640.00000000 Event:ValidateModeTiming [a]
2026-09-13 19:19:21.865687-0300 0x41a      Default     0x0                  0      0    kernel: (AppleGraphicsDevicePolicy) AGDP:: VendorEventHandler:751 kAGDCRegisterLinkValidateModeTiming: FB:0 -> 1920 x 1080, ext_blanking=0, 228800000 Hz
2026-09-13 19:19:21.865690-0300 0x41a      Default     0x0                  0      0    kernel: (AppleGraphicsDevicePolicy) AGDP:: VendorEventHandler:752 kAGDCRegisterLinkValidateModeTiming-ext: pEnc 0x2, pBPC=0x2, pColometry=0x80, dRange=0x1 dscBPP=0
2026-09-13 19:19:21.865693-0300 0x41a      Default     0x0                  0      0    kernel: (AppleGraphicsDevicePolicy) AGDP:: validateMode:166 Validating mode FB:0 -> 1920 x 1080, 228800000 Hz
2026-09-13 19:19:21.865695-0300 0x41a      Default     0x0                  0      0    kernel: (AppleGraphicsDevicePolicy) AGDP:: validateMode:368 response accepted on:0
2026-09-13 19:19:21.865697-0300 0x41a      Default     0x0                  0      0    kernel: (AppleGraphicsDevicePolicy) AGDP:: VendorEventHandler:781 kAGDCRegisterLinkValidateModeTiming: accepted by policy.
2026-09-13 19:19:21.865860-0300 0x41a      Default     0x0                  0      0    kernel: (AppleGraphicsDevicePolicy) AGDP:: VendorEventHandler:484 VendorEventHandler [GFX0:AMD]: Port: 436352640.00000000 Event:ValidateModeTiming [a]
2026-09-13 19:19:21.865865-0300 0x41a      Default     0x0                  0      0    kernel: (AppleGraphicsDevicePolicy) AGDP:: VendorEventHandler:751 kAGDCRegisterLinkValidateModeTiming: FB:0 -> 1920 x 1080, ext_blanking=0, 228800000 Hz
2026-09-13 19:19:21.865868-0300 0x41a      Default     0x0                  0      0    kernel: (AppleGraphicsDevicePolicy) AGDP:: VendorEventHandler:752 kAGDCRegisterLinkValidateModeTiming-ext: pEnc 0x2, pBPC=0x2, pColometry=0x80, dRange=0x1 dscBPP=0
2026-09-13 19:19:21.865871-0300 0x41a      Default     0x0                  0      0    kernel: (AppleGraphicsDevicePolicy) AGDP:: validateMode:166 Validating mode FB:0 -> 1920 x 1080, 228800000 Hz
2026-09-13 19:19:21.865873-0300 0x41a      Default     0x0                  0      0    kernel: (AppleGraphicsDevicePolicy) AGDP:: validateMode:368 response accepted on:0
2026-09-13 19:19:21.865875-0300 0x41a      Default     0x0                  0      0    kernel: (AppleGraphicsDevicePolicy) AGDP:: VendorEventHandler:781 kAGDCRegisterLinkValidateModeTiming: accepted by policy.
2026-09-13 19:19:21.866062-0300 0x41a      Default     0x0                  0      0    kernel: (AppleGraphicsDevicePolicy) AGDP:: VendorEventHandler:484 VendorEventHandler [GFX0:AMD]: Port: 436352640.00000000 Event:ValidateModeTiming [a]
2026-09-13 19:19:21.866067-0300 0x41a      Default     0x0                  0      0    kernel: (AppleGraphicsDevicePolicy) AGDP:: VendorEventHandler:751 kAGDCRegisterLinkValidateModeTiming: FB:0 -> 1920 x 1080, ext_blanking=0, 228800000 Hz
2026-09-13 19:19:21.866070-0300 0x41a      Default     0x0                  0      0    kernel: (AppleGraphicsDevicePolicy) AGDP:: VendorEventHandler:752 kAGDCRegisterLinkValidateModeTiming-ext: pEnc 0x2, pBPC=0x2, pColometry=0x80, dRange=0x1 dscBPP=0
2026-09-13 19:19:21.866073-0300 0x41a      Default     0x0                  0      0    kernel: (AppleGraphicsDevicePolicy) AGDP:: validateMode:166 Validating mode FB:0 -> 1920 x 1080, 228800000 Hz
2026-09-13 19:19:21.866076-0300 0x41a      Default     0x0                  0      0    kernel: (AppleGraphicsDevicePolicy) AGDP:: validateMode:368 response accepted on:0
2026-09-13 19:19:21.866077-0300 0x41a      Default     0x0                  0      0    kernel: (AppleGraphicsDevicePolicy) AGDP:: VendorEventHandler:781 kAGDCRegisterLinkValidateModeTiming: accepted by policy.
2026-09-13 19:19:21.866246-0300 0x41a      Default     0x0                  0      0    kernel: (AppleGraphicsDevicePolicy) AGDP:: VendorEventHandler:484 VendorEventHandler [GFX0:AMD]: Port: 436352640.00000000 Event:ValidateModeTiming [a]
2026-09-13 19:19:21.866250-0300 0x41a      Default     0x0                  0      0    kernel: (AppleGraphicsDevicePolicy) AGDP:: VendorEventHandler:751 kAGDCRegisterLinkValidateModeTiming: FB:0 -> 1920 x 1080, ext_blanking=0, 228800000 Hz
2026-09-13 19:19:21.866253-0300 0x41a      Default     0x0                  0      0    kernel: (AppleGraphicsDevicePolicy) AGDP:: VendorEventHandler:752 kAGDCRegisterLinkValidateModeTiming-ext: pEnc 0x2, pBPC=0x2, pColometry=0x80, dRange=0x1 dscBPP=0
2026-09-13 19:19:21.866256-0300 0x41a      Default     0x0                  0      0    kernel: (AppleGraphicsDevicePolicy) AGDP:: validateMode:166 Validating mode FB:0 -> 1920 x 1080, 228800000 Hz
2026-09-13 19:19:21.866259-0300 0x41a      Default     0x0                  0      0    kernel: (AppleGraphicsDevicePolicy) AGDP:: validateMode:368 response accepted on:0
2026-09-13 19:19:21.866261-0300 0x41a      Default     0x0                  0      0    kernel: (AppleGraphicsDevicePolicy) AGDP:: VendorEventHandler:781 kAGDCRegisterLinkValidateModeTiming: accepted by policy.
2026-09-13 19:19:21.866429-0300 0x41a      Default     0x0                  0      0    kernel: (AppleGraphicsDevicePolicy) AGDP:: VendorEventHandler:484 VendorEventHandler [GFX0:AMD]: Port: 436352640.00000000 Event:ValidateModeTiming [a]
2026-09-13 19:19:21.866434-0300 0x41a      Default     0x0                  0      0    kernel: (AppleGraphicsDevicePolicy) AGDP:: VendorEventHandler:751 kAGDCRegisterLinkValidateModeTiming: FB:0 -> 1920 x 1080, ext_blanking=0, 228800000 Hz
2026-09-13 19:19:21.866437-0300 0x41a      Default     0x0                  0      0    kernel: (AppleGraphicsDevicePolicy) AGDP:: VendorEventHandler:752 kAGDCRegisterLinkValidateModeTiming-ext: pEnc 0x2, pBPC=0x2, pColometry=0x80, dRange=0x1 dscBPP=0
2026-09-13 19:19:21.866440-0300 0x41a      Default     0x0                  0      0    kernel: (AppleGraphicsDevicePolicy) AGDP:: validateMode:166 Validating mode FB:0 -> 1920 x 1080, 228800000 Hz
2026-09-13 19:19:21.866443-0300 0x41a      Default     0x0                  0      0    kernel: (AppleGraphicsDevicePolicy) AGDP:: validateMode:368 response accepted on:0
2026-09-13 19:19:21.866447-0300 0x41a      Default     0x0                  0      0    kernel: (AppleGraphicsDevicePolicy) AGDP:: VendorEventHandler:781 kAGDCRegisterLinkValidateModeTiming: accepted by policy.
2026-09-13 19:19:21.866459-0300 0x41a      Default     0x0                  0      0    kernel: (AppleGraphicsDevicePolicy) AGDP:: VendorEventHandler:484 VendorEventHandler [GFX0:AMD]: Port: 436352640.00000000 Event:ValidateModeTiming [a]
2026-09-13 19:19:21.866462-0300 0x41a      Default     0x0                  0      0    kernel: (AppleGraphicsDevicePolicy) AGDP:: VendorEventHandler:751 kAGDCRegisterLinkValidateModeTiming: FB:0 -> 1920 x 1080, ext_blanking=0, 228800000 Hz
2026-09-13 19:19:21.866465-0300 0x41a      Default     0x0                  0      0    kernel: (AppleGraphicsDevicePolicy) AGDP:: VendorEventHandler:752 kAGDCRegisterLinkValidateModeTiming-ext: pEnc 0x2, pBPC=0x2, pColometry=0x80, dRange=0x1 dscBPP=0
2026-09-13 19:19:21.866468-0300 0x41a      Default     0x0                  0      0    kernel: (AppleGraphicsDevicePolicy) AGDP:: validateMode:166 Validating mode FB:0 -> 1920 x 1080, 228800000 Hz
2026-09-13 19:19:21.866471-0300 0x41a      Default     0x0                  0      0    kernel: (AppleGraphicsDevicePolicy) AGDP:: validateMode:368 response accepted on:0
2026-09-13 19:19:21.866473-0300 0x41a      Default     0x0                  0      0    kernel: (AppleGraphicsDevicePolicy) AGDP:: VendorEventHandler:781 kAGDCRegisterLinkValidateModeTiming: accepted by policy.
2026-09-13 19:19:21.866653-0300 0x41a      Default     0x0                  0      0    kernel: (AppleGraphicsDevicePolicy) AGDP:: VendorEventHandler:484 VendorEventHandler [GFX0:AMD]: Port: 436352640.00000000 Event:ValidateModeTiming [a]
2026-09-13 19:19:21.866658-0300 0x41a      Default     0x0                  0      0    kernel: (AppleGraphicsDevicePolicy) AGDP:: VendorEventHandler:751 kAGDCRegisterLinkValidateModeTiming: FB:0 -> 1920 x 1080, ext_blanking=0, 228800000 Hz
2026-09-13 19:19:21.866661-0300 0x41a      Default     0x0                  0      0    kernel: (AppleGraphicsDevicePolicy) AGDP:: VendorEventHandler:752 kAGDCRegisterLinkValidateModeTiming-ext: pEnc 0x2, pBPC=0x2, pColometry=0x80, dRange=0x1 dscBPP=0
2026-09-13 19:19:21.866664-0300 0x41a      Default     0x0                  0      0    kernel: (AppleGraphicsDevicePolicy) AGDP:: validateMode:166 Validating mode FB:0 -> 1920 x 1080, 228800000 Hz
2026-09-13 19:19:21.866667-0300 0x41a      Default     0x0                  0      0    kernel: (AppleGraphicsDevicePolicy) AGDP:: validateMode:368 response accepted on:0
2026-09-13 19:19:21.866668-0300 0x41a      Default     0x0                  0      0    kernel: (AppleGraphicsDevicePolicy) AGDP:: VendorEventHandler:781 kAGDCRegisterLinkValidateModeTiming: accepted by policy.
2026-09-13 19:19:21.866841-0300 0x41a      Default     0x0                  0      0    kernel: (AppleGraphicsDevicePolicy) AGDP:: VendorEventHandler:484 VendorEventHandler [GFX0:AMD]: Port: 436352640.00000000 Event:ValidateModeTiming [a]
2026-09-13 19:19:21.866845-0300 0x41a      Default     0x0                  0      0    kernel: (AppleGraphicsDevicePolicy) AGDP:: VendorEventHandler:751 kAGDCRegisterLinkValidateModeTiming: FB:0 -> 1920 x 1080, ext_blanking=0, 228800000 Hz
2026-09-13 19:19:21.866848-0300 0x41a      Default     0x0                  0      0    kernel: (AppleGraphicsDevicePolicy) AGDP:: VendorEventHandler:752 kAGDCRegisterLinkValidateModeTiming-ext: pEnc 0x2, pBPC=0x2, pColometry=0x80, dRange=0x1 dscBPP=0
2026-09-13 19:19:21.866852-0300 0x41a      Default     0x0                  0      0    kernel: (AppleGraphicsDevicePolicy) AGDP:: validateMode:166 Validating mode FB:0 -> 1920 x 1080, 228800000 Hz
2026-09-13 19:19:21.866854-0300 0x41a      Default     0x0                  0      0    kernel: (AppleGraphicsDevicePolicy) AGDP:: validateMode:368 response accepted on:0
2026-09-13 19:19:21.866856-0300 0x41a      Default     0x0                  0      0    kernel: (AppleGraphicsDevicePolicy) AGDP:: VendorEventHandler:781 kAGDCRegisterLinkValidateModeTiming: accepted by policy.
2026-09-13 19:19:21.867029-0300 0x41a      Default     0x0                  0      0    kernel: (AppleGraphicsDevicePolicy) AGDP:: VendorEventHandler:484 VendorEventHandler [GFX0:AMD]: Port: 436352640.00000000 Event:ValidateModeTiming [a]
2026-09-13 19:19:21.867033-0300 0x41a      Default     0x0                  0      0    kernel: (AppleGraphicsDevicePolicy) AGDP:: VendorEventHandler:751 kAGDCRegisterLinkValidateModeTiming: FB:0 -> 1920 x 1080, ext_blanking=0, 228800000 Hz
2026-09-13 19:19:21.867037-0300 0x41a      Default     0x0                  0      0    kernel: (AppleGraphicsDevicePolicy) AGDP:: VendorEventHandler:752 kAGDCRegisterLinkValidateModeTiming-ext: pEnc 0x2, pBPC=0x2, pColometry=0x80, dRange=0x1 dscBPP=0
2026-09-13 19:19:21.867040-0300 0x41a      Default     0x0                  0      0    kernel: (AppleGraphicsDevicePolicy) AGDP:: validateMode:166 Validating mode FB:0 -> 1920 x 1080, 228800000 Hz
2026-09-13 19:19:21.867042-0300 0x41a      Default     0x0                  0      0    kernel: (AppleGraphicsDevicePolicy) AGDP:: validateMode:368 response accepted on:0
2026-09-13 19:19:21.867044-0300 0x41a      Default     0x0                  0      0    kernel: (AppleGraphicsDevicePolicy) AGDP:: VendorEventHandler:781 kAGDCRegisterLinkValidateModeTiming: accepted by policy.
2026-09-13 19:19:21.867233-0300 0x41a      Default     0x0                  0      0    kernel: (AppleGraphicsDevicePolicy) AGDP:: VendorEventHandler:484 VendorEventHandler [GFX0:AMD]: Port: 436352640.00000000 Event:ValidateModeTiming [a]
2026-09-13 19:19:21.867238-0300 0x41a      Default     0x0                  0      0    kernel: (AppleGraphicsDevicePolicy) AGDP:: VendorEventHandler:751 kAGDCRegisterLinkValidateModeTiming: FB:0 -> 1920 x 1080, ext_blanking=0, 228800000 Hz
2026-09-13 19:19:21.867241-0300 0x41a      Default     0x0                  0      0    kernel: (AppleGraphicsDevicePolicy) AGDP:: VendorEventHandler:752 kAGDCRegisterLinkValidateModeTiming-ext: pEnc 0x2, pBPC=0x2, pColometry=0x80, dRange=0x1 dscBPP=0
2026-09-13 19:19:21.867243-0300 0x41a      Default     0x0                  0      0    kernel: (AppleGraphicsDevicePolicy) AGDP:: validateMode:166 Validating mode FB:0 -> 1920 x 1080, 228800000 Hz
2026-09-13 19:19:21.867246-0300 0x41a      Default     0x0                  0      0    kernel: (AppleGraphicsDevicePolicy) AGDP:: validateMode:368 response accepted on:0
2026-09-13 19:19:21.867248-0300 0x41a      Default     0x0                  0      0    kernel: (AppleGraphicsDevicePolicy) AGDP:: VendorEventHandler:781 kAGDCRegisterLinkValidateModeTiming: accepted by policy.
2026-09-13 19:19:21.867415-0300 0x41a      Default     0x0                  0      0    kernel: (AppleGraphicsDevicePolicy) AGDP:: VendorEventHandler:484 VendorEventHandler [GFX0:AMD]: Port: 436352640.00000000 Event:ValidateModeTiming [a]
2026-09-13 19:19:21.867419-0300 0x41a      Default     0x0                  0      0    kernel: (AppleGraphicsDevicePolicy) AGDP:: VendorEventHandler:751 kAGDCRegisterLinkValidateModeTiming: FB:0 -> 1920 x 1080, ext_blanking=0, 228800000 Hz
2026-09-13 19:19:21.867422-0300 0x41a      Default     0x0                  0      0    kernel: (AppleGraphicsDevicePolicy) AGDP:: VendorEventHandler:752 kAGDCRegisterLinkValidateModeTiming-ext: pEnc 0x2, pBPC=0x2, pColometry=0x80, dRange=0x1 dscBPP=0
2026-09-13 19:19:21.867425-0300 0x41a      Default     0x0                  0      0    kernel: (AppleGraphicsDevicePolicy) AGDP:: validateMode:166 Validating mode FB:0 -> 1920 x 1080, 228800000 Hz
2026-09-13 19:19:21.867428-0300 0x41a      Default     0x0                  0      0    kernel: (AppleGraphicsDevicePolicy) AGDP:: validateMode:368 response accepted on:0
2026-09-13 19:19:21.867430-0300 0x41a      Default     0x0                  0      0    kernel: (AppleGraphicsDevicePolicy) AGDP:: VendorEventHandler:781 kAGDCRegisterLinkValidateModeTiming: accepted by policy.
2026-09-13 19:19:21.867633-0300 0x41a      Default     0x0                  0      0    kernel: (AppleGraphicsDevicePolicy) AGDP:: VendorEventHandler:484 VendorEventHandler [GFX0:AMD]: Port: 436352640.00000000 Event:ValidateModeTiming [a]
2026-09-13 19:19:21.867637-0300 0x41a      Default     0x0                  0      0    kernel: (AppleGraphicsDevicePolicy) AGDP:: VendorEventHandler:751 kAGDCRegisterLinkValidateModeTiming: FB:0 -> 1920 x 1080, ext_blanking=0, 228800000 Hz
2026-09-13 19:19:21.867641-0300 0x41a      Default     0x0                  0      0    kernel: (AppleGraphicsDevicePolicy) AGDP:: VendorEventHandler:752 kAGDCRegisterLinkValidateModeTiming-ext: pEnc 0x2, pBPC=0x2, pColometry=0x80, dRange=0x1 dscBPP=0
2026-09-13 19:19:21.867644-0300 0x41a      Default     0x0                  0      0    kernel: (AppleGraphicsDevicePolicy) AGDP:: validateMode:166 Validating mode FB:0 -> 1920 x 1080, 228800000 Hz
2026-09-13 19:19:21.867649-0300 0x41a      Default     0x0                  0      0    kernel: (AppleGraphicsDevicePolicy) AGDP:: validateMode:368 response accepted on:0
2026-09-13 19:19:21.867651-0300 0x41a      Default     0x0                  0      0    kernel: (AppleGraphicsDevicePolicy) AGDP:: VendorEventHandler:781 kAGDCRegisterLinkValidateModeTiming: accepted by policy.
2026-09-13 19:19:21.867823-0300 0x41a      Default     0x0                  0      0    kernel: (AppleGraphicsDevicePolicy) AGDP:: VendorEventHandler:484 VendorEventHandler [GFX0:AMD]: Port: 436352640.00000000 Event:ValidateModeTiming [a]
2026-09-13 19:19:21.867827-0300 0x41a      Default     0x0                  0      0    kernel: (AppleGraphicsDevicePolicy) AGDP:: VendorEventHandler:751 kAGDCRegisterLinkValidateModeTiming: FB:0 -> 1920 x 1080, ext_blanking=0, 228800000 Hz
2026-09-13 19:19:21.867831-0300 0x41a      Default     0x0                  0      0    kernel: (AppleGraphicsDevicePolicy) AGDP:: VendorEventHandler:752 kAGDCRegisterLinkValidateModeTiming-ext: pEnc 0x2, pBPC=0x2, pColometry=0x80, dRange=0x1 dscBPP=0
2026-09-13 19:19:21.867834-0300 0x41a      Default     0x0                  0      0    kernel: (AppleGraphicsDevicePolicy) AGDP:: validateMode:166 Validating mode FB:0 -> 1920 x 1080, 228800000 Hz
2026-09-13 19:19:21.867836-0300 0x41a      Default     0x0                  0      0    kernel: (AppleGraphicsDevicePolicy) AGDP:: validateMode:368 response accepted on:0
2026-09-13 19:19:21.867838-0300 0x41a      Default     0x0                  0      0    kernel: (AppleGraphicsDevicePolicy) AGDP:: VendorEventHandler:781 kAGDCRegisterLinkValidateModeTiming: accepted by policy.
2026-09-13 19:19:21.868009-0300 0x41a      Default     0x0                  0      0    kernel: (AppleGraphicsDevicePolicy) AGDP:: VendorEventHandler:484 VendorEventHandler [GFX0:AMD]: Port: 436352640.00000000 Event:ValidateModeTiming [a]
2026-09-13 19:19:21.868014-0300 0x41a      Default     0x0                  0      0    kernel: (AppleGraphicsDevicePolicy) AGDP:: VendorEventHandler:751 kAGDCRegisterLinkValidateModeTiming: FB:0 -> 1920 x 1080, ext_blanking=0, 228800000 Hz
2026-09-13 19:19:21.868017-0300 0x41a      Default     0x0                  0      0    kernel: (AppleGraphicsDevicePolicy) AGDP:: VendorEventHandler:752 kAGDCRegisterLinkValidateModeTiming-ext: pEnc 0x2, pBPC=0x2, pColometry=0x80, dRange=0x1 dscBPP=0
2026-09-13 19:19:21.868020-0300 0x41a      Default     0x0                  0      0    kernel: (AppleGraphicsDevicePolicy) AGDP:: validateMode:166 Validating mode FB:0 -> 1920 x 1080, 228800000 Hz
2026-09-13 19:19:21.868023-0300 0x41a      Default     0x0                  0      0    kernel: (AppleGraphicsDevicePolicy) AGDP:: validateMode:368 response accepted on:0
2026-09-13 19:19:21.868024-0300 0x41a      Default     0x0                  0      0    kernel: (AppleGraphicsDevicePolicy) AGDP:: VendorEventHandler:781 kAGDCRegisterLinkValidateModeTiming: accepted by policy.
2026-09-13 19:19:21.868202-0300 0x41a      Default     0x0                  0      0    kernel: (AppleGraphicsDevicePolicy) AGDP:: VendorEventHandler:484 VendorEventHandler [GFX0:AMD]: Port: 436352640.00000000 Event:ValidateModeTiming [a]
2026-09-13 19:19:21.868207-0300 0x41a      Default     0x0                  0      0    kernel: (AppleGraphicsDevicePolicy) AGDP:: VendorEventHandler:751 kAGDCRegisterLinkValidateModeTiming: FB:0 -> 1920 x 1080, ext_blanking=0, 138500000 Hz
2026-09-13 19:19:21.868210-0300 0x41a      Default     0x0                  0      0    kernel: (AppleGraphicsDevicePolicy) AGDP:: VendorEventHandler:752 kAGDCRegisterLinkValidateModeTiming-ext: pEnc 0x2, pBPC=0x2, pColometry=0x80, dRange=0x1 dscBPP=0
2026-09-13 19:19:21.868213-0300 0x41a      Default     0x0                  0      0    kernel: (AppleGraphicsDevicePolicy) AGDP:: validateMode:166 Validating mode FB:0 -> 1920 x 1080, 138500000 Hz
2026-09-13 19:19:21.868215-0300 0x41a      Default     0x0                  0      0    kernel: (AppleGraphicsDevicePolicy) AGDP:: validateMode:368 response accepted on:0
2026-09-13 19:19:21.868217-0300 0x41a      Default     0x0                  0      0    kernel: (AppleGraphicsDevicePolicy) AGDP:: VendorEventHandler:781 kAGDCRegisterLinkValidateModeTiming: accepted by policy.
2026-09-13 19:19:21.868425-0300 0x41a      Default     0x0                  0      0    kernel: (AppleGraphicsDevicePolicy) AGDP:: VendorEventHandler:484 VendorEventHandler [GFX0:AMD]: Port: 436352640.00000000 Event:ValidateModeTiming [a]
2026-09-13 19:19:21.868430-0300 0x41a      Default     0x0                  0      0    kernel: (AppleGraphicsDevicePolicy) AGDP:: VendorEventHandler:751 kAGDCRegisterLinkValidateModeTiming: FB:0 -> 1920 x 1080, ext_blanking=0, 138500000 Hz
2026-09-13 19:19:21.868433-0300 0x41a      Default     0x0                  0      0    kernel: (AppleGraphicsDevicePolicy) AGDP:: VendorEventHandler:752 kAGDCRegisterLinkValidateModeTiming-ext: pEnc 0x2, pBPC=0x2, pColometry=0x80, dRange=0x1 dscBPP=0
2026-09-13 19:19:21.868436-0300 0x41a      Default     0x0                  0      0    kernel: (AppleGraphicsDevicePolicy) AGDP:: validateMode:166 Validating mode FB:0 -> 1920 x 1080, 138500000 Hz
2026-09-13 19:19:21.868439-0300 0x41a      Default     0x0                  0      0    kernel: (AppleGraphicsDevicePolicy) AGDP:: validateMode:368 response accepted on:0
2026-09-13 19:19:21.868440-0300 0x41a      Default     0x0                  0      0    kernel: (AppleGraphicsDevicePolicy) AGDP:: VendorEventHandler:781 kAGDCRegisterLinkValidateModeTiming: accepted by policy.
2026-09-13 19:19:21.868617-0300 0x41a      Default     0x0                  0      0    kernel: (AppleGraphicsDevicePolicy) AGDP:: VendorEventHandler:484 VendorEventHandler [GFX0:AMD]: Port: 436352640.00000000 Event:ValidateModeTiming [a]
2026-09-13 19:19:21.868621-0300 0x41a      Default     0x0                  0      0    kernel: (AppleGraphicsDevicePolicy) AGDP:: VendorEventHandler:751 kAGDCRegisterLinkValidateModeTiming: FB:0 -> 1920 x 1080, ext_blanking=0, 138500000 Hz
2026-09-13 19:19:21.868625-0300 0x41a      Default     0x0                  0      0    kernel: (AppleGraphicsDevicePolicy) AGDP:: VendorEventHandler:752 kAGDCRegisterLinkValidateModeTiming-ext: pEnc 0x2, pBPC=0x2, pColometry=0x80, dRange=0x1 dscBPP=0
2026-09-13 19:19:21.868628-0300 0x41a      Default     0x0                  0      0    kernel: (AppleGraphicsDevicePolicy) AGDP:: validateMode:166 Validating mode FB:0 -> 1920 x 1080, 138500000 Hz
2026-09-13 19:19:21.868630-0300 0x41a      Default     0x0                  0      0    kernel: (AppleGraphicsDevicePolicy) AGDP:: validateMode:368 response accepted on:0
2026-09-13 19:19:21.868632-0300 0x41a      Default     0x0                  0      0    kernel: (AppleGraphicsDevicePolicy) AGDP:: VendorEventHandler:781 kAGDCRegisterLinkValidateModeTiming: accepted by policy.
2026-09-13 19:19:21.868814-0300 0x41a      Default     0x0                  0      0    kernel: (AppleGraphicsDevicePolicy) AGDP:: VendorEventHandler:484 VendorEventHandler [GFX0:AMD]: Port: 436352640.00000000 Event:ValidateModeTiming [a]
2026-09-13 19:19:21.868818-0300 0x41a      Default     0x0                  0      0    kernel: (AppleGraphicsDevicePolicy) AGDP:: VendorEventHandler:751 kAGDCRegisterLinkValidateModeTiming: FB:0 -> 1920 x 1080, ext_blanking=0, 138500000 Hz
2026-09-13 19:19:21.868821-0300 0x41a      Default     0x0                  0      0    kernel: (AppleGraphicsDevicePolicy) AGDP:: VendorEventHandler:752 kAGDCRegisterLinkValidateModeTiming-ext: pEnc 0x2, pBPC=0x2, pColometry=0x80, dRange=0x1 dscBPP=0
2026-09-13 19:19:21.868824-0300 0x41a      Default     0x0                  0      0    kernel: (AppleGraphicsDevicePolicy) AGDP:: validateMode:166 Validating mode FB:0 -> 1920 x 1080, 138500000 Hz
2026-09-13 19:19:21.868827-0300 0x41a      Default     0x0                  0      0    kernel: (AppleGraphicsDevicePolicy) AGDP:: validateMode:368 response accepted on:0
2026-09-13 19:19:21.868829-0300 0x41a      Default     0x0                  0      0    kernel: (AppleGraphicsDevicePolicy) AGDP:: VendorEventHandler:781 kAGDCRegisterLinkValidateModeTiming: accepted by policy.
2026-09-13 19:19:21.868999-0300 0x41a      Default     0x0                  0      0    kernel: (AppleGraphicsDevicePolicy) AGDP:: VendorEventHandler:484 VendorEventHandler [GFX0:AMD]: Port: 436352640.00000000 Event:ValidateModeTiming [a]
2026-09-13 19:19:21.869019-0300 0x41a      Default     0x0                  0      0    kernel: (AppleGraphicsDevicePolicy) AGDP:: VendorEventHandler:751 kAGDCRegisterLinkValidateModeTiming: FB:0 -> 1920 x 1080, ext_blanking=0, 138500000 Hz
2026-09-13 19:19:21.869022-0300 0x41a      Default     0x0                  0      0    kernel: (AppleGraphicsDevicePolicy) AGDP:: VendorEventHandler:752 kAGDCRegisterLinkValidateModeTiming-ext: pEnc 0x2, pBPC=0x2, pColometry=0x80, dRange=0x1 dscBPP=0
2026-09-13 19:19:21.869028-0300 0x41a      Default     0x0                  0      0    kernel: (AppleGraphicsDevicePolicy) AGDP:: validateMode:166 Validating mode FB:0 -> 1920 x 1080, 138500000 Hz
2026-09-13 19:19:21.869048-0300 0x41a      Default     0x0                  0      0    kernel: (AppleGraphicsDevicePolicy) AGDP:: validateMode:368 response accepted on:0
2026-09-13 19:19:21.869049-0300 0x41a      Default     0x0                  0      0    kernel: (AppleGraphicsDevicePolicy) AGDP:: VendorEventHandler:781 kAGDCRegisterLinkValidateModeTiming: accepted by policy.
2026-09-13 19:19:21.869229-0300 0x41a      Default     0x0                  0      0    kernel: (AppleGraphicsDevicePolicy) AGDP:: VendorEventHandler:484 VendorEventHandler [GFX0:AMD]: Port: 436352640.00000000 Event:ValidateModeTiming [a]
2026-09-13 19:19:21.869234-0300 0x41a      Default     0x0                  0      0    kernel: (AppleGraphicsDevicePolicy) AGDP:: VendorEventHandler:751 kAGDCRegisterLinkValidateModeTiming: FB:0 -> 1920 x 1080, ext_blanking=0, 138500000 Hz
2026-09-13 19:19:21.869237-0300 0x41a      Default     0x0                  0      0    kernel: (AppleGraphicsDevicePolicy) AGDP:: VendorEventHandler:752 kAGDCRegisterLinkValidateModeTiming-ext: pEnc 0x2, pBPC=0x2, pColometry=0x80, dRange=0x1 dscBPP=0
2026-09-13 19:19:21.869240-0300 0x41a      Default     0x0                  0      0    kernel: (AppleGraphicsDevicePolicy) AGDP:: validateMode:166 Validating mode FB:0 -> 1920 x 1080, 138500000 Hz
2026-09-13 19:19:21.869243-0300 0x41a      Default     0x0                  0      0    kernel: (AppleGraphicsDevicePolicy) AGDP:: validateMode:368 response accepted on:0
2026-09-13 19:19:21.869245-0300 0x41a      Default     0x0                  0      0    kernel: (AppleGraphicsDevicePolicy) AGDP:: VendorEventHandler:781 kAGDCRegisterLinkValidateModeTiming: accepted by policy.
2026-09-13 19:19:21.869416-0300 0x41a      Default     0x0                  0      0    kernel: (AppleGraphicsDevicePolicy) AGDP:: VendorEventHandler:484 VendorEventHandler [GFX0:AMD]: Port: 436352640.00000000 Event:ValidateModeTiming [a]
2026-09-13 19:19:21.869421-0300 0x41a      Default     0x0                  0      0    kernel: (AppleGraphicsDevicePolicy) AGDP:: VendorEventHandler:751 kAGDCRegisterLinkValidateModeTiming: FB:0 -> 1920 x 1080, ext_blanking=0, 138500000 Hz
2026-09-13 19:19:21.869424-0300 0x41a      Default     0x0                  0      0    kernel: (AppleGraphicsDevicePolicy) AGDP:: VendorEventHandler:752 kAGDCRegisterLinkValidateModeTiming-ext: pEnc 0x2, pBPC=0x2, pColometry=0x80, dRange=0x1 dscBPP=0
2026-09-13 19:19:21.869427-0300 0x41a      Default     0x0                  0      0    kernel: (AppleGraphicsDevicePolicy) AGDP:: validateMode:166 Validating mode FB:0 -> 1920 x 1080, 138500000 Hz
2026-09-13 19:19:21.869430-0300 0x41a      Default     0x0                  0      0    kernel: (AppleGraphicsDevicePolicy) AGDP:: validateMode:368 response accepted on:0
2026-09-13 19:19:21.869431-0300 0x41a      Default     0x0                  0      0    kernel: (AppleGraphicsDevicePolicy) AGDP:: VendorEventHandler:781 kAGDCRegisterLinkValidateModeTiming: accepted by policy.
2026-09-13 19:19:21.869443-0300 0x41a      Default     0x0                  0      0    kernel: (AppleGraphicsDevicePolicy) AGDP:: VendorEventHandler:484 VendorEventHandler [GFX0:AMD]: Port: 436352640.00000000 Event:ValidateModeTiming [a]
2026-09-13 19:19:21.869446-0300 0x41a      Default     0x0                  0      0    kernel: (AppleGraphicsDevicePolicy) AGDP:: VendorEventHandler:751 kAGDCRegisterLinkValidateModeTiming: FB:0 -> 1920 x 1080, ext_blanking=0, 138500000 Hz
2026-09-13 19:19:21.869449-0300 0x41a      Default     0x0                  0      0    kernel: (AppleGraphicsDevicePolicy) AGDP:: VendorEventHandler:752 kAGDCRegisterLinkValidateModeTiming-ext: pEnc 0x2, pBPC=0x2, pColometry=0x80, dRange=0x1 dscBPP=0
2026-09-13 19:19:21.869452-0300 0x41a      Default     0x0                  0      0    kernel: (AppleGraphicsDevicePolicy) AGDP:: validateMode:166 Validating mode FB:0 -> 1920 x 1080, 138500000 Hz
2026-09-13 19:19:21.869455-0300 0x41a      Default     0x0                  0      0    kernel: (AppleGraphicsDevicePolicy) AGDP:: validateMode:368 response accepted on:0
2026-09-13 19:19:21.869457-0300 0x41a      Default     0x0                  0      0    kernel: (AppleGraphicsDevicePolicy) AGDP:: VendorEventHandler:781 kAGDCRegisterLinkValidateModeTiming: accepted by policy.
2026-09-13 19:19:21.869627-0300 0x41a      Default     0x0                  0      0    kernel: (AppleGraphicsDevicePolicy) AGDP:: VendorEventHandler:484 VendorEventHandler [GFX0:AMD]: Port: 436352640.00000000 Event:ValidateModeTiming [a]
2026-09-13 19:19:21.869632-0300 0x41a      Default     0x0                  0      0    kernel: (AppleGraphicsDevicePolicy) AGDP:: VendorEventHandler:751 kAGDCRegisterLinkValidateModeTiming: FB:0 -> 1920 x 1080, ext_blanking=0, 138500000 Hz
2026-09-13 19:19:21.869635-0300 0x41a      Default     0x0                  0      0    kernel: (AppleGraphicsDevicePolicy) AGDP:: VendorEventHandler:752 kAGDCRegisterLinkValidateModeTiming-ext: pEnc 0x2, pBPC=0x2, pColometry=0x80, dRange=0x1 dscBPP=0
2026-09-13 19:19:21.869638-0300 0x41a      Default     0x0                  0      0    kernel: (AppleGraphicsDevicePolicy) AGDP:: validateMode:166 Validating mode FB:0 -> 1920 x 1080, 138500000 Hz
2026-09-13 19:19:21.869641-0300 0x41a      Default     0x0                  0      0    kernel: (AppleGraphicsDevicePolicy) AGDP:: validateMode:368 response accepted on:0
2026-09-13 19:19:21.869642-0300 0x41a      Default     0x0                  0      0    kernel: (AppleGraphicsDevicePolicy) AGDP:: VendorEventHandler:781 kAGDCRegisterLinkValidateModeTiming: accepted by policy.
2026-09-13 19:19:21.869828-0300 0x41a      Default     0x0                  0      0    kernel: (AppleGraphicsDevicePolicy) AGDP:: VendorEventHandler:484 VendorEventHandler [GFX0:AMD]: Port: 436352640.00000000 Event:ValidateModeTiming [a]
2026-09-13 19:19:21.869832-0300 0x41a      Default     0x0                  0      0    kernel: (AppleGraphicsDevicePolicy) AGDP:: VendorEventHandler:751 kAGDCRegisterLinkValidateModeTiming: FB:0 -> 1920 x 1080, ext_blanking=0, 138500000 Hz
2026-09-13 19:19:21.869835-0300 0x41a      Default     0x0                  0      0    kernel: (AppleGraphicsDevicePolicy) AGDP:: VendorEventHandler:752 kAGDCRegisterLinkValidateModeTiming-ext: pEnc 0x2, pBPC=0x2, pColometry=0x80, dRange=0x1 dscBPP=0
2026-09-13 19:19:21.869839-0300 0x41a      Default     0x0                  0      0    kernel: (AppleGraphicsDevicePolicy) AGDP:: validateMode:166 Validating mode FB:0 -> 1920 x 1080, 138500000 Hz
2026-09-13 19:19:21.869841-0300 0x41a      Default     0x0                  0      0    kernel: (AppleGraphicsDevicePolicy) AGDP:: validateMode:368 response accepted on:0
2026-09-13 19:19:21.869843-0300 0x41a      Default     0x0                  0      0    kernel: (AppleGraphicsDevicePolicy) AGDP:: VendorEventHandler:781 kAGDCRegisterLinkValidateModeTiming: accepted by policy.
2026-09-13 19:19:21.870009-0300 0x41a      Default     0x0                  0      0    kernel: (AppleGraphicsDevicePolicy) AGDP:: VendorEventHandler:484 VendorEventHandler [GFX0:AMD]: Port: 436352640.00000000 Event:ValidateModeTiming [a]
2026-09-13 19:19:21.870013-0300 0x41a      Default     0x0                  0      0    kernel: (AppleGraphicsDevicePolicy) AGDP:: VendorEventHandler:751 kAGDCRegisterLinkValidateModeTiming: FB:0 -> 1920 x 1080, ext_blanking=0, 138500000 Hz
2026-09-13 19:19:21.870016-0300 0x41a      Default     0x0                  0      0    kernel: (AppleGraphicsDevicePolicy) AGDP:: VendorEventHandler:752 kAGDCRegisterLinkValidateModeTiming-ext: pEnc 0x2, pBPC=0x2, pColometry=0x80, dRange=0x1 dscBPP=0
2026-09-13 19:19:21.870020-0300 0x41a      Default     0x0                  0      0    kernel: (AppleGraphicsDevicePolicy) AGDP:: validateMode:166 Validating mode FB:0 -> 1920 x 1080, 138500000 Hz
2026-09-13 19:19:21.870022-0300 0x41a      Default     0x0                  0      0    kernel: (AppleGraphicsDevicePolicy) AGDP:: validateMode:368 response accepted on:0
2026-09-13 19:19:21.870024-0300 0x41a      Default     0x0                  0      0    kernel: (AppleGraphicsDevicePolicy) AGDP:: VendorEventHandler:781 kAGDCRegisterLinkValidateModeTiming: accepted by policy.
2026-09-13 19:19:21.870212-0300 0x41a      Default     0x0                  0      0    kernel: (AppleGraphicsDevicePolicy) AGDP:: VendorEventHandler:484 VendorEventHandler [GFX0:AMD]: Port: 436352640.00000000 Event:ValidateModeTiming [a]
2026-09-13 19:19:21.870217-0300 0x41a      Default     0x0                  0      0    kernel: (AppleGraphicsDevicePolicy) AGDP:: VendorEventHandler:751 kAGDCRegisterLinkValidateModeTiming: FB:0 -> 1920 x 1080, ext_blanking=0, 138500000 Hz
2026-09-13 19:19:21.870223-0300 0x41a      Default     0x0                  0      0    kernel: (AppleGraphicsDevicePolicy) AGDP:: VendorEventHandler:752 kAGDCRegisterLinkValidateModeTiming-ext: pEnc 0x2, pBPC=0x2, pColometry=0x80, dRange=0x1 dscBPP=0
2026-09-13 19:19:21.870226-0300 0x41a      Default     0x0                  0      0    kernel: (AppleGraphicsDevicePolicy) AGDP:: validateMode:166 Validating mode FB:0 -> 1920 x 1080, 138500000 Hz
2026-09-13 19:19:21.870229-0300 0x41a      Default     0x0                  0      0    kernel: (AppleGraphicsDevicePolicy) AGDP:: validateMode:368 response accepted on:0
2026-09-13 19:19:21.870231-0300 0x41a      Default     0x0                  0      0    kernel: (AppleGraphicsDevicePolicy) AGDP:: VendorEventHandler:781 kAGDCRegisterLinkValidateModeTiming: accepted by policy.
2026-09-13 19:19:21.870418-0300 0x41a      Default     0x0                  0      0    kernel: (AppleGraphicsDevicePolicy) AGDP:: VendorEventHandler:484 VendorEventHandler [GFX0:AMD]: Port: 436352640.00000000 Event:ValidateModeTiming [a]
2026-09-13 19:19:21.870423-0300 0x41a      Default     0x0                  0      0    kernel: (AppleGraphicsDevicePolicy) AGDP:: VendorEventHandler:751 kAGDCRegisterLinkValidateModeTiming: FB:0 -> 1920 x 1080, ext_blanking=0, 138500000 Hz
2026-09-13 19:19:21.870426-0300 0x41a      Default     0x0                  0      0    kernel: (AppleGraphicsDevicePolicy) AGDP:: VendorEventHandler:752 kAGDCRegisterLinkValidateModeTiming-ext: pEnc 0x2, pBPC=0x2, pColometry=0x80, dRange=0x1 dscBPP=0
2026-09-13 19:19:21.870429-0300 0x41a      Default     0x0                  0      0    kernel: (AppleGraphicsDevicePolicy) AGDP:: validateMode:166 Validating mode FB:0 -> 1920 x 1080, 138500000 Hz
2026-09-13 19:19:21.870432-0300 0x41a      Default     0x0                  0      0    kernel: (AppleGraphicsDevicePolicy) AGDP:: validateMode:368 response accepted on:0
2026-09-13 19:19:21.870433-0300 0x41a      Default     0x0                  0      0    kernel: (AppleGraphicsDevicePolicy) AGDP:: VendorEventHandler:781 kAGDCRegisterLinkValidateModeTiming: accepted by policy.
2026-09-13 19:19:21.870612-0300 0x41a      Default     0x0                  0      0    kernel: (AppleGraphicsDevicePolicy) AGDP:: VendorEventHandler:484 VendorEventHandler [GFX0:AMD]: Port: 436352640.00000000 Event:ValidateModeTiming [a]
2026-09-13 19:19:21.870617-0300 0x41a      Default     0x0                  0      0    kernel: (AppleGraphicsDevicePolicy) AGDP:: VendorEventHandler:751 kAGDCRegisterLinkValidateModeTiming: FB:0 -> 1920 x 1080, ext_blanking=0, 138500000 Hz
2026-09-13 19:19:21.870620-0300 0x41a      Default     0x0                  0      0    kernel: (AppleGraphicsDevicePolicy) AGDP:: VendorEventHandler:752 kAGDCRegisterLinkValidateModeTiming-ext: pEnc 0x2, pBPC=0x2, pColometry=0x80, dRange=0x1 dscBPP=0
2026-09-13 19:19:21.870623-0300 0x41a      Default     0x0                  0      0    kernel: (AppleGraphicsDevicePolicy) AGDP:: validateMode:166 Validating mode FB:0 -> 1920 x 1080, 138500000 Hz
2026-09-13 19:19:21.870626-0300 0x41a      Default     0x0                  0      0    kernel: (AppleGraphicsDevicePolicy) AGDP:: validateMode:368 response accepted on:0
2026-09-13 19:19:21.870627-0300 0x41a      Default     0x0                  0      0    kernel: (AppleGraphicsDevicePolicy) AGDP:: VendorEventHandler:781 kAGDCRegisterLinkValidateModeTiming: accepted by policy.
2026-09-13 19:19:21.870809-0300 0x41a      Default     0x0                  0      0    kernel: (AppleGraphicsDevicePolicy) AGDP:: VendorEventHandler:484 VendorEventHandler [GFX0:AMD]: Port: 436352640.00000000 Event:ValidateModeTiming [a]
2026-09-13 19:19:21.870814-0300 0x41a      Default     0x0                  0      0    kernel: (AppleGraphicsDevicePolicy) AGDP:: VendorEventHandler:751 kAGDCRegisterLinkValidateModeTiming: FB:0 -> 1920 x 1080, ext_blanking=0, 138500000 Hz
2026-09-13 19:19:21.870817-0300 0x41a      Default     0x0                  0      0    kernel: (AppleGraphicsDevicePolicy) AGDP:: VendorEventHandler:752 kAGDCRegisterLinkValidateModeTiming-ext: pEnc 0x2, pBPC=0x2, pColometry=0x80, dRange=0x1 dscBPP=0
2026-09-13 19:19:21.870820-0300 0x41a      Default     0x0                  0      0    kernel: (AppleGraphicsDevicePolicy) AGDP:: validateMode:166 Validating mode FB:0 -> 1920 x 1080, 138500000 Hz
2026-09-13 19:19:21.870822-0300 0x41a      Default     0x0                  0      0    kernel: (AppleGraphicsDevicePolicy) AGDP:: validateMode:368 response accepted on:0
2026-09-13 19:19:21.870824-0300 0x41a      Default     0x0                  0      0    kernel: (AppleGraphicsDevicePolicy) AGDP:: VendorEventHandler:781 kAGDCRegisterLinkValidateModeTiming: accepted by policy.
2026-09-13 19:19:21.871003-0300 0x41a      Default     0x0                  0      0    kernel: (AppleGraphicsDevicePolicy) AGDP:: VendorEventHandler:484 VendorEventHandler [GFX0:AMD]: Port: 436352640.00000000 Event:ValidateModeTiming [a]
2026-09-13 19:19:21.871008-0300 0x41a      Default     0x0                  0      0    kernel: (AppleGraphicsDevicePolicy) AGDP:: VendorEventHandler:751 kAGDCRegisterLinkValidateModeTiming: FB:0 -> 1920 x 1080, ext_blanking=0, 138500000 Hz
2026-09-13 19:19:21.871011-0300 0x41a      Default     0x0                  0      0    kernel: (AppleGraphicsDevicePolicy) AGDP:: VendorEventHandler:752 kAGDCRegisterLinkValidateModeTiming-ext: pEnc 0x2, pBPC=0x2, pColometry=0x80, dRange=0x1 dscBPP=0
2026-09-13 19:19:21.871014-0300 0x41a      Default     0x0                  0      0    kernel: (AppleGraphicsDevicePolicy) AGDP:: validateMode:166 Validating mode FB:0 -> 1920 x 1080, 138500000 Hz
2026-09-13 19:19:21.871017-0300 0x41a      Default     0x0                  0      0    kernel: (AppleGraphicsDevicePolicy) AGDP:: validateMode:368 response accepted on:0
2026-09-13 19:19:21.871018-0300 0x41a      Default     0x0                  0      0    kernel: (AppleGraphicsDevicePolicy) AGDP:: VendorEventHandler:781 kAGDCRegisterLinkValidateModeTiming: accepted by policy.
2026-09-13 19:19:21.871198-0300 0x41a      Default     0x0                  0      0    kernel: (AppleGraphicsDevicePolicy) AGDP:: VendorEventHandler:484 VendorEventHandler [GFX0:AMD]: Port: 436352640.00000000 Event:ValidateModeTiming [a]
2026-09-13 19:19:21.871202-0300 0x41a      Default     0x0                  0      0    kernel: (AppleGraphicsDevicePolicy) AGDP:: VendorEventHandler:751 kAGDCRegisterLinkValidateModeTiming: FB:0 -> 1920 x 1080, ext_blanking=0, 148500000 Hz
2026-09-13 19:19:21.871206-0300 0x41a      Default     0x0                  0      0    kernel: (AppleGraphicsDevicePolicy) AGDP:: VendorEventHandler:752 kAGDCRegisterLinkValidateModeTiming-ext: pEnc 0x2, pBPC=0x2, pColometry=0x80, dRange=0x1 dscBPP=0
2026-09-13 19:19:21.871209-0300 0x41a      Default     0x0                  0      0    kernel: (AppleGraphicsDevicePolicy) AGDP:: validateMode:166 Validating mode FB:0 -> 1920 x 1080, 148500000 Hz
2026-09-13 19:19:21.871211-0300 0x41a      Default     0x0                  0      0    kernel: (AppleGraphicsDevicePolicy) AGDP:: validateMode:368 response accepted on:0
2026-09-13 19:19:21.871213-0300 0x41a      Default     0x0                  0      0    kernel: (AppleGraphicsDevicePolicy) AGDP:: VendorEventHandler:781 kAGDCRegisterLinkValidateModeTiming: accepted by policy.
2026-09-13 19:19:21.871384-0300 0x41a      Default     0x0                  0      0    kernel: (AppleGraphicsDevicePolicy) AGDP:: VendorEventHandler:484 VendorEventHandler [GFX0:AMD]: Port: 436352640.00000000 Event:ValidateModeTiming [a]
2026-09-13 19:19:21.871389-0300 0x41a      Default     0x0                  0      0    kernel: (AppleGraphicsDevicePolicy) AGDP:: VendorEventHandler:751 kAGDCRegisterLinkValidateModeTiming: FB:0 -> 1920 x 1080, ext_blanking=0, 148500000 Hz
2026-09-13 19:19:21.871392-0300 0x41a      Default     0x0                  0      0    kernel: (AppleGraphicsDevicePolicy) AGDP:: VendorEventHandler:752 kAGDCRegisterLinkValidateModeTiming-ext: pEnc 0x2, pBPC=0x2, pColometry=0x80, dRange=0x1 dscBPP=0
2026-09-13 19:19:21.871395-0300 0x41a      Default     0x0                  0      0    kernel: (AppleGraphicsDevicePolicy) AGDP:: validateMode:166 Validating mode FB:0 -> 1920 x 1080, 148500000 Hz
2026-09-13 19:19:21.871398-0300 0x41a      Default     0x0                  0      0    kernel: (AppleGraphicsDevicePolicy) AGDP:: validateMode:368 response accepted on:0
2026-09-13 19:19:21.871400-0300 0x41a      Default     0x0                  0      0    kernel: (AppleGraphicsDevicePolicy) AGDP:: VendorEventHandler:781 kAGDCRegisterLinkValidateModeTiming: accepted by policy.
2026-09-13 19:19:21.871580-0300 0x41a      Default     0x0                  0      0    kernel: (AppleGraphicsDevicePolicy) AGDP:: VendorEventHandler:484 VendorEventHandler [GFX0:AMD]: Port: 436352640.00000000 Event:ValidateModeTiming [a]
2026-09-13 19:19:21.871585-0300 0x41a      Default     0x0                  0      0    kernel: (AppleGraphicsDevicePolicy) AGDP:: VendorEventHandler:751 kAGDCRegisterLinkValidateModeTiming: FB:0 -> 1920 x 1080, ext_blanking=0, 148500000 Hz
2026-09-13 19:19:21.871591-0300 0x41a      Default     0x0                  0      0    kernel: (AppleGraphicsDevicePolicy) AGDP:: VendorEventHandler:752 kAGDCRegisterLinkValidateModeTiming-ext: pEnc 0x2, pBPC=0x2, pColometry=0x80, dRange=0x1 dscBPP=0
2026-09-13 19:19:21.871594-0300 0x41a      Default     0x0                  0      0    kernel: (AppleGraphicsDevicePolicy) AGDP:: validateMode:166 Validating mode FB:0 -> 1920 x 1080, 148500000 Hz
2026-09-13 19:19:21.871597-0300 0x41a      Default     0x0                  0      0    kernel: (AppleGraphicsDevicePolicy) AGDP:: validateMode:368 response accepted on:0
2026-09-13 19:19:21.871599-0300 0x41a      Default     0x0                  0      0    kernel: (AppleGraphicsDevicePolicy) AGDP:: VendorEventHandler:781 kAGDCRegisterLinkValidateModeTiming: accepted by policy.
2026-09-13 19:19:21.871779-0300 0x41a      Default     0x0                  0      0    kernel: (AppleGraphicsDevicePolicy) AGDP:: VendorEventHandler:484 VendorEventHandler [GFX0:AMD]: Port: 436352640.00000000 Event:ValidateModeTiming [a]
2026-09-13 19:19:21.871783-0300 0x41a      Default     0x0                  0      0    kernel: (AppleGraphicsDevicePolicy) AGDP:: VendorEventHandler:751 kAGDCRegisterLinkValidateModeTiming: FB:0 -> 1920 x 1080, ext_blanking=0, 148500000 Hz
2026-09-13 19:19:21.871786-0300 0x41a      Default     0x0                  0      0    kernel: (AppleGraphicsDevicePolicy) AGDP:: VendorEventHandler:752 kAGDCRegisterLinkValidateModeTiming-ext: pEnc 0x2, pBPC=0x2, pColometry=0x80, dRange=0x1 dscBPP=0
2026-09-13 19:19:21.871790-0300 0x41a      Default     0x0                  0      0    kernel: (AppleGraphicsDevicePolicy) AGDP:: validateMode:166 Validating mode FB:0 -> 1920 x 1080, 148500000 Hz
2026-09-13 19:19:21.871792-0300 0x41a      Default     0x0                  0      0    kernel: (AppleGraphicsDevicePolicy) AGDP:: validateMode:368 response accepted on:0
2026-09-13 19:19:21.871794-0300 0x41a      Default     0x0                  0      0    kernel: (AppleGraphicsDevicePolicy) AGDP:: VendorEventHandler:781 kAGDCRegisterLinkValidateModeTiming: accepted by policy.
2026-09-13 19:19:21.871971-0300 0x41a      Default     0x0                  0      0    kernel: (AppleGraphicsDevicePolicy) AGDP:: VendorEventHandler:484 VendorEventHandler [GFX0:AMD]: Port: 436352640.00000000 Event:ValidateModeTiming [a]
2026-09-13 19:19:21.871976-0300 0x41a      Default     0x0                  0      0    kernel: (AppleGraphicsDevicePolicy) AGDP:: VendorEventHandler:751 kAGDCRegisterLinkValidateModeTiming: FB:0 -> 1920 x 1080, ext_blanking=0, 148500000 Hz
2026-09-13 19:19:21.871979-0300 0x41a      Default     0x0                  0      0    kernel: (AppleGraphicsDevicePolicy) AGDP:: VendorEventHandler:752 kAGDCRegisterLinkValidateModeTiming-ext: pEnc 0x2, pBPC=0x2, pColometry=0x80, dRange=0x1 dscBPP=0
2026-09-13 19:19:21.871982-0300 0x41a      Default     0x0                  0      0    kernel: (AppleGraphicsDevicePolicy) AGDP:: validateMode:166 Validating mode FB:0 -> 1920 x 1080, 148500000 Hz
2026-09-13 19:19:21.871985-0300 0x41a      Default     0x0                  0      0    kernel: (AppleGraphicsDevicePolicy) AGDP:: validateMode:368 response accepted on:0
2026-09-13 19:19:21.871986-0300 0x41a      Default     0x0                  0      0    kernel: (AppleGraphicsDevicePolicy) AGDP:: VendorEventHandler:781 kAGDCRegisterLinkValidateModeTiming: accepted by policy.
2026-09-13 19:19:21.872156-0300 0x41a      Default     0x0                  0      0    kernel: (AppleGraphicsDevicePolicy) AGDP:: VendorEventHandler:484 VendorEventHandler [GFX0:AMD]: Port: 436352640.00000000 Event:ValidateModeTiming [a]
2026-09-13 19:19:21.872161-0300 0x41a      Default     0x0                  0      0    kernel: (AppleGraphicsDevicePolicy) AGDP:: VendorEventHandler:751 kAGDCRegisterLinkValidateModeTiming: FB:0 -> 1920 x 1080, ext_blanking=0, 148500000 Hz
2026-09-13 19:19:21.872164-0300 0x41a      Default     0x0                  0      0    kernel: (AppleGraphicsDevicePolicy) AGDP:: VendorEventHandler:752 kAGDCRegisterLinkValidateModeTiming-ext: pEnc 0x2, pBPC=0x2, pColometry=0x80, dRange=0x1 dscBPP=0
2026-09-13 19:19:21.872167-0300 0x41a      Default     0x0                  0      0    kernel: (AppleGraphicsDevicePolicy) AGDP:: validateMode:166 Validating mode FB:0 -> 1920 x 1080, 148500000 Hz
2026-09-13 19:19:21.872170-0300 0x41a      Default     0x0                  0      0    kernel: (AppleGraphicsDevicePolicy) AGDP:: validateMode:368 response accepted on:0
2026-09-13 19:19:21.872171-0300 0x41a      Default     0x0                  0      0    kernel: (AppleGraphicsDevicePolicy) AGDP:: VendorEventHandler:781 kAGDCRegisterLinkValidateModeTiming: accepted by policy.
2026-09-13 19:19:21.872345-0300 0x41a      Default     0x0                  0      0    kernel: (AppleGraphicsDevicePolicy) AGDP:: VendorEventHandler:484 VendorEventHandler [GFX0:AMD]: Port: 436352640.00000000 Event:ValidateModeTiming [a]
2026-09-13 19:19:21.872352-0300 0x41a      Default     0x0                  0      0    kernel: (AppleGraphicsDevicePolicy) AGDP:: VendorEventHandler:751 kAGDCRegisterLinkValidateModeTiming: FB:0 -> 1920 x 1080, ext_blanking=0, 148500000 Hz
2026-09-13 19:19:21.872355-0300 0x41a      Default     0x0                  0      0    kernel: (AppleGraphicsDevicePolicy) AGDP:: VendorEventHandler:752 kAGDCRegisterLinkValidateModeTiming-ext: pEnc 0x2, pBPC=0x2, pColometry=0x80, dRange=0x1 dscBPP=0
2026-09-13 19:19:21.872358-0300 0x41a      Default     0x0                  0      0    kernel: (AppleGraphicsDevicePolicy) AGDP:: validateMode:166 Validating mode FB:0 -> 1920 x 1080, 148500000 Hz
2026-09-13 19:19:21.872361-0300 0x41a      Default     0x0                  0      0    kernel: (AppleGraphicsDevicePolicy) AGDP:: validateMode:368 response accepted on:0
2026-09-13 19:19:21.872362-0300 0x41a      Default     0x0                  0      0    kernel: (AppleGraphicsDevicePolicy) AGDP:: VendorEventHandler:781 kAGDCRegisterLinkValidateModeTiming: accepted by policy.
2026-09-13 19:19:21.872375-0300 0x41a      Default     0x0                  0      0    kernel: (AppleGraphicsDevicePolicy) AGDP:: VendorEventHandler:484 VendorEventHandler [GFX0:AMD]: Port: 436352640.00000000 Event:ValidateModeTiming [a]
2026-09-13 19:19:21.872378-0300 0x41a      Default     0x0                  0      0    kernel: (AppleGraphicsDevicePolicy) AGDP:: VendorEventHandler:751 kAGDCRegisterLinkValidateModeTiming: FB:0 -> 1920 x 1080, ext_blanking=0, 148500000 Hz
2026-09-13 19:19:21.872381-0300 0x41a      Default     0x0                  0      0    kernel: (AppleGraphicsDevicePolicy) AGDP:: VendorEventHandler:752 kAGDCRegisterLinkValidateModeTiming-ext: pEnc 0x2, pBPC=0x2, pColometry=0x80, dRange=0x1 dscBPP=0
2026-09-13 19:19:21.872384-0300 0x41a      Default     0x0                  0      0    kernel: (AppleGraphicsDevicePolicy) AGDP:: validateMode:166 Validating mode FB:0 -> 1920 x 1080, 148500000 Hz
2026-09-13 19:19:21.872387-0300 0x41a      Default     0x0                  0      0    kernel: (AppleGraphicsDevicePolicy) AGDP:: validateMode:368 response accepted on:0
2026-09-13 19:19:21.872388-0300 0x41a      Default     0x0                  0      0    kernel: (AppleGraphicsDevicePolicy) AGDP:: VendorEventHandler:781 kAGDCRegisterLinkValidateModeTiming: accepted by policy.
2026-09-13 19:19:21.872567-0300 0x41a      Default     0x0                  0      0    kernel: (AppleGraphicsDevicePolicy) AGDP:: VendorEventHandler:484 VendorEventHandler [GFX0:AMD]: Port: 436352640.00000000 Event:ValidateModeTiming [a]
2026-09-13 19:19:21.872571-0300 0x41a      Default     0x0                  0      0    kernel: (AppleGraphicsDevicePolicy) AGDP:: VendorEventHandler:751 kAGDCRegisterLinkValidateModeTiming: FB:0 -> 1920 x 1080, ext_blanking=0, 148500000 Hz
2026-09-13 19:19:21.872574-0300 0x41a      Default     0x0                  0      0    kernel: (AppleGraphicsDevicePolicy) AGDP:: VendorEventHandler:752 kAGDCRegisterLinkValidateModeTiming-ext: pEnc 0x2, pBPC=0x2, pColometry=0x80, dRange=0x1 dscBPP=0
2026-09-13 19:19:21.872578-0300 0x41a      Default     0x0                  0      0    kernel: (AppleGraphicsDevicePolicy) AGDP:: validateMode:166 Validating mode FB:0 -> 1920 x 1080, 148500000 Hz
2026-09-13 19:19:21.872580-0300 0x41a      Default     0x0                  0      0    kernel: (AppleGraphicsDevicePolicy) AGDP:: validateMode:368 response accepted on:0
2026-09-13 19:19:21.872582-0300 0x41a      Default     0x0                  0      0    kernel: (AppleGraphicsDevicePolicy) AGDP:: VendorEventHandler:781 kAGDCRegisterLinkValidateModeTiming: accepted by policy.
2026-09-13 19:19:21.872761-0300 0x41a      Default     0x0                  0      0    kernel: (AppleGraphicsDevicePolicy) AGDP:: VendorEventHandler:484 VendorEventHandler [GFX0:AMD]: Port: 436352640.00000000 Event:ValidateModeTiming [a]
2026-09-13 19:19:21.872769-0300 0x41a      Default     0x0                  0      0    kernel: (AppleGraphicsDevicePolicy) AGDP:: VendorEventHandler:751 kAGDCRegisterLinkValidateModeTiming: FB:0 -> 1920 x 1080, ext_blanking=0, 148500000 Hz
2026-09-13 19:19:21.872772-0300 0x41a      Default     0x0                  0      0    kernel: (AppleGraphicsDevicePolicy) AGDP:: VendorEventHandler:752 kAGDCRegisterLinkValidateModeTiming-ext: pEnc 0x2, pBPC=0x2, pColometry=0x80, dRange=0x1 dscBPP=0
2026-09-13 19:19:21.872775-0300 0x41a      Default     0x0                  0      0    kernel: (AppleGraphicsDevicePolicy) AGDP:: validateMode:166 Validating mode FB:0 -> 1920 x 1080, 148500000 Hz
2026-09-13 19:19:21.872777-0300 0x41a      Default     0x0                  0      0    kernel: (AppleGraphicsDevicePolicy) AGDP:: validateMode:368 response accepted on:0
2026-09-13 19:19:21.872779-0300 0x41a      Default     0x0                  0      0    kernel: (AppleGraphicsDevicePolicy) AGDP:: VendorEventHandler:781 kAGDCRegisterLinkValidateModeTiming: accepted by policy.
2026-09-13 19:19:21.872956-0300 0x41a      Default     0x0                  0      0    kernel: (AppleGraphicsDevicePolicy) AGDP:: VendorEventHandler:484 VendorEventHandler [GFX0:AMD]: Port: 436352640.00000000 Event:ValidateModeTiming [a]
2026-09-13 19:19:21.872960-0300 0x41a      Default     0x0                  0      0    kernel: (AppleGraphicsDevicePolicy) AGDP:: VendorEventHandler:751 kAGDCRegisterLinkValidateModeTiming: FB:0 -> 1920 x 1080, ext_blanking=0, 148500000 Hz
2026-09-13 19:19:21.872963-0300 0x41a      Default     0x0                  0      0    kernel: (AppleGraphicsDevicePolicy) AGDP:: VendorEventHandler:752 kAGDCRegisterLinkValidateModeTiming-ext: pEnc 0x2, pBPC=0x2, pColometry=0x80, dRange=0x1 dscBPP=0
2026-09-13 19:19:21.872966-0300 0x41a      Default     0x0                  0      0    kernel: (AppleGraphicsDevicePolicy) AGDP:: validateMode:166 Validating mode FB:0 -> 1920 x 1080, 148500000 Hz
2026-09-13 19:19:21.872969-0300 0x41a      Default     0x0                  0      0    kernel: (AppleGraphicsDevicePolicy) AGDP:: validateMode:368 response accepted on:0
2026-09-13 19:19:21.872971-0300 0x41a      Default     0x0                  0      0    kernel: (AppleGraphicsDevicePolicy) AGDP:: VendorEventHandler:781 kAGDCRegisterLinkValidateModeTiming: accepted by policy.
2026-09-13 19:19:21.873157-0300 0x41a      Default     0x0                  0      0    kernel: (AppleGraphicsDevicePolicy) AGDP:: VendorEventHandler:484 VendorEventHandler [GFX0:AMD]: Port: 436352640.00000000 Event:ValidateModeTiming [a]
2026-09-13 19:19:21.873161-0300 0x41a      Default     0x0                  0      0    kernel: (AppleGraphicsDevicePolicy) AGDP:: VendorEventHandler:751 kAGDCRegisterLinkValidateModeTiming: FB:0 -> 1920 x 1080, ext_blanking=0, 148500000 Hz
2026-09-13 19:19:21.873165-0300 0x41a      Default     0x0                  0      0    kernel: (AppleGraphicsDevicePolicy) AGDP:: VendorEventHandler:752 kAGDCRegisterLinkValidateModeTiming-ext: pEnc 0x2, pBPC=0x2, pColometry=0x80, dRange=0x1 dscBPP=0
2026-09-13 19:19:21.873168-0300 0x41a      Default     0x0                  0      0    kernel: (AppleGraphicsDevicePolicy) AGDP:: validateMode:166 Validating mode FB:0 -> 1920 x 1080, 148500000 Hz
2026-09-13 19:19:21.873170-0300 0x41a      Default     0x0                  0      0    kernel: (AppleGraphicsDevicePolicy) AGDP:: validateMode:368 response accepted on:0
2026-09-13 19:19:21.873172-0300 0x41a      Default     0x0                  0      0    kernel: (AppleGraphicsDevicePolicy) AGDP:: VendorEventHandler:781 kAGDCRegisterLinkValidateModeTiming: accepted by policy.
2026-09-13 19:19:21.873370-0300 0x41a      Default     0x0                  0      0    kernel: (AppleGraphicsDevicePolicy) AGDP:: VendorEventHandler:484 VendorEventHandler [GFX0:AMD]: Port: 436352640.00000000 Event:ValidateModeTiming [a]
2026-09-13 19:19:21.873375-0300 0x41a      Default     0x0                  0      0    kernel: (AppleGraphicsDevicePolicy) AGDP:: VendorEventHandler:751 kAGDCRegisterLinkValidateModeTiming: FB:0 -> 1920 x 1080, ext_blanking=0, 148500000 Hz
2026-09-13 19:19:21.873378-0300 0x41a      Default     0x0                  0      0    kernel: (AppleGraphicsDevicePolicy) AGDP:: VendorEventHandler:752 kAGDCRegisterLinkValidateModeTiming-ext: pEnc 0x2, pBPC=0x2, pColometry=0x80, dRange=0x1 dscBPP=0
2026-09-13 19:19:21.873381-0300 0x41a      Default     0x0                  0      0    kernel: (AppleGraphicsDevicePolicy) AGDP:: validateMode:166 Validating mode FB:0 -> 1920 x 1080, 148500000 Hz
2026-09-13 19:19:21.873384-0300 0x41a      Default     0x0                  0      0    kernel: (AppleGraphicsDevicePolicy) AGDP:: validateMode:368 response accepted on:0
2026-09-13 19:19:21.873385-0300 0x41a      Default     0x0                  0      0    kernel: (AppleGraphicsDevicePolicy) AGDP:: VendorEventHandler:781 kAGDCRegisterLinkValidateModeTiming: accepted by policy.
2026-09-13 19:19:21.873565-0300 0x41a      Default     0x0                  0      0    kernel: (AppleGraphicsDevicePolicy) AGDP:: VendorEventHandler:484 VendorEventHandler [GFX0:AMD]: Port: 436352640.00000000 Event:ValidateModeTiming [a]
2026-09-13 19:19:21.873569-0300 0x41a      Default     0x0                  0      0    kernel: (AppleGraphicsDevicePolicy) AGDP:: VendorEventHandler:751 kAGDCRegisterLinkValidateModeTiming: FB:0 -> 1920 x 1080, ext_blanking=0, 148500000 Hz
2026-09-13 19:19:21.873572-0300 0x41a      Default     0x0                  0      0    kernel: (AppleGraphicsDevicePolicy) AGDP:: VendorEventHandler:752 kAGDCRegisterLinkValidateModeTiming-ext: pEnc 0x2, pBPC=0x2, pColometry=0x80, dRange=0x1 dscBPP=0
2026-09-13 19:19:21.873575-0300 0x41a      Default     0x0                  0      0    kernel: (AppleGraphicsDevicePolicy) AGDP:: validateMode:166 Validating mode FB:0 -> 1920 x 1080, 148500000 Hz
2026-09-13 19:19:21.873578-0300 0x41a      Default     0x0                  0      0    kernel: (AppleGraphicsDevicePolicy) AGDP:: validateMode:368 response accepted on:0
2026-09-13 19:19:21.873580-0300 0x41a      Default     0x0                  0      0    kernel: (AppleGraphicsDevicePolicy) AGDP:: VendorEventHandler:781 kAGDCRegisterLinkValidateModeTiming: accepted by policy.
2026-09-13 19:19:21.873778-0300 0x41a      Default     0x0                  0      0    kernel: (AppleGraphicsDevicePolicy) AGDP:: VendorEventHandler:484 VendorEventHandler [GFX0:AMD]: Port: 436352640.00000000 Event:ValidateModeTiming [a]
2026-09-13 19:19:21.873782-0300 0x41a      Default     0x0                  0      0    kernel: (AppleGraphicsDevicePolicy) AGDP:: VendorEventHandler:751 kAGDCRegisterLinkValidateModeTiming: FB:0 -> 1920 x 1080, ext_blanking=0, 148500000 Hz
2026-09-13 19:19:21.873785-0300 0x41a      Default     0x0                  0      0    kernel: (AppleGraphicsDevicePolicy) AGDP:: VendorEventHandler:752 kAGDCRegisterLinkValidateModeTiming-ext: pEnc 0x2, pBPC=0x2, pColometry=0x80, dRange=0x1 dscBPP=0
2026-09-13 19:19:21.873788-0300 0x41a      Default     0x0                  0      0    kernel: (AppleGraphicsDevicePolicy) AGDP:: validateMode:166 Validating mode FB:0 -> 1920 x 1080, 148500000 Hz
2026-09-13 19:19:21.873791-0300 0x41a      Default     0x0                  0      0    kernel: (AppleGraphicsDevicePolicy) AGDP:: validateMode:368 response accepted on:0
2026-09-13 19:19:21.873793-0300 0x41a      Default     0x0                  0      0    kernel: (AppleGraphicsDevicePolicy) AGDP:: VendorEventHandler:781 kAGDCRegisterLinkValidateModeTiming: accepted by policy.
2026-09-13 19:19:21.873981-0300 0x41a      Default     0x0                  0      0    kernel: (AppleGraphicsDevicePolicy) AGDP:: VendorEventHandler:484 VendorEventHandler [GFX0:AMD]: Port: 436352640.00000000 Event:ValidateModeTiming [a]
2026-09-13 19:19:21.873985-0300 0x41a      Default     0x0                  0      0    kernel: (AppleGraphicsDevicePolicy) AGDP:: VendorEventHandler:751 kAGDCRegisterLinkValidateModeTiming: FB:0 -> 1920 x 1080, ext_blanking=0, 148500000 Hz
2026-09-13 19:19:21.873988-0300 0x41a      Default     0x0                  0      0    kernel: (AppleGraphicsDevicePolicy) AGDP:: VendorEventHandler:752 kAGDCRegisterLinkValidateModeTiming-ext: pEnc 0x2, pBPC=0x2, pColometry=0x80, dRange=0x1 dscBPP=0
2026-09-13 19:19:21.873991-0300 0x41a      Default     0x0                  0      0    kernel: (AppleGraphicsDevicePolicy) AGDP:: validateMode:166 Validating mode FB:0 -> 1920 x 1080, 148500000 Hz
2026-09-13 19:19:21.873994-0300 0x41a      Default     0x0                  0      0    kernel: (AppleGraphicsDevicePolicy) AGDP:: validateMode:368 response accepted on:0
2026-09-13 19:19:21.873998-0300 0x41a      Default     0x0                  0      0    kernel: (AppleGraphicsDevicePolicy) AGDP:: VendorEventHandler:781 kAGDCRegisterLinkValidateModeTiming: accepted by policy.
2026-09-13 19:19:21.874181-0300 0x41a      Default     0x0                  0      0    kernel: (AppleGraphicsDevicePolicy) AGDP:: VendorEventHandler:484 VendorEventHandler [GFX0:AMD]: Port: 436352640.00000000 Event:ValidateModeTiming [a]
2026-09-13 19:19:21.874186-0300 0x41a      Default     0x0                  0      0    kernel: (AppleGraphicsDevicePolicy) AGDP:: VendorEventHandler:751 kAGDCRegisterLinkValidateModeTiming: FB:0 -> 1920 x 1080, ext_blanking=0, 174500000 Hz
2026-09-13 19:19:21.874189-0300 0x41a      Default     0x0                  0      0    kernel: (AppleGraphicsDevicePolicy) AGDP:: VendorEventHandler:752 kAGDCRegisterLinkValidateModeTiming-ext: pEnc 0x2, pBPC=0x2, pColometry=0x80, dRange=0x1 dscBPP=0
2026-09-13 19:19:21.874192-0300 0x41a      Default     0x0                  0      0    kernel: (AppleGraphicsDevicePolicy) AGDP:: validateMode:166 Validating mode FB:0 -> 1920 x 1080, 174500000 Hz
2026-09-13 19:19:21.874195-0300 0x41a      Default     0x0                  0      0    kernel: (AppleGraphicsDevicePolicy) AGDP:: validateMode:368 response accepted on:0
2026-09-13 19:19:21.874196-0300 0x41a      Default     0x0                  0      0    kernel: (AppleGraphicsDevicePolicy) AGDP:: VendorEventHandler:781 kAGDCRegisterLinkValidateModeTiming: accepted by policy.
2026-09-13 19:19:21.874380-0300 0x41a      Default     0x0                  0      0    kernel: (AppleGraphicsDevicePolicy) AGDP:: VendorEventHandler:484 VendorEventHandler [GFX0:AMD]: Port: 436352640.00000000 Event:ValidateModeTiming [a]
2026-09-13 19:19:21.874384-0300 0x41a      Default     0x0                  0      0    kernel: (AppleGraphicsDevicePolicy) AGDP:: VendorEventHandler:751 kAGDCRegisterLinkValidateModeTiming: FB:0 -> 1920 x 1080, ext_blanking=0, 174500000 Hz
2026-09-13 19:19:21.874388-0300 0x41a      Default     0x0                  0      0    kernel: (AppleGraphicsDevicePolicy) AGDP:: VendorEventHandler:752 kAGDCRegisterLinkValidateModeTiming-ext: pEnc 0x2, pBPC=0x2, pColometry=0x80, dRange=0x1 dscBPP=0
2026-09-13 19:19:21.874391-0300 0x41a      Default     0x0                  0      0    kernel: (AppleGraphicsDevicePolicy) AGDP:: validateMode:166 Validating mode FB:0 -> 1920 x 1080, 174500000 Hz
2026-09-13 19:19:21.874393-0300 0x41a      Default     0x0                  0      0    kernel: (AppleGraphicsDevicePolicy) AGDP:: validateMode:368 response accepted on:0
2026-09-13 19:19:21.874395-0300 0x41a      Default     0x0                  0      0    kernel: (AppleGraphicsDevicePolicy) AGDP:: VendorEventHandler:781 kAGDCRegisterLinkValidateModeTiming: accepted by policy.
2026-09-13 19:19:21.874568-0300 0x41a      Default     0x0                  0      0    kernel: (AppleGraphicsDevicePolicy) AGDP:: VendorEventHandler:484 VendorEventHandler [GFX0:AMD]: Port: 436352640.00000000 Event:ValidateModeTiming [a]
2026-09-13 19:19:21.874573-0300 0x41a      Default     0x0                  0      0    kernel: (AppleGraphicsDevicePolicy) AGDP:: VendorEventHandler:751 kAGDCRegisterLinkValidateModeTiming: FB:0 -> 1920 x 1080, ext_blanking=0, 174500000 Hz
2026-09-13 19:19:21.874576-0300 0x41a      Default     0x0                  0      0    kernel: (AppleGraphicsDevicePolicy) AGDP:: VendorEventHandler:752 kAGDCRegisterLinkValidateModeTiming-ext: pEnc 0x2, pBPC=0x2, pColometry=0x80, dRange=0x1 dscBPP=0
2026-09-13 19:19:21.874579-0300 0x41a      Default     0x0                  0      0    kernel: (AppleGraphicsDevicePolicy) AGDP:: validateMode:166 Validating mode FB:0 -> 1920 x 1080, 174500000 Hz
2026-09-13 19:19:21.874582-0300 0x41a      Default     0x0                  0      0    kernel: (AppleGraphicsDevicePolicy) AGDP:: validateMode:368 response accepted on:0
2026-09-13 19:19:21.874583-0300 0x41a      Default     0x0                  0      0    kernel: (AppleGraphicsDevicePolicy) AGDP:: VendorEventHandler:781 kAGDCRegisterLinkValidateModeTiming: accepted by policy.
2026-09-13 19:19:21.874763-0300 0x41a      Default     0x0                  0      0    kernel: (AppleGraphicsDevicePolicy) AGDP:: VendorEventHandler:484 VendorEventHandler [GFX0:AMD]: Port: 436352640.00000000 Event:ValidateModeTiming [a]
2026-09-13 19:19:21.874768-0300 0x41a      Default     0x0                  0      0    kernel: (AppleGraphicsDevicePolicy) AGDP:: VendorEventHandler:751 kAGDCRegisterLinkValidateModeTiming: FB:0 -> 1920 x 1080, ext_blanking=0, 174500000 Hz
2026-09-13 19:19:21.874771-0300 0x41a      Default     0x0                  0      0    kernel: (AppleGraphicsDevicePolicy) AGDP:: VendorEventHandler:752 kAGDCRegisterLinkValidateModeTiming-ext: pEnc 0x2, pBPC=0x2, pColometry=0x80, dRange=0x1 dscBPP=0
2026-09-13 19:19:21.874774-0300 0x41a      Default     0x0                  0      0    kernel: (AppleGraphicsDevicePolicy) AGDP:: validateMode:166 Validating mode FB:0 -> 1920 x 1080, 174500000 Hz
2026-09-13 19:19:21.874777-0300 0x41a      Default     0x0                  0      0    kernel: (AppleGraphicsDevicePolicy) AGDP:: validateMode:368 response accepted on:0
2026-09-13 19:19:21.874778-0300 0x41a      Default     0x0                  0      0    kernel: (AppleGraphicsDevicePolicy) AGDP:: VendorEventHandler:781 kAGDCRegisterLinkValidateModeTiming: accepted by policy.
2026-09-13 19:19:21.874979-0300 0x41a      Default     0x0                  0      0    kernel: (AppleGraphicsDevicePolicy) AGDP:: VendorEventHandler:484 VendorEventHandler [GFX0:AMD]: Port: 436352640.00000000 Event:ValidateModeTiming [a]
2026-09-13 19:19:21.874983-0300 0x41a      Default     0x0                  0      0    kernel: (AppleGraphicsDevicePolicy) AGDP:: VendorEventHandler:751 kAGDCRegisterLinkValidateModeTiming: FB:0 -> 1920 x 1080, ext_blanking=0, 174500000 Hz
2026-09-13 19:19:21.874986-0300 0x41a      Default     0x0                  0      0    kernel: (AppleGraphicsDevicePolicy) AGDP:: VendorEventHandler:752 kAGDCRegisterLinkValidateModeTiming-ext: pEnc 0x2, pBPC=0x2, pColometry=0x80, dRange=0x1 dscBPP=0
2026-09-13 19:19:21.874989-0300 0x41a      Default     0x0                  0      0    kernel: (AppleGraphicsDevicePolicy) AGDP:: validateMode:166 Validating mode FB:0 -> 1920 x 1080, 174500000 Hz
2026-09-13 19:19:21.874992-0300 0x41a      Default     0x0                  0      0    kernel: (AppleGraphicsDevicePolicy) AGDP:: validateMode:368 response accepted on:0
2026-09-13 19:19:21.874994-0300 0x41a      Default     0x0                  0      0    kernel: (AppleGraphicsDevicePolicy) AGDP:: VendorEventHandler:781 kAGDCRegisterLinkValidateModeTiming: accepted by policy.
2026-09-13 19:19:21.875167-0300 0x41a      Default     0x0                  0      0    kernel: (AppleGraphicsDevicePolicy) AGDP:: VendorEventHandler:484 VendorEventHandler [GFX0:AMD]: Port: 436352640.00000000 Event:ValidateModeTiming [a]
2026-09-13 19:19:21.875172-0300 0x41a      Default     0x0                  0      0    kernel: (AppleGraphicsDevicePolicy) AGDP:: VendorEventHandler:751 kAGDCRegisterLinkValidateModeTiming: FB:0 -> 1920 x 1080, ext_blanking=0, 174500000 Hz
2026-09-13 19:19:21.875175-0300 0x41a      Default     0x0                  0      0    kernel: (AppleGraphicsDevicePolicy) AGDP:: VendorEventHandler:752 kAGDCRegisterLinkValidateModeTiming-ext: pEnc 0x2, pBPC=0x2, pColometry=0x80, dRange=0x1 dscBPP=0
2026-09-13 19:19:21.875178-0300 0x41a      Default     0x0                  0      0    kernel: (AppleGraphicsDevicePolicy) AGDP:: validateMode:166 Validating mode FB:0 -> 1920 x 1080, 174500000 Hz
2026-09-13 19:19:21.875181-0300 0x41a      Default     0x0                  0      0    kernel: (AppleGraphicsDevicePolicy) AGDP:: validateMode:368 response accepted on:0
2026-09-13 19:19:21.875183-0300 0x41a      Default     0x0                  0      0    kernel: (AppleGraphicsDevicePolicy) AGDP:: VendorEventHandler:781 kAGDCRegisterLinkValidateModeTiming: accepted by policy.
2026-09-13 19:19:21.875360-0300 0x41a      Default     0x0                  0      0    kernel: (AppleGraphicsDevicePolicy) AGDP:: VendorEventHandler:484 VendorEventHandler [GFX0:AMD]: Port: 436352640.00000000 Event:ValidateModeTiming [a]
2026-09-13 19:19:21.875365-0300 0x41a      Default     0x0                  0      0    kernel: (AppleGraphicsDevicePolicy) AGDP:: VendorEventHandler:751 kAGDCRegisterLinkValidateModeTiming: FB:0 -> 1920 x 1080, ext_blanking=0, 174500000 Hz
2026-09-13 19:19:21.875368-0300 0x41a      Default     0x0                  0      0    kernel: (AppleGraphicsDevicePolicy) AGDP:: VendorEventHandler:752 kAGDCRegisterLinkValidateModeTiming-ext: pEnc 0x2, pBPC=0x2, pColometry=0x80, dRange=0x1 dscBPP=0
2026-09-13 19:19:21.875371-0300 0x41a      Default     0x0                  0      0    kernel: (AppleGraphicsDevicePolicy) AGDP:: validateMode:166 Validating mode FB:0 -> 1920 x 1080, 174500000 Hz
2026-09-13 19:19:21.875377-0300 0x41a      Default     0x0                  0      0    kernel: (AppleGraphicsDevicePolicy) AGDP:: validateMode:368 response accepted on:0
2026-09-13 19:19:21.875379-0300 0x41a      Default     0x0                  0      0    kernel: (AppleGraphicsDevicePolicy) AGDP:: VendorEventHandler:781 kAGDCRegisterLinkValidateModeTiming: accepted by policy.
2026-09-13 19:19:21.875393-0300 0x41a      Default     0x0                  0      0    kernel: (AppleGraphicsDevicePolicy) AGDP:: VendorEventHandler:484 VendorEventHandler [GFX0:AMD]: Port: 436352640.00000000 Event:ValidateModeTiming [a]
2026-09-13 19:19:21.875396-0300 0x41a      Default     0x0                  0      0    kernel: (AppleGraphicsDevicePolicy) AGDP:: VendorEventHandler:751 kAGDCRegisterLinkValidateModeTiming: FB:0 -> 1920 x 1080, ext_blanking=0, 174500000 Hz
2026-09-13 19:19:21.875400-0300 0x41a      Default     0x0                  0      0    kernel: (AppleGraphicsDevicePolicy) AGDP:: VendorEventHandler:752 kAGDCRegisterLinkValidateModeTiming-ext: pEnc 0x2, pBPC=0x2, pColometry=0x80, dRange=0x1 dscBPP=0
2026-09-13 19:19:21.875403-0300 0x41a      Default     0x0                  0      0    kernel: (AppleGraphicsDevicePolicy) AGDP:: validateMode:166 Validating mode FB:0 -> 1920 x 1080, 174500000 Hz
2026-09-13 19:19:21.875405-0300 0x41a      Default     0x0                  0      0    kernel: (AppleGraphicsDevicePolicy) AGDP:: validateMode:368 response accepted on:0
2026-09-13 19:19:21.875407-0300 0x41a      Default     0x0                  0      0    kernel: (AppleGraphicsDevicePolicy) AGDP:: VendorEventHandler:781 kAGDCRegisterLinkValidateModeTiming: accepted by policy.
2026-09-13 19:19:21.875583-0300 0x41a      Default     0x0                  0      0    kernel: (AppleGraphicsDevicePolicy) AGDP:: VendorEventHandler:484 VendorEventHandler [GFX0:AMD]: Port: 436352640.00000000 Event:ValidateModeTiming [a]
2026-09-13 19:19:21.875587-0300 0x41a      Default     0x0                  0      0    kernel: (AppleGraphicsDevicePolicy) AGDP:: VendorEventHandler:751 kAGDCRegisterLinkValidateModeTiming: FB:0 -> 1920 x 1080, ext_blanking=0, 174500000 Hz
2026-09-13 19:19:21.875590-0300 0x41a      Default     0x0                  0      0    kernel: (AppleGraphicsDevicePolicy) AGDP:: VendorEventHandler:752 kAGDCRegisterLinkValidateModeTiming-ext: pEnc 0x2, pBPC=0x2, pColometry=0x80, dRange=0x1 dscBPP=0
2026-09-13 19:19:21.875593-0300 0x41a      Default     0x0                  0      0    kernel: (AppleGraphicsDevicePolicy) AGDP:: validateMode:166 Validating mode FB:0 -> 1920 x 1080, 174500000 Hz
2026-09-13 19:19:21.875596-0300 0x41a      Default     0x0                  0      0    kernel: (AppleGraphicsDevicePolicy) AGDP:: validateMode:368 response accepted on:0
2026-09-13 19:19:21.875598-0300 0x41a      Default     0x0                  0      0    kernel: (AppleGraphicsDevicePolicy) AGDP:: VendorEventHandler:781 kAGDCRegisterLinkValidateModeTiming: accepted by policy.
2026-09-13 19:19:21.875768-0300 0x41a      Default     0x0                  0      0    kernel: (AppleGraphicsDevicePolicy) AGDP:: VendorEventHandler:484 VendorEventHandler [GFX0:AMD]: Port: 436352640.00000000 Event:ValidateModeTiming [a]
2026-09-13 19:19:21.875772-0300 0x41a      Default     0x0                  0      0    kernel: (AppleGraphicsDevicePolicy) AGDP:: VendorEventHandler:751 kAGDCRegisterLinkValidateModeTiming: FB:0 -> 1920 x 1080, ext_blanking=0, 174500000 Hz
2026-09-13 19:19:21.875776-0300 0x41a      Default     0x0                  0      0    kernel: (AppleGraphicsDevicePolicy) AGDP:: VendorEventHandler:752 kAGDCRegisterLinkValidateModeTiming-ext: pEnc 0x2, pBPC=0x2, pColometry=0x80, dRange=0x1 dscBPP=0
2026-09-13 19:19:21.875779-0300 0x41a      Default     0x0                  0      0    kernel: (AppleGraphicsDevicePolicy) AGDP:: validateMode:166 Validating mode FB:0 -> 1920 x 1080, 174500000 Hz
2026-09-13 19:19:21.875781-0300 0x41a      Default     0x0                  0      0    kernel: (AppleGraphicsDevicePolicy) AGDP:: validateMode:368 response accepted on:0
2026-09-13 19:19:21.875783-0300 0x41a      Default     0x0                  0      0    kernel: (AppleGraphicsDevicePolicy) AGDP:: VendorEventHandler:781 kAGDCRegisterLinkValidateModeTiming: accepted by policy.
2026-09-13 19:19:21.875963-0300 0x41a      Default     0x0                  0      0    kernel: (AppleGraphicsDevicePolicy) AGDP:: VendorEventHandler:484 VendorEventHandler [GFX0:AMD]: Port: 436352640.00000000 Event:ValidateModeTiming [a]
2026-09-13 19:19:21.875968-0300 0x41a      Default     0x0                  0      0    kernel: (AppleGraphicsDevicePolicy) AGDP:: VendorEventHandler:751 kAGDCRegisterLinkValidateModeTiming: FB:0 -> 1920 x 1080, ext_blanking=0, 174500000 Hz
2026-09-13 19:19:21.875971-0300 0x41a      Default     0x0                  0      0    kernel: (AppleGraphicsDevicePolicy) AGDP:: VendorEventHandler:752 kAGDCRegisterLinkValidateModeTiming-ext: pEnc 0x2, pBPC=0x2, pColometry=0x80, dRange=0x1 dscBPP=0
2026-09-13 19:19:21.875974-0300 0x41a      Default     0x0                  0      0    kernel: (AppleGraphicsDevicePolicy) AGDP:: validateMode:166 Validating mode FB:0 -> 1920 x 1080, 174500000 Hz
2026-09-13 19:19:21.875977-0300 0x41a      Default     0x0                  0      0    kernel: (AppleGraphicsDevicePolicy) AGDP:: validateMode:368 response accepted on:0
2026-09-13 19:19:21.875978-0300 0x41a      Default     0x0                  0      0    kernel: (AppleGraphicsDevicePolicy) AGDP:: VendorEventHandler:781 kAGDCRegisterLinkValidateModeTiming: accepted by policy.
2026-09-13 19:19:21.876171-0300 0x41a      Default     0x0                  0      0    kernel: (AppleGraphicsDevicePolicy) AGDP:: VendorEventHandler:484 VendorEventHandler [GFX0:AMD]: Port: 436352640.00000000 Event:ValidateModeTiming [a]
2026-09-13 19:19:21.876176-0300 0x41a      Default     0x0                  0      0    kernel: (AppleGraphicsDevicePolicy) AGDP:: VendorEventHandler:751 kAGDCRegisterLinkValidateModeTiming: FB:0 -> 1920 x 1080, ext_blanking=0, 174500000 Hz
2026-09-13 19:19:21.876179-0300 0x41a      Default     0x0                  0      0    kernel: (AppleGraphicsDevicePolicy) AGDP:: VendorEventHandler:752 kAGDCRegisterLinkValidateModeTiming-ext: pEnc 0x2, pBPC=0x2, pColometry=0x80, dRange=0x1 dscBPP=0
2026-09-13 19:19:21.876182-0300 0x41a      Default     0x0                  0      0    kernel: (AppleGraphicsDevicePolicy) AGDP:: validateMode:166 Validating mode FB:0 -> 1920 x 1080, 174500000 Hz
2026-09-13 19:19:21.876184-0300 0x41a      Default     0x0                  0      0    kernel: (AppleGraphicsDevicePolicy) AGDP:: validateMode:368 response accepted on:0
2026-09-13 19:19:21.876186-0300 0x41a      Default     0x0                  0      0    kernel: (AppleGraphicsDevicePolicy) AGDP:: VendorEventHandler:781 kAGDCRegisterLinkValidateModeTiming: accepted by policy.
2026-09-13 19:19:21.876378-0300 0x41a      Default     0x0                  0      0    kernel: (AppleGraphicsDevicePolicy) AGDP:: VendorEventHandler:484 VendorEventHandler [GFX0:AMD]: Port: 436352640.00000000 Event:ValidateModeTiming [a]
2026-09-13 19:19:21.876382-0300 0x41a      Default     0x0                  0      0    kernel: (AppleGraphicsDevicePolicy) AGDP:: VendorEventHandler:751 kAGDCRegisterLinkValidateModeTiming: FB:0 -> 1920 x 1080, ext_blanking=0, 174500000 Hz
2026-09-13 19:19:21.876386-0300 0x41a      Default     0x0                  0      0    kernel: (AppleGraphicsDevicePolicy) AGDP:: VendorEventHandler:752 kAGDCRegisterLinkValidateModeTiming-ext: pEnc 0x2, pBPC=0x2, pColometry=0x80, dRange=0x1 dscBPP=0
2026-09-13 19:19:21.876389-0300 0x41a      Default     0x0                  0      0    kernel: (AppleGraphicsDevicePolicy) AGDP:: validateMode:166 Validating mode FB:0 -> 1920 x 1080, 174500000 Hz
2026-09-13 19:19:21.876391-0300 0x41a      Default     0x0                  0      0    kernel: (AppleGraphicsDevicePolicy) AGDP:: validateMode:368 response accepted on:0
2026-09-13 19:19:21.876393-0300 0x41a      Default     0x0                  0      0    kernel: (AppleGraphicsDevicePolicy) AGDP:: VendorEventHandler:781 kAGDCRegisterLinkValidateModeTiming: accepted by policy.
2026-09-13 19:19:21.876577-0300 0x41a      Default     0x0                  0      0    kernel: (AppleGraphicsDevicePolicy) AGDP:: VendorEventHandler:484 VendorEventHandler [GFX0:AMD]: Port: 436352640.00000000 Event:ValidateModeTiming [a]
2026-09-13 19:19:21.876581-0300 0x41a      Default     0x0                  0      0    kernel: (AppleGraphicsDevicePolicy) AGDP:: VendorEventHandler:751 kAGDCRegisterLinkValidateModeTiming: FB:0 -> 1920 x 1080, ext_blanking=0, 174500000 Hz
2026-09-13 19:19:21.876584-0300 0x41a      Default     0x0                  0      0    kernel: (AppleGraphicsDevicePolicy) AGDP:: VendorEventHandler:752 kAGDCRegisterLinkValidateModeTiming-ext: pEnc 0x2, pBPC=0x2, pColometry=0x80, dRange=0x1 dscBPP=0
2026-09-13 19:19:21.876590-0300 0x41a      Default     0x0                  0      0    kernel: (AppleGraphicsDevicePolicy) AGDP:: validateMode:166 Validating mode FB:0 -> 1920 x 1080, 174500000 Hz
2026-09-13 19:19:21.876593-0300 0x41a      Default     0x0                  0      0    kernel: (AppleGraphicsDevicePolicy) AGDP:: validateMode:368 response accepted on:0
2026-09-13 19:19:21.876595-0300 0x41a      Default     0x0                  0      0    kernel: (AppleGraphicsDevicePolicy) AGDP:: VendorEventHandler:781 kAGDCRegisterLinkValidateModeTiming: accepted by policy.
2026-09-13 19:19:21.876783-0300 0x41a      Default     0x0                  0      0    kernel: (AppleGraphicsDevicePolicy) AGDP:: VendorEventHandler:484 VendorEventHandler [GFX0:AMD]: Port: 436352640.00000000 Event:ValidateModeTiming [a]
2026-09-13 19:19:21.876788-0300 0x41a      Default     0x0                  0      0    kernel: (AppleGraphicsDevicePolicy) AGDP:: VendorEventHandler:751 kAGDCRegisterLinkValidateModeTiming: FB:0 -> 1920 x 1080, ext_blanking=0, 174500000 Hz
2026-09-13 19:19:21.876791-0300 0x41a      Default     0x0                  0      0    kernel: (AppleGraphicsDevicePolicy) AGDP:: VendorEventHandler:752 kAGDCRegisterLinkValidateModeTiming-ext: pEnc 0x2, pBPC=0x2, pColometry=0x80, dRange=0x1 dscBPP=0
2026-09-13 19:19:21.876794-0300 0x41a      Default     0x0                  0      0    kernel: (AppleGraphicsDevicePolicy) AGDP:: validateMode:166 Validating mode FB:0 -> 1920 x 1080, 174500000 Hz
2026-09-13 19:19:21.876797-0300 0x41a      Default     0x0                  0      0    kernel: (AppleGraphicsDevicePolicy) AGDP:: validateMode:368 response accepted on:0
2026-09-13 19:19:21.876798-0300 0x41a      Default     0x0                  0      0    kernel: (AppleGraphicsDevicePolicy) AGDP:: VendorEventHandler:781 kAGDCRegisterLinkValidateModeTiming: accepted by policy.
2026-09-13 19:19:21.876977-0300 0x41a      Default     0x0                  0      0    kernel: (AppleGraphicsDevicePolicy) AGDP:: VendorEventHandler:484 VendorEventHandler [GFX0:AMD]: Port: 436352640.00000000 Event:ValidateModeTiming [a]
2026-09-13 19:19:21.876982-0300 0x41a      Default     0x0                  0      0    kernel: (AppleGraphicsDevicePolicy) AGDP:: VendorEventHandler:751 kAGDCRegisterLinkValidateModeTiming: FB:0 -> 1920 x 1080, ext_blanking=0, 174500000 Hz
2026-09-13 19:19:21.876985-0300 0x41a      Default     0x0                  0      0    kernel: (AppleGraphicsDevicePolicy) AGDP:: VendorEventHandler:752 kAGDCRegisterLinkValidateModeTiming-ext: pEnc 0x2, pBPC=0x2, pColometry=0x80, dRange=0x1 dscBPP=0
2026-09-13 19:19:21.876988-0300 0x41a      Default     0x0                  0      0    kernel: (AppleGraphicsDevicePolicy) AGDP:: validateMode:166 Validating mode FB:0 -> 1920 x 1080, 174500000 Hz
2026-09-13 19:19:21.876991-0300 0x41a      Default     0x0                  0      0    kernel: (AppleGraphicsDevicePolicy) AGDP:: validateMode:368 response accepted on:0
2026-09-13 19:19:21.876993-0300 0x41a      Default     0x0                  0      0    kernel: (AppleGraphicsDevicePolicy) AGDP:: VendorEventHandler:781 kAGDCRegisterLinkValidateModeTiming: accepted by policy.
2026-09-13 19:19:21.884907-0300 0x41a      Default     0x0                  0      0    kernel: (AppleGraphicsDevicePolicy) AGDP:: VendorEventHandler:484 VendorEventHandler [GFX0:AMD]: Port: 436352440.00000000 Event:ModesetCallback [c]
2026-09-13 19:19:21.884918-0300 0x41a      Default     0x0                  0      0    kernel: (AppleGraphicsDevicePolicy) AGDP:: VendorEventHandler:621 **************** kAGDCRegisterLinkModesetCallback #1 **************** 1:0:1
2026-09-13 19:19:21.884924-0300 0x41a      Default     0x0                  0      0    kernel: (AppleGraphicsDevicePolicy) AGDP:: VendorEventHandler:623 kAGDCRegisterLinkModesetCallback-ext: FB:0 -> 1920 x 1080, ext_blanking=0, 228800000 Hz
2026-09-13 19:19:21.884930-0300 0x41a      Default     0x0                  0      0    kernel: (AppleGraphicsDevicePolicy) AGDP:: VendorEventHandler:624 kAGDCRegisterLinkModesetCallback-ext-2: pEnc=0x2, pBPC=0x2, pColometry=0x80, dRange=0x1 dscBPP=0
2026-09-13 19:19:21.884936-0300 0x41a      Default     0x0                  0      0    kernel: (AppleGraphicsDevicePolicy) AGDP:: validateMode:166 Validating mode FB:0 -> 1920 x 1080, 228800000 Hz
2026-09-13 19:19:21.884941-0300 0x41a      Default     0x0                  0      0    kernel: (AppleGraphicsDevicePolicy) AGDP:: validateMode:368 response accepted on:0
2026-09-13 19:19:21.884945-0300 0x41a      Default     0x0                  0      0    kernel: (AppleGraphicsDevicePolicy) AGDP:: getPconPortInfo:30 Invalid port number 0
2026-09-13 19:19:21.884948-0300 0x41a      Default     0x0                  0      0    kernel: (AppleGraphicsDevicePolicy) AGDP:: VendorEventHandler:484 VendorEventHandler [GFX0:AMD]: Port: 436352440.00000000 Event:ModesetCallback [c]
2026-09-13 19:19:21.884954-0300 0x41a      Default     0x0                  0      0    kernel: (AppleGraphicsDevicePolicy) AGDP:: VendorEventHandler:621 **************** kAGDCRegisterLinkModesetCallback #2 **************** 1:1:1
2026-09-13 19:19:21.884959-0300 0x41a      Default     0x0                  0      0    kernel: (AppleGraphicsDevicePolicy) AGDP:: VendorEventHandler:623 kAGDCRegisterLinkModesetCallback-ext: FB:0 -> 1920 x 1080, ext_blanking=0, 228800000 Hz
2026-09-13 19:19:21.884964-0300 0x41a      Default     0x0                  0      0    kernel: (AppleGraphicsDevicePolicy) AGDP:: VendorEventHandler:624 kAGDCRegisterLinkModesetCallback-ext-2: pEnc=0x2, pBPC=0x2, pColometry=0x80, dRange=0x1 dscBPP=0
2026-09-13 19:19:21.884970-0300 0x41a      Default     0x0                  0      0    kernel: (AppleGraphicsDevicePolicy) Warning!! AGDP: vendor modeset callback invalid sequence or interleaving!!
2026-09-13 19:19:21.884973-0300 0x41a      Default     0x0                  0      0    kernel: (AppleGraphicsDevicePolicy) AGDP:: validateMode:166 Validating mode FB:0 -> 1920 x 1080, 228800000 Hz
2026-09-13 19:19:21.884977-0300 0x41a      Default     0x0                  0      0    kernel: (AppleGraphicsDevicePolicy) AGDP:: validateMode:368 response accepted on:0
2026-09-13 19:19:21.884980-0300 0x41a      Default     0x0                  0      0    kernel: (AppleGraphicsDevicePolicy) AGDP:: getPconPortInfo:30 Invalid port number 0
2026-09-13 19:19:21.888185-0300 0x41a      Default     0x0                  0      0    kernel: (AppleGraphicsDevicePolicy) AGDP:: VendorEventHandler:484 VendorEventHandler [GFX0:AMD]: Port: 436057728.00000000 Event:ValidateModeTiming [a]
2026-09-13 19:19:21.888196-0300 0x41a      Default     0x0                  0      0    kernel: (AppleGraphicsDevicePolicy) AGDP:: VendorEventHandler:751 kAGDCRegisterLinkValidateModeTiming: FB:0 -> 1920 x 1080, ext_blanking=0, 228800000 Hz
2026-09-13 19:19:21.888205-0300 0x41a      Default     0x0                  0      0    kernel: (AppleGraphicsDevicePolicy) AGDP:: VendorEventHandler:752 kAGDCRegisterLinkValidateModeTiming-ext: pEnc 0x2, pBPC=0x2, pColometry=0x80, dRange=0x1 dscBPP=0
2026-09-13 19:19:21.888211-0300 0x41a      Default     0x0                  0      0    kernel: (AppleGraphicsDevicePolicy) AGDP:: validateMode:166 Validating mode FB:0 -> 1920 x 1080, 228800000 Hz
2026-09-13 19:19:21.888216-0300 0x41a      Default     0x0                  0      0    kernel: (AppleGraphicsDevicePolicy) AGDP:: validateMode:368 response accepted on:0
2026-09-13 19:19:21.888220-0300 0x41a      Default     0x0                  0      0    kernel: (AppleGraphicsDevicePolicy) AGDP:: VendorEventHandler:781 kAGDCRegisterLinkValidateModeTiming: accepted by policy.
2026-09-13 19:19:21.888301-0300 0x41a      Default     0x0                  0      0    kernel: (AppleGraphicsDevicePolicy) AGDP:: VendorEventHandler:484 VendorEventHandler [GFX0:AMD]: Port: 436057728.00000000 Event:ValidateModeTiming [a]
2026-09-13 19:19:21.888309-0300 0x41a      Default     0x0                  0      0    kernel: (AppleGraphicsDevicePolicy) AGDP:: VendorEventHandler:751 kAGDCRegisterLinkValidateModeTiming: FB:0 -> 1920 x 1080, ext_blanking=0, 138500000 Hz
2026-09-13 19:19:21.888317-0300 0x41a      Default     0x0                  0      0    kernel: (AppleGraphicsDevicePolicy) AGDP:: VendorEventHandler:752 kAGDCRegisterLinkValidateModeTiming-ext: pEnc 0x2, pBPC=0x2, pColometry=0x80, dRange=0x1 dscBPP=0
2026-09-13 19:19:21.888323-0300 0x41a      Default     0x0                  0      0    kernel: (AppleGraphicsDevicePolicy) AGDP:: validateMode:166 Validating mode FB:0 -> 1920 x 1080, 138500000 Hz
2026-09-13 19:19:21.888328-0300 0x41a      Default     0x0                  0      0    kernel: (AppleGraphicsDevicePolicy) AGDP:: validateMode:368 response accepted on:0
2026-09-13 19:19:21.888332-0300 0x41a      Default     0x0                  0      0    kernel: (AppleGraphicsDevicePolicy) AGDP:: VendorEventHandler:781 kAGDCRegisterLinkValidateModeTiming: accepted by policy.
2026-09-13 19:19:21.888409-0300 0x41a      Default     0x0                  0      0    kernel: (AppleGraphicsDevicePolicy) AGDP:: VendorEventHandler:484 VendorEventHandler [GFX0:AMD]: Port: 436057728.00000000 Event:ValidateModeTiming [a]
2026-09-13 19:19:21.888416-0300 0x41a      Default     0x0                  0      0    kernel: (AppleGraphicsDevicePolicy) AGDP:: VendorEventHandler:751 kAGDCRegisterLinkValidateModeTiming: FB:0 -> 1280 x 720, ext_blanking=0, 74250000 Hz
2026-09-13 19:19:21.888422-0300 0x41a      Default     0x0                  0      0    kernel: (AppleGraphicsDevicePolicy) AGDP:: VendorEventHandler:752 kAGDCRegisterLinkValidateModeTiming-ext: pEnc 0x2, pBPC=0x2, pColometry=0x80, dRange=0x1 dscBPP=0
2026-09-13 19:19:21.888427-0300 0x41a      Default     0x0                  0      0    kernel: (AppleGraphicsDevicePolicy) AGDP:: validateMode:166 Validating mode FB:0 -> 1280 x 720, 74250000 Hz
2026-09-13 19:19:21.888431-0300 0x41a      Default     0x0                  0      0    kernel: (AppleGraphicsDevicePolicy) AGDP:: validateMode:368 response accepted on:0
2026-09-13 19:19:21.888435-0300 0x41a      Default     0x0                  0      0    kernel: (AppleGraphicsDevicePolicy) AGDP:: VendorEventHandler:781 kAGDCRegisterLinkValidateModeTiming: accepted by policy.
2026-09-13 19:19:21.888505-0300 0x41a      Default     0x0                  0      0    kernel: (AppleGraphicsDevicePolicy) AGDP:: VendorEventHandler:484 VendorEventHandler [GFX0:AMD]: Port: 436057728.00000000 Event:ValidateModeTiming [a]
2026-09-13 19:19:21.888512-0300 0x41a      Default     0x0                  0      0    kernel: (AppleGraphicsDevicePolicy) AGDP:: VendorEventHandler:751 kAGDCRegisterLinkValidateModeTiming: FB:0 -> 720 x 480, ext_blanking=0, 27000000 Hz
2026-09-13 19:19:21.888517-0300 0x41a      Default     0x0                  0      0    kernel: (AppleGraphicsDevicePolicy) AGDP:: VendorEventHandler:752 kAGDCRegisterLinkValidateModeTiming-ext: pEnc 0x2, pBPC=0x2, pColometry=0x80, dRange=0x1 dscBPP=0
2026-09-13 19:19:21.888523-0300 0x41a      Default     0x0                  0      0    kernel: (AppleGraphicsDevicePolicy) AGDP:: validateMode:166 Validating mode FB:0 -> 720 x 480, 27000000 Hz
2026-09-13 19:19:21.888530-0300 0x41a      Default     0x0                  0      0    kernel: (AppleGraphicsDevicePolicy) AGDP:: validateMode:368 response accepted on:0
2026-09-13 19:19:21.888533-0300 0x41a      Default     0x0                  0      0    kernel: (AppleGraphicsDevicePolicy) AGDP:: VendorEventHandler:781 kAGDCRegisterLinkValidateModeTiming: accepted by policy.
2026-09-13 19:19:21.888626-0300 0x41a      Default     0x0                  0      0    kernel: (AppleGraphicsDevicePolicy) AGDP:: VendorEventHandler:484 VendorEventHandler [GFX0:AMD]: Port: 436057728.00000000 Event:ValidateModeTiming [a]
2026-09-13 19:19:21.888633-0300 0x41a      Default     0x0                  0      0    kernel: (AppleGraphicsDevicePolicy) AGDP:: VendorEventHandler:751 kAGDCRegisterLinkValidateModeTiming: FB:0 -> 640 x 480, ext_blanking=0, 25174999 Hz
2026-09-13 19:19:21.888639-0300 0x41a      Default     0x0                  0      0    kernel: (AppleGraphicsDevicePolicy) AGDP:: VendorEventHandler:752 kAGDCRegisterLinkValidateModeTiming-ext: pEnc 0x2, pBPC=0x2, pColometry=0x80, dRange=0x1 dscBPP=0
2026-09-13 19:19:21.888644-0300 0x41a      Default     0x0                  0      0    kernel: (AppleGraphicsDevicePolicy) AGDP:: validateMode:166 Validating mode FB:0 -> 640 x 480, 25174999 Hz
2026-09-13 19:19:21.888648-0300 0x41a      Default     0x0                  0      0    kernel: (AppleGraphicsDevicePolicy) AGDP:: validateMode:368 response accepted on:0
2026-09-13 19:19:21.888651-0300 0x41a      Default     0x0                  0      0    kernel: (AppleGraphicsDevicePolicy) AGDP:: VendorEventHandler:781 kAGDCRegisterLinkValidateModeTiming: accepted by policy.
2026-09-13 19:19:21.888722-0300 0x41a      Default     0x0                  0      0    kernel: (AppleGraphicsDevicePolicy) AGDP:: VendorEventHandler:484 VendorEventHandler [GFX0:AMD]: Port: 436057728.00000000 Event:ValidateModeTiming [a]
2026-09-13 19:19:21.888728-0300 0x41a      Default     0x0                  0      0    kernel: (AppleGraphicsDevicePolicy) AGDP:: VendorEventHandler:751 kAGDCRegisterLinkValidateModeTiming: FB:0 -> 720 x 576, ext_blanking=0, 27000000 Hz
2026-09-13 19:19:21.888734-0300 0x41a      Default     0x0                  0      0    kernel: (AppleGraphicsDevicePolicy) AGDP:: VendorEventHandler:752 kAGDCRegisterLinkValidateModeTiming-ext: pEnc 0x2, pBPC=0x2, pColometry=0x80, dRange=0x1 dscBPP=0
2026-09-13 19:19:21.888739-0300 0x41a      Default     0x0                  0      0    kernel: (AppleGraphicsDevicePolicy) AGDP:: validateMode:166 Validating mode FB:0 -> 720 x 576, 27000000 Hz
2026-09-13 19:19:21.888743-0300 0x41a      Default     0x0                  0      0    kernel: (AppleGraphicsDevicePolicy) AGDP:: validateMode:368 response accepted on:0
2026-09-13 19:19:21.888746-0300 0x41a      Default     0x0                  0      0    kernel: (AppleGraphicsDevicePolicy) AGDP:: VendorEventHandler:781 kAGDCRegisterLinkValidateModeTiming: accepted by policy.
2026-09-13 19:19:21.888819-0300 0x41a      Default     0x0                  0      0    kernel: (AppleGraphicsDevicePolicy) AGDP:: VendorEventHandler:484 VendorEventHandler [GFX0:AMD]: Port: 436057728.00000000 Event:ValidateModeTiming [a]
2026-09-13 19:19:21.888826-0300 0x41a      Default     0x0                  0      0    kernel: (AppleGraphicsDevicePolicy) AGDP:: VendorEventHandler:751 kAGDCRegisterLinkValidateModeTiming: FB:0 -> 1280 x 720, ext_blanking=0, 74250000 Hz
2026-09-13 19:19:21.888831-0300 0x41a      Default     0x0                  0      0    kernel: (AppleGraphicsDevicePolicy) AGDP:: VendorEventHandler:752 kAGDCRegisterLinkValidateModeTiming-ext: pEnc 0x2, pBPC=0x2, pColometry=0x80, dRange=0x1 dscBPP=0
2026-09-13 19:19:21.888836-0300 0x41a      Default     0x0                  0      0    kernel: (AppleGraphicsDevicePolicy) AGDP:: validateMode:166 Validating mode FB:0 -> 1280 x 720, 74250000 Hz
2026-09-13 19:19:21.888841-0300 0x41a      Default     0x0                  0      0    kernel: (AppleGraphicsDevicePolicy) AGDP:: validateMode:368 response accepted on:0
2026-09-13 19:19:21.888844-0300 0x41a      Default     0x0                  0      0    kernel: (AppleGraphicsDevicePolicy) AGDP:: VendorEventHandler:781 kAGDCRegisterLinkValidateModeTiming: accepted by policy.
2026-09-13 19:19:21.888910-0300 0x41a      Default     0x0                  0      0    kernel: (AppleGraphicsDevicePolicy) AGDP:: VendorEventHandler:484 VendorEventHandler [GFX0:AMD]: Port: 436057728.00000000 Event:ValidateModeTiming [a]
2026-09-13 19:19:21.888916-0300 0x41a      Default     0x0                  0      0    kernel: (AppleGraphicsDevicePolicy) AGDP:: VendorEventHandler:751 kAGDCRegisterLinkValidateModeTiming: FB:0 -> 1920 x 1080, ext_blanking=0, 148500000 Hz
2026-09-13 19:19:21.888922-0300 0x41a      Default     0x0                  0      0    kernel: (AppleGraphicsDevicePolicy) AGDP:: VendorEventHandler:752 kAGDCRegisterLinkValidateModeTiming-ext: pEnc 0x2, pBPC=0x2, pColometry=0x80, dRange=0x1 dscBPP=0
2026-09-13 19:19:21.888927-0300 0x41a      Default     0x0                  0      0    kernel: (AppleGraphicsDevicePolicy) AGDP:: validateMode:166 Validating mode FB:0 -> 1920 x 1080, 148500000 Hz
2026-09-13 19:19:21.888931-0300 0x41a      Default     0x0                  0      0    kernel: (AppleGraphicsDevicePolicy) AGDP:: validateMode:368 response accepted on:0
2026-09-13 19:19:21.888934-0300 0x41a      Default     0x0                  0      0    kernel: (AppleGraphicsDevicePolicy) AGDP:: VendorEventHandler:781 kAGDCRegisterLinkValidateModeTiming: accepted by policy.
2026-09-13 19:19:21.888999-0300 0x41a      Default     0x0                  0      0    kernel: (AppleGraphicsDevicePolicy) AGDP:: VendorEventHandler:484 VendorEventHandler [GFX0:AMD]: Port: 436057728.00000000 Event:ValidateModeTiming [a]
2026-09-13 19:19:21.889006-0300 0x41a      Default     0x0                  0      0    kernel: (AppleGraphicsDevicePolicy) AGDP:: VendorEventHandler:751 kAGDCRegisterLinkValidateModeTiming: FB:0 -> 1920 x 1080, ext_blanking=0, 174500000 Hz
2026-09-13 19:19:21.889011-0300 0x41a      Default     0x0                  0      0    kernel: (AppleGraphicsDevicePolicy) AGDP:: VendorEventHandler:752 kAGDCRegisterLinkValidateModeTiming-ext: pEnc 0x2, pBPC=0x2, pColometry=0x80, dRange=0x1 dscBPP=0
2026-09-13 19:19:21.889016-0300 0x41a      Default     0x0                  0      0    kernel: (AppleGraphicsDevicePolicy) AGDP:: validateMode:166 Validating mode FB:0 -> 1920 x 1080, 174500000 Hz
2026-09-13 19:19:21.889025-0300 0x41a      Default     0x0                  0      0    kernel: (AppleGraphicsDevicePolicy) AGDP:: validateMode:368 response accepted on:0
2026-09-13 19:19:21.889029-0300 0x41a      Default     0x0                  0      0    kernel: (AppleGraphicsDevicePolicy) AGDP:: VendorEventHandler:781 kAGDCRegisterLinkValidateModeTiming: accepted by policy.
2026-09-13 19:19:21.889112-0300 0x41a      Default     0x0                  0      0    kernel: (AppleGraphicsDevicePolicy) AGDP:: VendorEventHandler:484 VendorEventHandler [GFX0:AMD]: Port: 436057728.00000000 Event:ValidateModeTiming [a]
2026-09-13 19:19:21.889123-0300 0x41a      Default     0x0                  0      0    kernel: (AppleGraphicsDevicePolicy) AGDP:: VendorEventHandler:751 kAGDCRegisterLinkValidateModeTiming: FB:0 -> 1280 x 720, ext_blanking=0, 74250000 Hz
2026-09-13 19:19:21.889133-0300 0x41a      Default     0x0                  0      0    kernel: (AppleGraphicsDevicePolicy) AGDP:: VendorEventHandler:752 kAGDCRegisterLinkValidateModeTiming-ext: pEnc 0x2, pBPC=0x2, pColometry=0x80, dRange=0x1 dscBPP=0
2026-09-13 19:19:21.889140-0300 0x41a      Default     0x0                  0      0    kernel: (AppleGraphicsDevicePolicy) AGDP:: validateMode:166 Validating mode FB:0 -> 1280 x 720, 74250000 Hz
2026-09-13 19:19:21.889148-0300 0x41a      Default     0x0                  0      0    kernel: (AppleGraphicsDevicePolicy) AGDP:: validateMode:368 response accepted on:0
2026-09-13 19:19:21.889153-0300 0x41a      Default     0x0                  0      0    kernel: (AppleGraphicsDevicePolicy) AGDP:: VendorEventHandler:781 kAGDCRegisterLinkValidateModeTiming: accepted by policy.
2026-09-13 19:19:21.889250-0300 0x41a      Default     0x0                  0      0    kernel: (AppleGraphicsDevicePolicy) AGDP:: VendorEventHandler:484 VendorEventHandler [GFX0:AMD]: Port: 436057728.00000000 Event:ValidateModeTiming [a]
2026-09-13 19:19:21.889257-0300 0x41a      Default     0x0                  0      0    kernel: (AppleGraphicsDevicePolicy) AGDP:: VendorEventHandler:751 kAGDCRegisterLinkValidateModeTiming: FB:0 -> 1280 x 720, ext_blanking=0, 74250000 Hz
2026-09-13 19:19:21.889262-0300 0x41a      Default     0x0                  0      0    kernel: (AppleGraphicsDevicePolicy) AGDP:: VendorEventHandler:752 kAGDCRegisterLinkValidateModeTiming-ext: pEnc 0x1, pBPC=0x2, pColometry=0x80, dRange=0x1 dscBPP=0
2026-09-13 19:19:21.889267-0300 0x41a      Default     0x0                  0      0    kernel: (AppleGraphicsDevicePolicy) AGDP:: validateMode:166 Validating mode FB:0 -> 1280 x 720, 74250000 Hz
2026-09-13 19:19:21.889272-0300 0x41a      Default     0x0                  0      0    kernel: (AppleGraphicsDevicePolicy) AGDP:: validateMode:368 response accepted on:0
2026-09-13 19:19:21.889275-0300 0x41a      Default     0x0                  0      0    kernel: (AppleGraphicsDevicePolicy) AGDP:: VendorEventHandler:781 kAGDCRegisterLinkValidateModeTiming: accepted by policy.
2026-09-13 19:19:21.889343-0300 0x41a      Default     0x0                  0      0    kernel: (AppleGraphicsDevicePolicy) AGDP:: VendorEventHandler:484 VendorEventHandler [GFX0:AMD]: Port: 436057728.00000000 Event:ValidateModeTiming [a]
2026-09-13 19:19:21.889350-0300 0x41a      Default     0x0                  0      0    kernel: (AppleGraphicsDevicePolicy) AGDP:: VendorEventHandler:751 kAGDCRegisterLinkValidateModeTiming: FB:0 -> 1920 x 1080, ext_blanking=0, 228800000 Hz
2026-09-13 19:19:21.889355-0300 0x41a      Default     0x0                  0      0    kernel: (AppleGraphicsDevicePolicy) AGDP:: VendorEventHandler:752 kAGDCRegisterLinkValidateModeTiming-ext: pEnc 0x2, pBPC=0x2, pColometry=0x80, dRange=0x1 dscBPP=0
2026-09-13 19:19:21.889360-0300 0x41a      Default     0x0                  0      0    kernel: (AppleGraphicsDevicePolicy) AGDP:: validateMode:166 Validating mode FB:0 -> 1920 x 1080, 228800000 Hz
2026-09-13 19:19:21.889365-0300 0x41a      Default     0x0                  0      0    kernel: (AppleGraphicsDevicePolicy) AGDP:: validateMode:368 response accepted on:0
2026-09-13 19:19:21.889368-0300 0x41a      Default     0x0                  0      0    kernel: (AppleGraphicsDevicePolicy) AGDP:: VendorEventHandler:781 kAGDCRegisterLinkValidateModeTiming: accepted by policy.
2026-09-13 19:19:21.889388-0300 0x41a      Default     0x0                  0      0    kernel: (AppleGraphicsDevicePolicy) AGDP:: VendorEventHandler:484 VendorEventHandler [GFX0:AMD]: Port: 436057728.00000000 Event:ValidateModeTiming [a]
2026-09-13 19:19:21.889394-0300 0x41a      Default     0x0                  0      0    kernel: (AppleGraphicsDevicePolicy) AGDP:: VendorEventHandler:751 kAGDCRegisterLinkValidateModeTiming: FB:0 -> 1920 x 1080, ext_blanking=0, 228800000 Hz
2026-09-13 19:19:21.889399-0300 0x41a      Default     0x0                  0      0    kernel: (AppleGraphicsDevicePolicy) AGDP:: VendorEventHandler:752 kAGDCRegisterLinkValidateModeTiming-ext: pEnc 0x2, pBPC=0x2, pColometry=0x80, dRange=0x1 dscBPP=0
2026-09-13 19:19:21.889405-0300 0x41a      Default     0x0                  0      0    kernel: (AppleGraphicsDevicePolicy) AGDP:: validateMode:166 Validating mode FB:0 -> 1920 x 1080, 228800000 Hz
2026-09-13 19:19:21.889409-0300 0x41a      Default     0x0                  0      0    kernel: (AppleGraphicsDevicePolicy) AGDP:: validateMode:368 response accepted on:0
2026-09-13 19:19:21.889412-0300 0x41a      Default     0x0                  0      0    kernel: (AppleGraphicsDevicePolicy) AGDP:: VendorEventHandler:781 kAGDCRegisterLinkValidateModeTiming: accepted by policy.
2026-09-13 19:19:21.889429-0300 0x41a      Default     0x0                  0      0    kernel: (AppleGraphicsDevicePolicy) AGDP:: VendorEventHandler:484 VendorEventHandler [GFX0:AMD]: Port: 436057728.00000000 Event:ValidateModeTiming [a]
2026-09-13 19:19:21.889435-0300 0x41a      Default     0x0                  0      0    kernel: (AppleGraphicsDevicePolicy) AGDP:: VendorEventHandler:751 kAGDCRegisterLinkValidateModeTiming: FB:0 -> 1920 x 1080, ext_blanking=0, 228800000 Hz
2026-09-13 19:19:21.889441-0300 0x41a      Default     0x0                  0      0    kernel: (AppleGraphicsDevicePolicy) AGDP:: VendorEventHandler:752 kAGDCRegisterLinkValidateModeTiming-ext: pEnc 0x2, pBPC=0x2, pColometry=0x80, dRange=0x1 dscBPP=0
2026-09-13 19:19:21.889446-0300 0x41a      Default     0x0                  0      0    kernel: (AppleGraphicsDevicePolicy) AGDP:: validateMode:166 Validating mode FB:0 -> 1920 x 1080, 228800000 Hz
2026-09-13 19:19:21.889450-0300 0x41a      Default     0x0                  0      0    kernel: (AppleGraphicsDevicePolicy) AGDP:: validateMode:368 response accepted on:0
2026-09-13 19:19:21.889453-0300 0x41a      Default     0x0                  0      0    kernel: (AppleGraphicsDevicePolicy) AGDP:: VendorEventHandler:781 kAGDCRegisterLinkValidateModeTiming: accepted by policy.
2026-09-13 19:19:21.889469-0300 0x41a      Default     0x0                  0      0    kernel: (AppleGraphicsDevicePolicy) AGDP:: VendorEventHandler:484 VendorEventHandler [GFX0:AMD]: Port: 436057728.00000000 Event:ValidateModeTiming [a]
2026-09-13 19:19:21.889475-0300 0x41a      Default     0x0                  0      0    kernel: (AppleGraphicsDevicePolicy) AGDP:: VendorEventHandler:751 kAGDCRegisterLinkValidateModeTiming: FB:0 -> 1920 x 1080, ext_blanking=0, 228800000 Hz
2026-09-13 19:19:21.889480-0300 0x41a      Default     0x0                  0      0    kernel: (AppleGraphicsDevicePolicy) AGDP:: VendorEventHandler:752 kAGDCRegisterLinkValidateModeTiming-ext: pEnc 0x2, pBPC=0x2, pColometry=0x80, dRange=0x1 dscBPP=0
2026-09-13 19:19:21.889485-0300 0x41a      Default     0x0                  0      0    kernel: (AppleGraphicsDevicePolicy) AGDP:: validateMode:166 Validating mode FB:0 -> 1920 x 1080, 228800000 Hz
2026-09-13 19:19:21.889490-0300 0x41a      Default     0x0                  0      0    kernel: (AppleGraphicsDevicePolicy) AGDP:: validateMode:368 response accepted on:0
2026-09-13 19:19:21.889492-0300 0x41a      Default     0x0                  0      0    kernel: (AppleGraphicsDevicePolicy) AGDP:: VendorEventHandler:781 kAGDCRegisterLinkValidateModeTiming: accepted by policy.
2026-09-13 19:19:21.889509-0300 0x41a      Default     0x0                  0      0    kernel: (AppleGraphicsDevicePolicy) AGDP:: VendorEventHandler:484 VendorEventHandler [GFX0:AMD]: Port: 436057728.00000000 Event:ValidateModeTiming [a]
2026-09-13 19:19:21.889515-0300 0x41a      Default     0x0                  0      0    kernel: (AppleGraphicsDevicePolicy) AGDP:: VendorEventHandler:751 kAGDCRegisterLinkValidateModeTiming: FB:0 -> 1920 x 1080, ext_blanking=0, 228800000 Hz
2026-09-13 19:19:21.889520-0300 0x41a      Default     0x0                  0      0    kernel: (AppleGraphicsDevicePolicy) AGDP:: VendorEventHandler:752 kAGDCRegisterLinkValidateModeTiming-ext: pEnc 0x2, pBPC=0x2, pColometry=0x80, dRange=0x1 dscBPP=0
2026-09-13 19:19:21.889530-0300 0x41a      Default     0x0                  0      0    kernel: (AppleGraphicsDevicePolicy) AGDP:: validateMode:166 Validating mode FB:0 -> 1920 x 1080, 228800000 Hz
2026-09-13 19:19:21.889535-0300 0x41a      Default     0x0                  0      0    kernel: (AppleGraphicsDevicePolicy) AGDP:: validateMode:368 response accepted on:0
2026-09-13 19:19:21.889538-0300 0x41a      Default     0x0                  0      0    kernel: (AppleGraphicsDevicePolicy) AGDP:: VendorEventHandler:781 kAGDCRegisterLinkValidateModeTiming: accepted by policy.
2026-09-13 19:19:21.889556-0300 0x41a      Default     0x0                  0      0    kernel: (AppleGraphicsDevicePolicy) AGDP:: VendorEventHandler:484 VendorEventHandler [GFX0:AMD]: Port: 436057728.00000000 Event:ValidateModeTiming [a]
2026-09-13 19:19:21.889561-0300 0x41a      Default     0x0                  0      0    kernel: (AppleGraphicsDevicePolicy) AGDP:: VendorEventHandler:751 kAGDCRegisterLinkValidateModeTiming: FB:0 -> 1920 x 1080, ext_blanking=0, 228800000 Hz
2026-09-13 19:19:21.889567-0300 0x41a      Default     0x0                  0      0    kernel: (AppleGraphicsDevicePolicy) AGDP:: VendorEventHandler:752 kAGDCRegisterLinkValidateModeTiming-ext: pEnc 0x2, pBPC=0x2, pColometry=0x80, dRange=0x1 dscBPP=0
2026-09-13 19:19:21.889572-0300 0x41a      Default     0x0                  0      0    kernel: (AppleGraphicsDevicePolicy) AGDP:: validateMode:166 Validating mode FB:0 -> 1920 x 1080, 228800000 Hz
2026-09-13 19:19:21.889576-0300 0x41a      Default     0x0                  0      0    kernel: (AppleGraphicsDevicePolicy) AGDP:: validateMode:368 response accepted on:0
2026-09-13 19:19:21.889579-0300 0x41a      Default     0x0                  0      0    kernel: (AppleGraphicsDevicePolicy) AGDP:: VendorEventHandler:781 kAGDCRegisterLinkValidateModeTiming: accepted by policy.
2026-09-13 19:19:21.889606-0300 0x41a      Default     0x0                  0      0    kernel: (AppleGraphicsDevicePolicy) AGDP:: VendorEventHandler:484 VendorEventHandler [GFX0:AMD]: Port: 436057728.00000000 Event:ValidateModeTiming [a]
2026-09-13 19:19:21.889616-0300 0x41a      Default     0x0                  0      0    kernel: (AppleGraphicsDevicePolicy) AGDP:: VendorEventHandler:751 kAGDCRegisterLinkValidateModeTiming: FB:0 -> 1920 x 1080, ext_blanking=0, 228800000 Hz
2026-09-13 19:19:21.889621-0300 0x41a      Default     0x0                  0      0    kernel: (AppleGraphicsDevicePolicy) AGDP:: VendorEventHandler:752 kAGDCRegisterLinkValidateModeTiming-ext: pEnc 0x2, pBPC=0x2, pColometry=0x80, dRange=0x1 dscBPP=0
2026-09-13 19:19:21.889627-0300 0x41a      Default     0x0                  0      0    kernel: (AppleGraphicsDevicePolicy) AGDP:: validateMode:166 Validating mode FB:0 -> 1920 x 1080, 228800000 Hz
2026-09-13 19:19:21.889631-0300 0x41a      Default     0x0                  0      0    kernel: (AppleGraphicsDevicePolicy) AGDP:: validateMode:368 response accepted on:0
2026-09-13 19:19:21.889634-0300 0x41a      Default     0x0                  0      0    kernel: (AppleGraphicsDevicePolicy) AGDP:: VendorEventHandler:781 kAGDCRegisterLinkValidateModeTiming: accepted by policy.
2026-09-13 19:19:21.889651-0300 0x41a      Default     0x0                  0      0    kernel: (AppleGraphicsDevicePolicy) AGDP:: VendorEventHandler:484 VendorEventHandler [GFX0:AMD]: Port: 436057728.00000000 Event:ValidateModeTiming [a]
2026-09-13 19:19:21.889657-0300 0x41a      Default     0x0                  0      0    kernel: (AppleGraphicsDevicePolicy) AGDP:: VendorEventHandler:751 kAGDCRegisterLinkValidateModeTiming: FB:0 -> 1920 x 1080, ext_blanking=0, 228800000 Hz
2026-09-13 19:19:21.889662-0300 0x41a      Default     0x0                  0      0    kernel: (AppleGraphicsDevicePolicy) AGDP:: VendorEventHandler:752 kAGDCRegisterLinkValidateModeTiming-ext: pEnc 0x2, pBPC=0x2, pColometry=0x80, dRange=0x1 dscBPP=0
2026-09-13 19:19:21.889667-0300 0x41a      Default     0x0                  0      0    kernel: (AppleGraphicsDevicePolicy) AGDP:: validateMode:166 Validating mode FB:0 -> 1920 x 1080, 228800000 Hz
2026-09-13 19:19:21.889671-0300 0x41a      Default     0x0                  0      0    kernel: (AppleGraphicsDevicePolicy) AGDP:: validateMode:368 response accepted on:0
2026-09-13 19:19:21.889674-0300 0x41a      Default     0x0                  0      0    kernel: (AppleGraphicsDevicePolicy) AGDP:: VendorEventHandler:781 kAGDCRegisterLinkValidateModeTiming: accepted by policy.
2026-09-13 19:19:21.889692-0300 0x41a      Default     0x0                  0      0    kernel: (AppleGraphicsDevicePolicy) AGDP:: VendorEventHandler:484 VendorEventHandler [GFX0:AMD]: Port: 436057728.00000000 Event:ValidateModeTiming [a]
2026-09-13 19:19:21.889697-0300 0x41a      Default     0x0                  0      0    kernel: (AppleGraphicsDevicePolicy) AGDP:: VendorEventHandler:751 kAGDCRegisterLinkValidateModeTiming: FB:0 -> 1920 x 1080, ext_blanking=0, 228800000 Hz
2026-09-13 19:19:21.889703-0300 0x41a      Default     0x0                  0      0    kernel: (AppleGraphicsDevicePolicy) AGDP:: VendorEventHandler:752 kAGDCRegisterLinkValidateModeTiming-ext: pEnc 0x2, pBPC=0x2, pColometry=0x80, dRange=0x1 dscBPP=0
2026-09-13 19:19:21.889708-0300 0x41a      Default     0x0                  0      0    kernel: (AppleGraphicsDevicePolicy) AGDP:: validateMode:166 Validating mode FB:0 -> 1920 x 1080, 228800000 Hz
2026-09-13 19:19:21.889712-0300 0x41a      Default     0x0                  0      0    kernel: (AppleGraphicsDevicePolicy) AGDP:: validateMode:368 response accepted on:0
2026-09-13 19:19:21.889715-0300 0x41a      Default     0x0                  0      0    kernel: (AppleGraphicsDevicePolicy) AGDP:: VendorEventHandler:781 kAGDCRegisterLinkValidateModeTiming: accepted by policy.
2026-09-13 19:19:21.889731-0300 0x41a      Default     0x0                  0      0    kernel: (AppleGraphicsDevicePolicy) AGDP:: VendorEventHandler:484 VendorEventHandler [GFX0:AMD]: Port: 436057728.00000000 Event:ValidateModeTiming [a]
2026-09-13 19:19:21.889737-0300 0x41a      Default     0x0                  0      0    kernel: (AppleGraphicsDevicePolicy) AGDP:: VendorEventHandler:751 kAGDCRegisterLinkValidateModeTiming: FB:0 -> 1920 x 1080, ext_blanking=0, 228800000 Hz
2026-09-13 19:19:21.889743-0300 0x41a      Default     0x0                  0      0    kernel: (AppleGraphicsDevicePolicy) AGDP:: VendorEventHandler:752 kAGDCRegisterLinkValidateModeTiming-ext: pEnc 0x2, pBPC=0x2, pColometry=0x80, dRange=0x1 dscBPP=0
2026-09-13 19:19:21.889748-0300 0x41a      Default     0x0                  0      0    kernel: (AppleGraphicsDevicePolicy) AGDP:: validateMode:166 Validating mode FB:0 -> 1920 x 1080, 228800000 Hz
2026-09-13 19:19:21.889752-0300 0x41a      Default     0x0                  0      0    kernel: (AppleGraphicsDevicePolicy) AGDP:: validateMode:368 response accepted on:0
2026-09-13 19:19:21.889755-0300 0x41a      Default     0x0                  0      0    kernel: (AppleGraphicsDevicePolicy) AGDP:: VendorEventHandler:781 kAGDCRegisterLinkValidateModeTiming: accepted by policy.
2026-09-13 19:19:21.889780-0300 0x41a      Default     0x0                  0      0    kernel: (AppleGraphicsDevicePolicy) AGDP:: VendorEventHandler:484 VendorEventHandler [GFX0:AMD]: Port: 436057728.00000000 Event:ValidateModeTiming [a]
2026-09-13 19:19:21.889787-0300 0x41a      Default     0x0                  0      0    kernel: (AppleGraphicsDevicePolicy) AGDP:: VendorEventHandler:751 kAGDCRegisterLinkValidateModeTiming: FB:0 -> 1920 x 1080, ext_blanking=0, 228800000 Hz
2026-09-13 19:19:21.889792-0300 0x41a      Default     0x0                  0      0    kernel: (AppleGraphicsDevicePolicy) AGDP:: VendorEventHandler:752 kAGDCRegisterLinkValidateModeTiming-ext: pEnc 0x2, pBPC=0x2, pColometry=0x80, dRange=0x1 dscBPP=0
2026-09-13 19:19:21.889798-0300 0x41a      Default     0x0                  0      0    kernel: (AppleGraphicsDevicePolicy) AGDP:: validateMode:166 Validating mode FB:0 -> 1920 x 1080, 228800000 Hz
2026-09-13 19:19:21.889802-0300 0x41a      Default     0x0                  0      0    kernel: (AppleGraphicsDevicePolicy) AGDP:: validateMode:368 response accepted on:0
2026-09-13 19:19:21.889805-0300 0x41a      Default     0x0                  0      0    kernel: (AppleGraphicsDevicePolicy) AGDP:: VendorEventHandler:781 kAGDCRegisterLinkValidateModeTiming: accepted by policy.
2026-09-13 19:19:21.889824-0300 0x41a      Default     0x0                  0      0    kernel: (AppleGraphicsDevicePolicy) AGDP:: VendorEventHandler:484 VendorEventHandler [GFX0:AMD]: Port: 436057728.00000000 Event:ValidateModeTiming [a]
2026-09-13 19:19:21.889830-0300 0x41a      Default     0x0                  0      0    kernel: (AppleGraphicsDevicePolicy) AGDP:: VendorEventHandler:751 kAGDCRegisterLinkValidateModeTiming: FB:0 -> 1920 x 1080, ext_blanking=0, 228800000 Hz
2026-09-13 19:19:21.889839-0300 0x41a      Default     0x0                  0      0    kernel: (AppleGraphicsDevicePolicy) AGDP:: VendorEventHandler:752 kAGDCRegisterLinkValidateModeTiming-ext: pEnc 0x2, pBPC=0x2, pColometry=0x80, dRange=0x1 dscBPP=0
2026-09-13 19:19:21.889845-0300 0x41a      Default     0x0                  0      0    kernel: (AppleGraphicsDevicePolicy) AGDP:: validateMode:166 Validating mode FB:0 -> 1920 x 1080, 228800000 Hz
2026-09-13 19:19:21.889850-0300 0x41a      Default     0x0                  0      0    kernel: (AppleGraphicsDevicePolicy) AGDP:: validateMode:368 response accepted on:0
2026-09-13 19:19:21.889852-0300 0x41a      Default     0x0                  0      0    kernel: (AppleGraphicsDevicePolicy) AGDP:: VendorEventHandler:781 kAGDCRegisterLinkValidateModeTiming: accepted by policy.
2026-09-13 19:19:21.889871-0300 0x41a      Default     0x0                  0      0    kernel: (AppleGraphicsDevicePolicy) AGDP:: VendorEventHandler:484 VendorEventHandler [GFX0:AMD]: Port: 436057728.00000000 Event:ValidateModeTiming [a]
2026-09-13 19:19:21.889877-0300 0x41a      Default     0x0                  0      0    kernel: (AppleGraphicsDevicePolicy) AGDP:: VendorEventHandler:751 kAGDCRegisterLinkValidateModeTiming: FB:0 -> 1920 x 1080, ext_blanking=0, 228800000 Hz
2026-09-13 19:19:21.889882-0300 0x41a      Default     0x0                  0      0    kernel: (AppleGraphicsDevicePolicy) AGDP:: VendorEventHandler:752 kAGDCRegisterLinkValidateModeTiming-ext: pEnc 0x2, pBPC=0x2, pColometry=0x80, dRange=0x1 dscBPP=0
2026-09-13 19:19:21.889887-0300 0x41a      Default     0x0                  0      0    kernel: (AppleGraphicsDevicePolicy) AGDP:: validateMode:166 Validating mode FB:0 -> 1920 x 1080, 228800000 Hz
2026-09-13 19:19:21.889891-0300 0x41a      Default     0x0                  0      0    kernel: (AppleGraphicsDevicePolicy) AGDP:: validateMode:368 response accepted on:0
2026-09-13 19:19:21.889894-0300 0x41a      Default     0x0                  0      0    kernel: (AppleGraphicsDevicePolicy) AGDP:: VendorEventHandler:781 kAGDCRegisterLinkValidateModeTiming: accepted by policy.
2026-09-13 19:19:21.889908-0300 0x41a      Default     0x0                  0      0    kernel: (AppleGraphicsDevicePolicy) AGDP:: VendorEventHandler:484 VendorEventHandler [GFX0:AMD]: Port: 436057728.00000000 Event:ValidateModeTiming [a]
2026-09-13 19:19:21.889913-0300 0x41a      Default     0x0                  0      0    kernel: (AppleGraphicsDevicePolicy) AGDP:: VendorEventHandler:751 kAGDCRegisterLinkValidateModeTiming: FB:0 -> 1920 x 1080, ext_blanking=0, 228800000 Hz
2026-09-13 19:19:21.889919-0300 0x41a      Default     0x0                  0      0    kernel: (AppleGraphicsDevicePolicy) AGDP:: VendorEventHandler:752 kAGDCRegisterLinkValidateModeTiming-ext: pEnc 0x2, pBPC=0x2, pColometry=0x80, dRange=0x1 dscBPP=0
2026-09-13 19:19:21.889924-0300 0x41a      Default     0x0                  0      0    kernel: (AppleGraphicsDevicePolicy) AGDP:: validateMode:166 Validating mode FB:0 -> 1920 x 1080, 228800000 Hz
2026-09-13 19:19:21.889928-0300 0x41a      Default     0x0                  0      0    kernel: (AppleGraphicsDevicePolicy) AGDP:: validateMode:368 response accepted on:0
2026-09-13 19:19:21.889931-0300 0x41a      Default     0x0                  0      0    kernel: (AppleGraphicsDevicePolicy) AGDP:: VendorEventHandler:781 kAGDCRegisterLinkValidateModeTiming: accepted by policy.
2026-09-13 19:19:21.889948-0300 0x41a      Default     0x0                  0      0    kernel: (AppleGraphicsDevicePolicy) AGDP:: VendorEventHandler:484 VendorEventHandler [GFX0:AMD]: Port: 436057728.00000000 Event:ValidateModeTiming [a]
2026-09-13 19:19:21.889954-0300 0x41a      Default     0x0                  0      0    kernel: (AppleGraphicsDevicePolicy) AGDP:: VendorEventHandler:751 kAGDCRegisterLinkValidateModeTiming: FB:0 -> 1920 x 1080, ext_blanking=0, 228800000 Hz
2026-09-13 19:19:21.889959-0300 0x41a      Default     0x0                  0      0    kernel: (AppleGraphicsDevicePolicy) AGDP:: VendorEventHandler:752 kAGDCRegisterLinkValidateModeTiming-ext: pEnc 0x2, pBPC=0x2, pColometry=0x80, dRange=0x1 dscBPP=0
2026-09-13 19:19:21.889964-0300 0x41a      Default     0x0                  0      0    kernel: (AppleGraphicsDevicePolicy) AGDP:: validateMode:166 Validating mode FB:0 -> 1920 x 1080, 228800000 Hz
2026-09-13 19:19:21.889968-0300 0x41a      Default     0x0                  0      0    kernel: (AppleGraphicsDevicePolicy) AGDP:: validateMode:368 response accepted on:0
2026-09-13 19:19:21.889971-0300 0x41a      Default     0x0                  0      0    kernel: (AppleGraphicsDevicePolicy) AGDP:: VendorEventHandler:781 kAGDCRegisterLinkValidateModeTiming: accepted by policy.
2026-09-13 19:19:21.889988-0300 0x41a      Default     0x0                  0      0    kernel: (AppleGraphicsDevicePolicy) AGDP:: VendorEventHandler:484 VendorEventHandler [GFX0:AMD]: Port: 436057728.00000000 Event:ValidateModeTiming [a]
2026-09-13 19:19:21.889994-0300 0x41a      Default     0x0                  0      0    kernel: (AppleGraphicsDevicePolicy) AGDP:: VendorEventHandler:751 kAGDCRegisterLinkValidateModeTiming: FB:0 -> 1920 x 1080, ext_blanking=0, 228800000 Hz
2026-09-13 19:19:21.889999-0300 0x41a      Default     0x0                  0      0    kernel: (AppleGraphicsDevicePolicy) AGDP:: VendorEventHandler:752 kAGDCRegisterLinkValidateModeTiming-ext: pEnc 0x2, pBPC=0x2, pColometry=0x80, dRange=0x1 dscBPP=0
2026-09-13 19:19:21.890004-0300 0x41a      Default     0x0                  0      0    kernel: (AppleGraphicsDevicePolicy) AGDP:: validateMode:166 Validating mode FB:0 -> 1920 x 1080, 228800000 Hz
2026-09-13 19:19:21.890009-0300 0x41a      Default     0x0                  0      0    kernel: (AppleGraphicsDevicePolicy) AGDP:: validateMode:368 response accepted on:0
2026-09-13 19:19:21.890011-0300 0x41a      Default     0x0                  0      0    kernel: (AppleGraphicsDevicePolicy) AGDP:: VendorEventHandler:781 kAGDCRegisterLinkValidateModeTiming: accepted by policy.
2026-09-13 19:19:21.890032-0300 0x41a      Default     0x0                  0      0    kernel: (AppleGraphicsDevicePolicy) AGDP:: VendorEventHandler:484 VendorEventHandler [GFX0:AMD]: Port: 436057728.00000000 Event:ValidateModeTiming [a]
2026-09-13 19:19:21.890038-0300 0x41a      Default     0x0                  0      0    kernel: (AppleGraphicsDevicePolicy) AGDP:: VendorEventHandler:751 kAGDCRegisterLinkValidateModeTiming: FB:0 -> 1920 x 1080, ext_blanking=0, 138500000 Hz
2026-09-13 19:19:21.890043-0300 0x41a      Default     0x0                  0      0    kernel: (AppleGraphicsDevicePolicy) AGDP:: VendorEventHandler:752 kAGDCRegisterLinkValidateModeTiming-ext: pEnc 0x2, pBPC=0x2, pColometry=0x80, dRange=0x1 dscBPP=0
2026-09-13 19:19:21.890049-0300 0x41a      Default     0x0                  0      0    kernel: (AppleGraphicsDevicePolicy) AGDP:: validateMode:166 Validating mode FB:0 -> 1920 x 1080, 138500000 Hz
2026-09-13 19:19:21.890053-0300 0x41a      Default     0x0                  0      0    kernel: (AppleGraphicsDevicePolicy) AGDP:: validateMode:368 response accepted on:0
2026-09-13 19:19:21.890068-0300 0x41a      Default     0x0                  0      0    kernel: (AppleGraphicsDevicePolicy) AGDP:: VendorEventHandler:781 kAGDCRegisterLinkValidateModeTiming: accepted by policy.
2026-09-13 19:19:21.890076-0300 0x41a      Default     0x0                  0      0    kernel: (AppleGraphicsDevicePolicy) AGDP:: VendorEventHandler:484 VendorEventHandler [GFX0:AMD]: Port: 436057728.00000000 Event:ValidateModeTiming [a]
2026-09-13 19:19:21.890080-0300 0x41a      Default     0x0                  0      0    kernel: (AppleGraphicsDevicePolicy) AGDP:: VendorEventHandler:751 kAGDCRegisterLinkValidateModeTiming: FB:0 -> 1920 x 1080, ext_blanking=0, 138500000 Hz
2026-09-13 19:19:21.890083-0300 0x41a      Default     0x0                  0      0    kernel: (AppleGraphicsDevicePolicy) AGDP:: VendorEventHandler:752 kAGDCRegisterLinkValidateModeTiming-ext: pEnc 0x2, pBPC=0x2, pColometry=0x80, dRange=0x1 dscBPP=0
2026-09-13 19:19:21.890086-0300 0x41a      Default     0x0                  0      0    kernel: (AppleGraphicsDevicePolicy) AGDP:: validateMode:166 Validating mode FB:0 -> 1920 x 1080, 138500000 Hz
2026-09-13 19:19:21.890088-0300 0x41a      Default     0x0                  0      0    kernel: (AppleGraphicsDevicePolicy) AGDP:: validateMode:368 response accepted on:0
2026-09-13 19:19:21.890090-0300 0x41a      Default     0x0                  0      0    kernel: (AppleGraphicsDevicePolicy) AGDP:: VendorEventHandler:781 kAGDCRegisterLinkValidateModeTiming: accepted by policy.
2026-09-13 19:19:21.890100-0300 0x41a      Default     0x0                  0      0    kernel: (AppleGraphicsDevicePolicy) AGDP:: VendorEventHandler:484 VendorEventHandler [GFX0:AMD]: Port: 436057728.00000000 Event:ValidateModeTiming [a]
2026-09-13 19:19:21.890104-0300 0x41a      Default     0x0                  0      0    kernel: (AppleGraphicsDevicePolicy) AGDP:: VendorEventHandler:751 kAGDCRegisterLinkValidateModeTiming: FB:0 -> 1920 x 1080, ext_blanking=0, 138500000 Hz
2026-09-13 19:19:21.890110-0300 0x41a      Default     0x0                  0      0    kernel: (AppleGraphicsDevicePolicy) AGDP:: VendorEventHandler:752 kAGDCRegisterLinkValidateModeTiming-ext: pEnc 0x2, pBPC=0x2, pColometry=0x80, dRange=0x1 dscBPP=0
2026-09-13 19:19:21.890113-0300 0x41a      Default     0x0                  0      0    kernel: (AppleGraphicsDevicePolicy) AGDP:: validateMode:166 Validating mode FB:0 -> 1920 x 1080, 138500000 Hz
2026-09-13 19:19:21.890115-0300 0x41a      Default     0x0                  0      0    kernel: (AppleGraphicsDevicePolicy) AGDP:: validateMode:368 response accepted on:0
2026-09-13 19:19:21.890117-0300 0x41a      Default     0x0                  0      0    kernel: (AppleGraphicsDevicePolicy) AGDP:: VendorEventHandler:781 kAGDCRegisterLinkValidateModeTiming: accepted by policy.
2026-09-13 19:19:21.890129-0300 0x41a      Default     0x0                  0      0    kernel: (AppleGraphicsDevicePolicy) AGDP:: VendorEventHandler:484 VendorEventHandler [GFX0:AMD]: Port: 436057728.00000000 Event:ValidateModeTiming [a]
2026-09-13 19:19:21.890132-0300 0x41a      Default     0x0                  0      0    kernel: (AppleGraphicsDevicePolicy) AGDP:: VendorEventHandler:751 kAGDCRegisterLinkValidateModeTiming: FB:0 -> 1920 x 1080, ext_blanking=0, 138500000 Hz
2026-09-13 19:19:21.890135-0300 0x41a      Default     0x0                  0      0    kernel: (AppleGraphicsDevicePolicy) AGDP:: VendorEventHandler:752 kAGDCRegisterLinkValidateModeTiming-ext: pEnc 0x2, pBPC=0x2, pColometry=0x80, dRange=0x1 dscBPP=0
2026-09-13 19:19:21.890138-0300 0x41a      Default     0x0                  0      0    kernel: (AppleGraphicsDevicePolicy) AGDP:: validateMode:166 Validating mode FB:0 -> 1920 x 1080, 138500000 Hz
2026-09-13 19:19:21.890141-0300 0x41a      Default     0x0                  0      0    kernel: (AppleGraphicsDevicePolicy) AGDP:: validateMode:368 response accepted on:0
2026-09-13 19:19:21.890142-0300 0x41a      Default     0x0                  0      0    kernel: (AppleGraphicsDevicePolicy) AGDP:: VendorEventHandler:781 kAGDCRegisterLinkValidateModeTiming: accepted by policy.
2026-09-13 19:19:21.890154-0300 0x41a      Default     0x0                  0      0    kernel: (AppleGraphicsDevicePolicy) AGDP:: VendorEventHandler:484 VendorEventHandler [GFX0:AMD]: Port: 436057728.00000000 Event:ValidateModeTiming [a]
2026-09-13 19:19:21.890157-0300 0x41a      Default     0x0                  0      0    kernel: (AppleGraphicsDevicePolicy) AGDP:: VendorEventHandler:751 kAGDCRegisterLinkValidateModeTiming: FB:0 -> 1920 x 1080, ext_blanking=0, 138500000 Hz
2026-09-13 19:19:21.890160-0300 0x41a      Default     0x0                  0      0    kernel: (AppleGraphicsDevicePolicy) AGDP:: VendorEventHandler:752 kAGDCRegisterLinkValidateModeTiming-ext: pEnc 0x2, pBPC=0x2, pColometry=0x80, dRange=0x1 dscBPP=0
2026-09-13 19:19:21.890163-0300 0x41a      Default     0x0                  0      0    kernel: (AppleGraphicsDevicePolicy) AGDP:: validateMode:166 Validating mode FB:0 -> 1920 x 1080, 138500000 Hz
2026-09-13 19:19:21.890165-0300 0x41a      Default     0x0                  0      0    kernel: (AppleGraphicsDevicePolicy) AGDP:: validateMode:368 response accepted on:0
2026-09-13 19:19:21.890167-0300 0x41a      Default     0x0                  0      0    kernel: (AppleGraphicsDevicePolicy) AGDP:: VendorEventHandler:781 kAGDCRegisterLinkValidateModeTiming: accepted by policy.
2026-09-13 19:19:21.890178-0300 0x41a      Default     0x0                  0      0    kernel: (AppleGraphicsDevicePolicy) AGDP:: VendorEventHandler:484 VendorEventHandler [GFX0:AMD]: Port: 436057728.00000000 Event:ValidateModeTiming [a]
2026-09-13 19:19:21.890182-0300 0x41a      Default     0x0                  0      0    kernel: (AppleGraphicsDevicePolicy) AGDP:: VendorEventHandler:751 kAGDCRegisterLinkValidateModeTiming: FB:0 -> 1920 x 1080, ext_blanking=0, 138500000 Hz
2026-09-13 19:19:21.890185-0300 0x41a      Default     0x0                  0      0    kernel: (AppleGraphicsDevicePolicy) AGDP:: VendorEventHandler:752 kAGDCRegisterLinkValidateModeTiming-ext: pEnc 0x2, pBPC=0x2, pColometry=0x80, dRange=0x1 dscBPP=0
2026-09-13 19:19:21.890188-0300 0x41a      Default     0x0                  0      0    kernel: (AppleGraphicsDevicePolicy) AGDP:: validateMode:166 Validating mode FB:0 -> 1920 x 1080, 138500000 Hz
2026-09-13 19:19:21.890190-0300 0x41a      Default     0x0                  0      0    kernel: (AppleGraphicsDevicePolicy) AGDP:: validateMode:368 response accepted on:0
2026-09-13 19:19:21.890192-0300 0x41a      Default     0x0                  0      0    kernel: (AppleGraphicsDevicePolicy) AGDP:: VendorEventHandler:781 kAGDCRegisterLinkValidateModeTiming: accepted by policy.
2026-09-13 19:19:21.890203-0300 0x41a      Default     0x0                  0      0    kernel: (AppleGraphicsDevicePolicy) AGDP:: VendorEventHandler:484 VendorEventHandler [GFX0:AMD]: Port: 436057728.00000000 Event:ValidateModeTiming [a]
2026-09-13 19:19:21.890206-0300 0x41a      Default     0x0                  0      0    kernel: (AppleGraphicsDevicePolicy) AGDP:: VendorEventHandler:751 kAGDCRegisterLinkValidateModeTiming: FB:0 -> 1920 x 1080, ext_blanking=0, 138500000 Hz
2026-09-13 19:19:21.890209-0300 0x41a      Default     0x0                  0      0    kernel: (AppleGraphicsDevicePolicy) AGDP:: VendorEventHandler:752 kAGDCRegisterLinkValidateModeTiming-ext: pEnc 0x2, pBPC=0x2, pColometry=0x80, dRange=0x1 dscBPP=0
2026-09-13 19:19:21.890212-0300 0x41a      Default     0x0                  0      0    kernel: (AppleGraphicsDevicePolicy) AGDP:: validateMode:166 Validating mode FB:0 -> 1920 x 1080, 138500000 Hz
2026-09-13 19:19:21.890215-0300 0x41a      Default     0x0                  0      0    kernel: (AppleGraphicsDevicePolicy) AGDP:: validateMode:368 response accepted on:0
2026-09-13 19:19:21.890216-0300 0x41a      Default     0x0                  0      0    kernel: (AppleGraphicsDevicePolicy) AGDP:: VendorEventHandler:781 kAGDCRegisterLinkValidateModeTiming: accepted by policy.
2026-09-13 19:19:21.890240-0300 0x41a      Default     0x0                  0      0    kernel: (AppleGraphicsDevicePolicy) AGDP:: VendorEventHandler:484 VendorEventHandler [GFX0:AMD]: Port: 436057728.00000000 Event:ValidateModeTiming [a]
2026-09-13 19:19:21.890245-0300 0x41a      Default     0x0                  0      0    kernel: (AppleGraphicsDevicePolicy) AGDP:: VendorEventHandler:751 kAGDCRegisterLinkValidateModeTiming: FB:0 -> 1920 x 1080, ext_blanking=0, 138500000 Hz
2026-09-13 19:19:21.890248-0300 0x41a      Default     0x0                  0      0    kernel: (AppleGraphicsDevicePolicy) AGDP:: VendorEventHandler:752 kAGDCRegisterLinkValidateModeTiming-ext: pEnc 0x2, pBPC=0x2, pColometry=0x80, dRange=0x1 dscBPP=0
2026-09-13 19:19:21.890251-0300 0x41a      Default     0x0                  0      0    kernel: (AppleGraphicsDevicePolicy) AGDP:: validateMode:166 Validating mode FB:0 -> 1920 x 1080, 138500000 Hz
2026-09-13 19:19:21.890253-0300 0x41a      Default     0x0                  0      0    kernel: (AppleGraphicsDevicePolicy) AGDP:: validateMode:368 response accepted on:0
2026-09-13 19:19:21.890255-0300 0x41a      Default     0x0                  0      0    kernel: (AppleGraphicsDevicePolicy) AGDP:: VendorEventHandler:781 kAGDCRegisterLinkValidateModeTiming: accepted by policy.
2026-09-13 19:19:21.890269-0300 0x41a      Default     0x0                  0      0    kernel: (AppleGraphicsDevicePolicy) AGDP:: VendorEventHandler:484 VendorEventHandler [GFX0:AMD]: Port: 436057728.00000000 Event:ValidateModeTiming [a]
2026-09-13 19:19:21.890273-0300 0x41a      Default     0x0                  0      0    kernel: (AppleGraphicsDevicePolicy) AGDP:: VendorEventHandler:751 kAGDCRegisterLinkValidateModeTiming: FB:0 -> 1920 x 1080, ext_blanking=0, 138500000 Hz
2026-09-13 19:19:21.890276-0300 0x41a      Default     0x0                  0      0    kernel: (AppleGraphicsDevicePolicy) AGDP:: VendorEventHandler:752 kAGDCRegisterLinkValidateModeTiming-ext: pEnc 0x2, pBPC=0x2, pColometry=0x80, dRange=0x1 dscBPP=0
2026-09-13 19:19:21.890279-0300 0x41a      Default     0x0                  0      0    kernel: (AppleGraphicsDevicePolicy) AGDP:: validateMode:166 Validating mode FB:0 -> 1920 x 1080, 138500000 Hz
2026-09-13 19:19:21.890282-0300 0x41a      Default     0x0                  0      0    kernel: (AppleGraphicsDevicePolicy) AGDP:: validateMode:368 response accepted on:0
2026-09-13 19:19:21.890283-0300 0x41a      Default     0x0                  0      0    kernel: (AppleGraphicsDevicePolicy) AGDP:: VendorEventHandler:781 kAGDCRegisterLinkValidateModeTiming: accepted by policy.
2026-09-13 19:19:21.890296-0300 0x41a      Default     0x0                  0      0    kernel: (AppleGraphicsDevicePolicy) AGDP:: VendorEventHandler:484 VendorEventHandler [GFX0:AMD]: Port: 436057728.00000000 Event:ValidateModeTiming [a]
2026-09-13 19:19:21.890302-0300 0x41a      Default     0x0                  0      0    kernel: (AppleGraphicsDevicePolicy) AGDP:: VendorEventHandler:751 kAGDCRegisterLinkValidateModeTiming: FB:0 -> 1920 x 1080, ext_blanking=0, 138500000 Hz
2026-09-13 19:19:21.890305-0300 0x41a      Default     0x0                  0      0    kernel: (AppleGraphicsDevicePolicy) AGDP:: VendorEventHandler:752 kAGDCRegisterLinkValidateModeTiming-ext: pEnc 0x2, pBPC=0x2, pColometry=0x80, dRange=0x1 dscBPP=0
2026-09-13 19:19:21.890308-0300 0x41a      Default     0x0                  0      0    kernel: (AppleGraphicsDevicePolicy) AGDP:: validateMode:166 Validating mode FB:0 -> 1920 x 1080, 138500000 Hz
2026-09-13 19:19:21.890311-0300 0x41a      Default     0x0                  0      0    kernel: (AppleGraphicsDevicePolicy) AGDP:: validateMode:368 response accepted on:0
2026-09-13 19:19:21.890312-0300 0x41a      Default     0x0                  0      0    kernel: (AppleGraphicsDevicePolicy) AGDP:: VendorEventHandler:781 kAGDCRegisterLinkValidateModeTiming: accepted by policy.
2026-09-13 19:19:21.890324-0300 0x41a      Default     0x0                  0      0    kernel: (AppleGraphicsDevicePolicy) AGDP:: VendorEventHandler:484 VendorEventHandler [GFX0:AMD]: Port: 436057728.00000000 Event:ValidateModeTiming [a]
2026-09-13 19:19:21.890328-0300 0x41a      Default     0x0                  0      0    kernel: (AppleGraphicsDevicePolicy) AGDP:: VendorEventHandler:751 kAGDCRegisterLinkValidateModeTiming: FB:0 -> 1920 x 1080, ext_blanking=0, 138500000 Hz
2026-09-13 19:19:21.890331-0300 0x41a      Default     0x0                  0      0    kernel: (AppleGraphicsDevicePolicy) AGDP:: VendorEventHandler:752 kAGDCRegisterLinkValidateModeTiming-ext: pEnc 0x2, pBPC=0x2, pColometry=0x80, dRange=0x1 dscBPP=0
2026-09-13 19:19:21.890334-0300 0x41a      Default     0x0                  0      0    kernel: (AppleGraphicsDevicePolicy) AGDP:: validateMode:166 Validating mode FB:0 -> 1920 x 1080, 138500000 Hz
2026-09-13 19:19:21.890336-0300 0x41a      Default     0x0                  0      0    kernel: (AppleGraphicsDevicePolicy) AGDP:: validateMode:368 response accepted on:0
2026-09-13 19:19:21.890338-0300 0x41a      Default     0x0                  0      0    kernel: (AppleGraphicsDevicePolicy) AGDP:: VendorEventHandler:781 kAGDCRegisterLinkValidateModeTiming: accepted by policy.
2026-09-13 19:19:21.890351-0300 0x41a      Default     0x0                  0      0    kernel: (AppleGraphicsDevicePolicy) AGDP:: VendorEventHandler:484 VendorEventHandler [GFX0:AMD]: Port: 436057728.00000000 Event:ValidateModeTiming [a]
2026-09-13 19:19:21.890355-0300 0x41a      Default     0x0                  0      0    kernel: (AppleGraphicsDevicePolicy) AGDP:: VendorEventHandler:751 kAGDCRegisterLinkValidateModeTiming: FB:0 -> 1920 x 1080, ext_blanking=0, 138500000 Hz
2026-09-13 19:19:21.890358-0300 0x41a      Default     0x0                  0      0    kernel: (AppleGraphicsDevicePolicy) AGDP:: VendorEventHandler:752 kAGDCRegisterLinkValidateModeTiming-ext: pEnc 0x2, pBPC=0x2, pColometry=0x80, dRange=0x1 dscBPP=0
2026-09-13 19:19:21.890361-0300 0x41a      Default     0x0                  0      0    kernel: (AppleGraphicsDevicePolicy) AGDP:: validateMode:166 Validating mode FB:0 -> 1920 x 1080, 138500000 Hz
2026-09-13 19:19:21.890365-0300 0x41a      Default     0x0                  0      0    kernel: (AppleGraphicsDevicePolicy) AGDP:: validateMode:368 response accepted on:0
2026-09-13 19:19:21.890367-0300 0x41a      Default     0x0                  0      0    kernel: (AppleGraphicsDevicePolicy) AGDP:: VendorEventHandler:781 kAGDCRegisterLinkValidateModeTiming: accepted by policy.
2026-09-13 19:19:21.890384-0300 0x41a      Default     0x0                  0      0    kernel: (AppleGraphicsDevicePolicy) AGDP:: VendorEventHandler:484 VendorEventHandler [GFX0:AMD]: Port: 436057728.00000000 Event:ValidateModeTiming [a]
2026-09-13 19:19:21.890389-0300 0x41a      Default     0x0                  0      0    kernel: (AppleGraphicsDevicePolicy) AGDP:: VendorEventHandler:751 kAGDCRegisterLinkValidateModeTiming: FB:0 -> 1920 x 1080, ext_blanking=0, 138500000 Hz
2026-09-13 19:19:21.890392-0300 0x41a      Default     0x0                  0      0    kernel: (AppleGraphicsDevicePolicy) AGDP:: VendorEventHandler:752 kAGDCRegisterLinkValidateModeTiming-ext: pEnc 0x2, pBPC=0x2, pColometry=0x80, dRange=0x1 dscBPP=0
2026-09-13 19:19:21.890395-0300 0x41a      Default     0x0                  0      0    kernel: (AppleGraphicsDevicePolicy) AGDP:: validateMode:166 Validating mode FB:0 -> 1920 x 1080, 138500000 Hz
2026-09-13 19:19:21.890397-0300 0x41a      Default     0x0                  0      0    kernel: (AppleGraphicsDevicePolicy) AGDP:: validateMode:368 response accepted on:0
2026-09-13 19:19:21.890399-0300 0x41a      Default     0x0                  0      0    kernel: (AppleGraphicsDevicePolicy) AGDP:: VendorEventHandler:781 kAGDCRegisterLinkValidateModeTiming: accepted by policy.
2026-09-13 19:19:21.890409-0300 0x41a      Default     0x0                  0      0    kernel: (AppleGraphicsDevicePolicy) AGDP:: VendorEventHandler:484 VendorEventHandler [GFX0:AMD]: Port: 436057728.00000000 Event:ValidateModeTiming [a]
2026-09-13 19:19:21.890413-0300 0x41a      Default     0x0                  0      0    kernel: (AppleGraphicsDevicePolicy) AGDP:: VendorEventHandler:751 kAGDCRegisterLinkValidateModeTiming: FB:0 -> 1920 x 1080, ext_blanking=0, 138500000 Hz
2026-09-13 19:19:21.890416-0300 0x41a      Default     0x0                  0      0    kernel: (AppleGraphicsDevicePolicy) AGDP:: VendorEventHandler:752 kAGDCRegisterLinkValidateModeTiming-ext: pEnc 0x2, pBPC=0x2, pColometry=0x80, dRange=0x1 dscBPP=0
2026-09-13 19:19:21.890419-0300 0x41a      Default     0x0                  0      0    kernel: (AppleGraphicsDevicePolicy) AGDP:: validateMode:166 Validating mode FB:0 -> 1920 x 1080, 138500000 Hz
2026-09-13 19:19:21.890421-0300 0x41a      Default     0x0                  0      0    kernel: (AppleGraphicsDevicePolicy) AGDP:: validateMode:368 response accepted on:0
2026-09-13 19:19:21.890423-0300 0x41a      Default     0x0                  0      0    kernel: (AppleGraphicsDevicePolicy) AGDP:: VendorEventHandler:781 kAGDCRegisterLinkValidateModeTiming: accepted by policy.
2026-09-13 19:19:21.890435-0300 0x41a      Default     0x0                  0      0    kernel: (AppleGraphicsDevicePolicy) AGDP:: VendorEventHandler:484 VendorEventHandler [GFX0:AMD]: Port: 436057728.00000000 Event:ValidateModeTiming [a]
2026-09-13 19:19:21.890438-0300 0x41a      Default     0x0                  0      0    kernel: (AppleGraphicsDevicePolicy) AGDP:: VendorEventHandler:751 kAGDCRegisterLinkValidateModeTiming: FB:0 -> 1920 x 1080, ext_blanking=0, 138500000 Hz
2026-09-13 19:19:21.890441-0300 0x41a      Default     0x0                  0      0    kernel: (AppleGraphicsDevicePolicy) AGDP:: VendorEventHandler:752 kAGDCRegisterLinkValidateModeTiming-ext: pEnc 0x2, pBPC=0x2, pColometry=0x80, dRange=0x1 dscBPP=0
2026-09-13 19:19:21.890444-0300 0x41a      Default     0x0                  0      0    kernel: (AppleGraphicsDevicePolicy) AGDP:: validateMode:166 Validating mode FB:0 -> 1920 x 1080, 138500000 Hz
2026-09-13 19:19:21.890447-0300 0x41a      Default     0x0                  0      0    kernel: (AppleGraphicsDevicePolicy) AGDP:: validateMode:368 response accepted on:0
2026-09-13 19:19:21.890448-0300 0x41a      Default     0x0                  0      0    kernel: (AppleGraphicsDevicePolicy) AGDP:: VendorEventHandler:781 kAGDCRegisterLinkValidateModeTiming: accepted by policy.
2026-09-13 19:19:21.890459-0300 0x41a      Default     0x0                  0      0    kernel: (AppleGraphicsDevicePolicy) AGDP:: VendorEventHandler:484 VendorEventHandler [GFX0:AMD]: Port: 436057728.00000000 Event:ValidateModeTiming [a]
2026-09-13 19:19:21.890463-0300 0x41a      Default     0x0                  0      0    kernel: (AppleGraphicsDevicePolicy) AGDP:: VendorEventHandler:751 kAGDCRegisterLinkValidateModeTiming: FB:0 -> 1920 x 1080, ext_blanking=0, 138500000 Hz
2026-09-13 19:19:21.890466-0300 0x41a      Default     0x0                  0      0    kernel: (AppleGraphicsDevicePolicy) AGDP:: VendorEventHandler:752 kAGDCRegisterLinkValidateModeTiming-ext: pEnc 0x2, pBPC=0x2, pColometry=0x80, dRange=0x1 dscBPP=0
2026-09-13 19:19:21.890469-0300 0x41a      Default     0x0                  0      0    kernel: (AppleGraphicsDevicePolicy) AGDP:: validateMode:166 Validating mode FB:0 -> 1920 x 1080, 138500000 Hz
2026-09-13 19:19:21.890471-0300 0x41a      Default     0x0                  0      0    kernel: (AppleGraphicsDevicePolicy) AGDP:: validateMode:368 response accepted on:0
2026-09-13 19:19:21.890475-0300 0x41a      Default     0x0                  0      0    kernel: (AppleGraphicsDevicePolicy) AGDP:: VendorEventHandler:781 kAGDCRegisterLinkValidateModeTiming: accepted by policy.
2026-09-13 19:19:21.890490-0300 0x41a      Default     0x0                  0      0    kernel: (AppleGraphicsDevicePolicy) AGDP:: VendorEventHandler:484 VendorEventHandler [GFX0:AMD]: Port: 436057728.00000000 Event:ValidateModeTiming [a]
2026-09-13 19:19:21.890494-0300 0x41a      Default     0x0                  0      0    kernel: (AppleGraphicsDevicePolicy) AGDP:: VendorEventHandler:751 kAGDCRegisterLinkValidateModeTiming: FB:0 -> 1920 x 1080, ext_blanking=0, 148500000 Hz
2026-09-13 19:19:21.890497-0300 0x41a      Default     0x0                  0      0    kernel: (AppleGraphicsDevicePolicy) AGDP:: VendorEventHandler:752 kAGDCRegisterLinkValidateModeTiming-ext: pEnc 0x2, pBPC=0x2, pColometry=0x80, dRange=0x1 dscBPP=0
2026-09-13 19:19:21.890500-0300 0x41a      Default     0x0                  0      0    kernel: (AppleGraphicsDevicePolicy) AGDP:: validateMode:166 Validating mode FB:0 -> 1920 x 1080, 148500000 Hz
2026-09-13 19:19:21.890502-0300 0x41a      Default     0x0                  0      0    kernel: (AppleGraphicsDevicePolicy) AGDP:: validateMode:368 response accepted on:0
2026-09-13 19:19:21.890504-0300 0x41a      Default     0x0                  0      0    kernel: (AppleGraphicsDevicePolicy) AGDP:: VendorEventHandler:781 kAGDCRegisterLinkValidateModeTiming: accepted by policy.
2026-09-13 19:19:21.890515-0300 0x41a      Default     0x0                  0      0    kernel: (AppleGraphicsDevicePolicy) AGDP:: VendorEventHandler:484 VendorEventHandler [GFX0:AMD]: Port: 436057728.00000000 Event:ValidateModeTiming [a]
2026-09-13 19:19:21.890519-0300 0x41a      Default     0x0                  0      0    kernel: (AppleGraphicsDevicePolicy) AGDP:: VendorEventHandler:751 kAGDCRegisterLinkValidateModeTiming: FB:0 -> 1920 x 1080, ext_blanking=0, 148500000 Hz
2026-09-13 19:19:21.890522-0300 0x41a      Default     0x0                  0      0    kernel: (AppleGraphicsDevicePolicy) AGDP:: VendorEventHandler:752 kAGDCRegisterLinkValidateModeTiming-ext: pEnc 0x2, pBPC=0x2, pColometry=0x80, dRange=0x1 dscBPP=0
2026-09-13 19:19:21.890525-0300 0x41a      Default     0x0                  0      0    kernel: (AppleGraphicsDevicePolicy) AGDP:: validateMode:166 Validating mode FB:0 -> 1920 x 1080, 148500000 Hz
2026-09-13 19:19:21.890527-0300 0x41a      Default     0x0                  0      0    kernel: (AppleGraphicsDevicePolicy) AGDP:: validateMode:368 response accepted on:0
2026-09-13 19:19:21.890529-0300 0x41a      Default     0x0                  0      0    kernel: (AppleGraphicsDevicePolicy) AGDP:: VendorEventHandler:781 kAGDCRegisterLinkValidateModeTiming: accepted by policy.
2026-09-13 19:19:21.890540-0300 0x41a      Default     0x0                  0      0    kernel: (AppleGraphicsDevicePolicy) AGDP:: VendorEventHandler:484 VendorEventHandler [GFX0:AMD]: Port: 436057728.00000000 Event:ValidateModeTiming [a]
2026-09-13 19:19:21.890544-0300 0x41a      Default     0x0                  0      0    kernel: (AppleGraphicsDevicePolicy) AGDP:: VendorEventHandler:751 kAGDCRegisterLinkValidateModeTiming: FB:0 -> 1920 x 1080, ext_blanking=0, 148500000 Hz
2026-09-13 19:19:21.890547-0300 0x41a      Default     0x0                  0      0    kernel: (AppleGraphicsDevicePolicy) AGDP:: VendorEventHandler:752 kAGDCRegisterLinkValidateModeTiming-ext: pEnc 0x2, pBPC=0x2, pColometry=0x80, dRange=0x1 dscBPP=0
2026-09-13 19:19:21.890550-0300 0x41a      Default     0x0                  0      0    kernel: (AppleGraphicsDevicePolicy) AGDP:: validateMode:166 Validating mode FB:0 -> 1920 x 1080, 148500000 Hz
2026-09-13 19:19:21.890552-0300 0x41a      Default     0x0                  0      0    kernel: (AppleGraphicsDevicePolicy) AGDP:: validateMode:368 response accepted on:0
2026-09-13 19:19:21.890554-0300 0x41a      Default     0x0                  0      0    kernel: (AppleGraphicsDevicePolicy) AGDP:: VendorEventHandler:781 kAGDCRegisterLinkValidateModeTiming: accepted by policy.
2026-09-13 19:19:21.890565-0300 0x41a      Default     0x0                  0      0    kernel: (AppleGraphicsDevicePolicy) AGDP:: VendorEventHandler:484 VendorEventHandler [GFX0:AMD]: Port: 436057728.00000000 Event:ValidateModeTiming [a]
2026-09-13 19:19:21.890569-0300 0x41a      Default     0x0                  0      0    kernel: (AppleGraphicsDevicePolicy) AGDP:: VendorEventHandler:751 kAGDCRegisterLinkValidateModeTiming: FB:0 -> 1920 x 1080, ext_blanking=0, 148500000 Hz
2026-09-13 19:19:21.890572-0300 0x41a      Default     0x0                  0      0    kernel: (AppleGraphicsDevicePolicy) AGDP:: VendorEventHandler:752 kAGDCRegisterLinkValidateModeTiming-ext: pEnc 0x2, pBPC=0x2, pColometry=0x80, dRange=0x1 dscBPP=0
2026-09-13 19:19:21.890575-0300 0x41a      Default     0x0                  0      0    kernel: (AppleGraphicsDevicePolicy) AGDP:: validateMode:166 Validating mode FB:0 -> 1920 x 1080, 148500000 Hz
2026-09-13 19:19:21.890577-0300 0x41a      Default     0x0                  0      0    kernel: (AppleGraphicsDevicePolicy) AGDP:: validateMode:368 response accepted on:0
2026-09-13 19:19:21.890579-0300 0x41a      Default     0x0                  0      0    kernel: (AppleGraphicsDevicePolicy) AGDP:: VendorEventHandler:781 kAGDCRegisterLinkValidateModeTiming: accepted by policy.
2026-09-13 19:19:21.890590-0300 0x41a      Default     0x0                  0      0    kernel: (AppleGraphicsDevicePolicy) AGDP:: VendorEventHandler:484 VendorEventHandler [GFX0:AMD]: Port: 436057728.00000000 Event:ValidateModeTiming [a]
2026-09-13 19:19:21.890594-0300 0x41a      Default     0x0                  0      0    kernel: (AppleGraphicsDevicePolicy) AGDP:: VendorEventHandler:751 kAGDCRegisterLinkValidateModeTiming: FB:0 -> 1920 x 1080, ext_blanking=0, 148500000 Hz
2026-09-13 19:19:21.890597-0300 0x41a      Default     0x0                  0      0    kernel: (AppleGraphicsDevicePolicy) AGDP:: VendorEventHandler:752 kAGDCRegisterLinkValidateModeTiming-ext: pEnc 0x2, pBPC=0x2, pColometry=0x80, dRange=0x1 dscBPP=0
2026-09-13 19:19:21.890600-0300 0x41a      Default     0x0                  0      0    kernel: (AppleGraphicsDevicePolicy) AGDP:: validateMode:166 Validating mode FB:0 -> 1920 x 1080, 148500000 Hz
2026-09-13 19:19:21.890602-0300 0x41a      Default     0x0                  0      0    kernel: (AppleGraphicsDevicePolicy) AGDP:: validateMode:368 response accepted on:0
2026-09-13 19:19:21.890604-0300 0x41a      Default     0x0                  0      0    kernel: (AppleGraphicsDevicePolicy) AGDP:: VendorEventHandler:781 kAGDCRegisterLinkValidateModeTiming: accepted by policy.
2026-09-13 19:19:21.890613-0300 0x41a      Default     0x0                  0      0    kernel: (AppleGraphicsDevicePolicy) AGDP:: VendorEventHandler:484 VendorEventHandler [GFX0:AMD]: Port: 436057728.00000000 Event:ValidateModeTiming [a]
2026-09-13 19:19:21.890616-0300 0x41a      Default     0x0                  0      0    kernel: (AppleGraphicsDevicePolicy) AGDP:: VendorEventHandler:751 kAGDCRegisterLinkValidateModeTiming: FB:0 -> 1920 x 1080, ext_blanking=0, 148500000 Hz
2026-09-13 19:19:21.890619-0300 0x41a      Default     0x0                  0      0    kernel: (AppleGraphicsDevicePolicy) AGDP:: VendorEventHandler:752 kAGDCRegisterLinkValidateModeTiming-ext: pEnc 0x2, pBPC=0x2, pColometry=0x80, dRange=0x1 dscBPP=0
2026-09-13 19:19:21.890622-0300 0x41a      Default     0x0                  0      0    kernel: (AppleGraphicsDevicePolicy) AGDP:: validateMode:166 Validating mode FB:0 -> 1920 x 1080, 148500000 Hz
2026-09-13 19:19:21.890625-0300 0x41a      Default     0x0                  0      0    kernel: (AppleGraphicsDevicePolicy) AGDP:: validateMode:368 response accepted on:0
2026-09-13 19:19:21.890627-0300 0x41a      Default     0x0                  0      0    kernel: (AppleGraphicsDevicePolicy) AGDP:: VendorEventHandler:781 kAGDCRegisterLinkValidateModeTiming: accepted by policy.
2026-09-13 19:19:21.890638-0300 0x41a      Default     0x0                  0      0    kernel: (AppleGraphicsDevicePolicy) AGDP:: VendorEventHandler:484 VendorEventHandler [GFX0:AMD]: Port: 436057728.00000000 Event:ValidateModeTiming [a]
2026-09-13 19:19:21.890641-0300 0x41a      Default     0x0                  0      0    kernel: (AppleGraphicsDevicePolicy) AGDP:: VendorEventHandler:751 kAGDCRegisterLinkValidateModeTiming: FB:0 -> 1920 x 1080, ext_blanking=0, 148500000 Hz
2026-09-13 19:19:21.890644-0300 0x41a      Default     0x0                  0      0    kernel: (AppleGraphicsDevicePolicy) AGDP:: VendorEventHandler:752 kAGDCRegisterLinkValidateModeTiming-ext: pEnc 0x2, pBPC=0x2, pColometry=0x80, dRange=0x1 dscBPP=0
2026-09-13 19:19:21.890647-0300 0x41a      Default     0x0                  0      0    kernel: (AppleGraphicsDevicePolicy) AGDP:: validateMode:166 Validating mode FB:0 -> 1920 x 1080, 148500000 Hz
2026-09-13 19:19:21.890652-0300 0x41a      Default     0x0                  0      0    kernel: (AppleGraphicsDevicePolicy) AGDP:: validateMode:368 response accepted on:0
2026-09-13 19:19:21.890654-0300 0x41a      Default     0x0                  0      0    kernel: (AppleGraphicsDevicePolicy) AGDP:: VendorEventHandler:781 kAGDCRegisterLinkValidateModeTiming: accepted by policy.
2026-09-13 19:19:21.890664-0300 0x41a      Default     0x0                  0      0    kernel: (AppleGraphicsDevicePolicy) AGDP:: VendorEventHandler:484 VendorEventHandler [GFX0:AMD]: Port: 436057728.00000000 Event:ValidateModeTiming [a]
2026-09-13 19:19:21.890667-0300 0x41a      Default     0x0                  0      0    kernel: (AppleGraphicsDevicePolicy) AGDP:: VendorEventHandler:751 kAGDCRegisterLinkValidateModeTiming: FB:0 -> 1920 x 1080, ext_blanking=0, 148500000 Hz
2026-09-13 19:19:21.890670-0300 0x41a      Default     0x0                  0      0    kernel: (AppleGraphicsDevicePolicy) AGDP:: VendorEventHandler:752 kAGDCRegisterLinkValidateModeTiming-ext: pEnc 0x2, pBPC=0x2, pColometry=0x80, dRange=0x1 dscBPP=0
2026-09-13 19:19:21.890673-0300 0x41a      Default     0x0                  0      0    kernel: (AppleGraphicsDevicePolicy) AGDP:: validateMode:166 Validating mode FB:0 -> 1920 x 1080, 148500000 Hz
2026-09-13 19:19:21.890676-0300 0x41a      Default     0x0                  0      0    kernel: (AppleGraphicsDevicePolicy) AGDP:: validateMode:368 response accepted on:0
2026-09-13 19:19:21.890678-0300 0x41a      Default     0x0                  0      0    kernel: (AppleGraphicsDevicePolicy) AGDP:: VendorEventHandler:781 kAGDCRegisterLinkValidateModeTiming: accepted by policy.
2026-09-13 19:19:21.890690-0300 0x41a      Default     0x0                  0      0    kernel: (AppleGraphicsDevicePolicy) AGDP:: VendorEventHandler:484 VendorEventHandler [GFX0:AMD]: Port: 436057728.00000000 Event:ValidateModeTiming [a]
2026-09-13 19:19:21.890694-0300 0x41a      Default     0x0                  0      0    kernel: (AppleGraphicsDevicePolicy) AGDP:: VendorEventHandler:751 kAGDCRegisterLinkValidateModeTiming: FB:0 -> 1920 x 1080, ext_blanking=0, 148500000 Hz
2026-09-13 19:19:21.890697-0300 0x41a      Default     0x0                  0      0    kernel: (AppleGraphicsDevicePolicy) AGDP:: VendorEventHandler:752 kAGDCRegisterLinkValidateModeTiming-ext: pEnc 0x2, pBPC=0x2, pColometry=0x80, dRange=0x1 dscBPP=0
2026-09-13 19:19:21.890700-0300 0x41a      Default     0x0                  0      0    kernel: (AppleGraphicsDevicePolicy) AGDP:: validateMode:166 Validating mode FB:0 -> 1920 x 1080, 148500000 Hz
2026-09-13 19:19:21.890702-0300 0x41a      Default     0x0                  0      0    kernel: (AppleGraphicsDevicePolicy) AGDP:: validateMode:368 response accepted on:0
2026-09-13 19:19:21.890704-0300 0x41a      Default     0x0                  0      0    kernel: (AppleGraphicsDevicePolicy) AGDP:: VendorEventHandler:781 kAGDCRegisterLinkValidateModeTiming: accepted by policy.
2026-09-13 19:19:21.890716-0300 0x41a      Default     0x0                  0      0    kernel: (AppleGraphicsDevicePolicy) AGDP:: VendorEventHandler:484 VendorEventHandler [GFX0:AMD]: Port: 436057728.00000000 Event:ValidateModeTiming [a]
2026-09-13 19:19:21.890720-0300 0x41a      Default     0x0                  0      0    kernel: (AppleGraphicsDevicePolicy) AGDP:: VendorEventHandler:751 kAGDCRegisterLinkValidateModeTiming: FB:0 -> 1920 x 1080, ext_blanking=0, 148500000 Hz
2026-09-13 19:19:21.890723-0300 0x41a      Default     0x0                  0      0    kernel: (AppleGraphicsDevicePolicy) AGDP:: VendorEventHandler:752 kAGDCRegisterLinkValidateModeTiming-ext: pEnc 0x2, pBPC=0x2, pColometry=0x80, dRange=0x1 dscBPP=0
2026-09-13 19:19:21.890727-0300 0x41a      Default     0x0                  0      0    kernel: (AppleGraphicsDevicePolicy) AGDP:: validateMode:166 Validating mode FB:0 -> 1920 x 1080, 148500000 Hz
2026-09-13 19:19:21.890729-0300 0x41a      Default     0x0                  0      0    kernel: (AppleGraphicsDevicePolicy) AGDP:: validateMode:368 response accepted on:0
2026-09-13 19:19:21.890731-0300 0x41a      Default     0x0                  0      0    kernel: (AppleGraphicsDevicePolicy) AGDP:: VendorEventHandler:781 kAGDCRegisterLinkValidateModeTiming: accepted by policy.
2026-09-13 19:19:21.890747-0300 0x41a      Default     0x0                  0      0    kernel: (AppleGraphicsDevicePolicy) AGDP:: VendorEventHandler:484 VendorEventHandler [GFX0:AMD]: Port: 436057728.00000000 Event:ValidateModeTiming [a]
2026-09-13 19:19:21.890751-0300 0x41a      Default     0x0                  0      0    kernel: (AppleGraphicsDevicePolicy) AGDP:: VendorEventHandler:751 kAGDCRegisterLinkValidateModeTiming: FB:0 -> 1920 x 1080, ext_blanking=0, 148500000 Hz
2026-09-13 19:19:21.890754-0300 0x41a      Default     0x0                  0      0    kernel: (AppleGraphicsDevicePolicy) AGDP:: VendorEventHandler:752 kAGDCRegisterLinkValidateModeTiming-ext: pEnc 0x2, pBPC=0x2, pColometry=0x80, dRange=0x1 dscBPP=0
2026-09-13 19:19:21.890757-0300 0x41a      Default     0x0                  0      0    kernel: (AppleGraphicsDevicePolicy) AGDP:: validateMode:166 Validating mode FB:0 -> 1920 x 1080, 148500000 Hz
2026-09-13 19:19:21.890760-0300 0x41a      Default     0x0                  0      0    kernel: (AppleGraphicsDevicePolicy) AGDP:: validateMode:368 response accepted on:0
2026-09-13 19:19:21.890761-0300 0x41a      Default     0x0                  0      0    kernel: (AppleGraphicsDevicePolicy) AGDP:: VendorEventHandler:781 kAGDCRegisterLinkValidateModeTiming: accepted by policy.
2026-09-13 19:19:21.890774-0300 0x41a      Default     0x0                  0      0    kernel: (AppleGraphicsDevicePolicy) AGDP:: VendorEventHandler:484 VendorEventHandler [GFX0:AMD]: Port: 436057728.00000000 Event:ValidateModeTiming [a]
2026-09-13 19:19:21.890777-0300 0x41a      Default     0x0                  0      0    kernel: (AppleGraphicsDevicePolicy) AGDP:: VendorEventHandler:751 kAGDCRegisterLinkValidateModeTiming: FB:0 -> 1920 x 1080, ext_blanking=0, 148500000 Hz
2026-09-13 19:19:21.890780-0300 0x41a      Default     0x0                  0      0    kernel: (AppleGraphicsDevicePolicy) AGDP:: VendorEventHandler:752 kAGDCRegisterLinkValidateModeTiming-ext: pEnc 0x2, pBPC=0x2, pColometry=0x80, dRange=0x1 dscBPP=0
2026-09-13 19:19:21.890783-0300 0x41a      Default     0x0                  0      0    kernel: (AppleGraphicsDevicePolicy) AGDP:: validateMode:166 Validating mode FB:0 -> 1920 x 1080, 148500000 Hz
2026-09-13 19:19:21.890786-0300 0x41a      Default     0x0                  0      0    kernel: (AppleGraphicsDevicePolicy) AGDP:: validateMode:368 response accepted on:0
2026-09-13 19:19:21.890787-0300 0x41a      Default     0x0                  0      0    kernel: (AppleGraphicsDevicePolicy) AGDP:: VendorEventHandler:781 kAGDCRegisterLinkValidateModeTiming: accepted by policy.
2026-09-13 19:19:21.890799-0300 0x41a      Default     0x0                  0      0    kernel: (AppleGraphicsDevicePolicy) AGDP:: VendorEventHandler:484 VendorEventHandler [GFX0:AMD]: Port: 436057728.00000000 Event:ValidateModeTiming [a]
2026-09-13 19:19:21.890803-0300 0x41a      Default     0x0                  0      0    kernel: (AppleGraphicsDevicePolicy) AGDP:: VendorEventHandler:751 kAGDCRegisterLinkValidateModeTiming: FB:0 -> 1920 x 1080, ext_blanking=0, 148500000 Hz
2026-09-13 19:19:21.890806-0300 0x41a      Default     0x0                  0      0    kernel: (AppleGraphicsDevicePolicy) AGDP:: VendorEventHandler:752 kAGDCRegisterLinkValidateModeTiming-ext: pEnc 0x2, pBPC=0x2, pColometry=0x80, dRange=0x1 dscBPP=0
2026-09-13 19:19:21.890809-0300 0x41a      Default     0x0                  0      0    kernel: (AppleGraphicsDevicePolicy) AGDP:: validateMode:166 Validating mode FB:0 -> 1920 x 1080, 148500000 Hz
2026-09-13 19:19:21.890811-0300 0x41a      Default     0x0                  0      0    kernel: (AppleGraphicsDevicePolicy) AGDP:: validateMode:368 response accepted on:0
2026-09-13 19:19:21.890813-0300 0x41a      Default     0x0                  0      0    kernel: (AppleGraphicsDevicePolicy) AGDP:: VendorEventHandler:781 kAGDCRegisterLinkValidateModeTiming: accepted by policy.
2026-09-13 19:19:21.890822-0300 0x41a      Default     0x0                  0      0    kernel: (AppleGraphicsDevicePolicy) AGDP:: VendorEventHandler:484 VendorEventHandler [GFX0:AMD]: Port: 436057728.00000000 Event:ValidateModeTiming [a]
2026-09-13 19:19:21.890825-0300 0x41a      Default     0x0                  0      0    kernel: (AppleGraphicsDevicePolicy) AGDP:: VendorEventHandler:751 kAGDCRegisterLinkValidateModeTiming: FB:0 -> 1920 x 1080, ext_blanking=0, 148500000 Hz
2026-09-13 19:19:21.890831-0300 0x41a      Default     0x0                  0      0    kernel: (AppleGraphicsDevicePolicy) AGDP:: VendorEventHandler:752 kAGDCRegisterLinkValidateModeTiming-ext: pEnc 0x2, pBPC=0x2, pColometry=0x80, dRange=0x1 dscBPP=0
2026-09-13 19:19:21.890834-0300 0x41a      Default     0x0                  0      0    kernel: (AppleGraphicsDevicePolicy) AGDP:: validateMode:166 Validating mode FB:0 -> 1920 x 1080, 148500000 Hz
2026-09-13 19:19:21.890837-0300 0x41a      Default     0x0                  0      0    kernel: (AppleGraphicsDevicePolicy) AGDP:: validateMode:368 response accepted on:0
2026-09-13 19:19:21.890838-0300 0x41a      Default     0x0                  0      0    kernel: (AppleGraphicsDevicePolicy) AGDP:: VendorEventHandler:781 kAGDCRegisterLinkValidateModeTiming: accepted by policy.
2026-09-13 19:19:21.890851-0300 0x41a      Default     0x0                  0      0    kernel: (AppleGraphicsDevicePolicy) AGDP:: VendorEventHandler:484 VendorEventHandler [GFX0:AMD]: Port: 436057728.00000000 Event:ValidateModeTiming [a]
2026-09-13 19:19:21.890855-0300 0x41a      Default     0x0                  0      0    kernel: (AppleGraphicsDevicePolicy) AGDP:: VendorEventHandler:751 kAGDCRegisterLinkValidateModeTiming: FB:0 -> 1920 x 1080, ext_blanking=0, 148500000 Hz
2026-09-13 19:19:21.890858-0300 0x41a      Default     0x0                  0      0    kernel: (AppleGraphicsDevicePolicy) AGDP:: VendorEventHandler:752 kAGDCRegisterLinkValidateModeTiming-ext: pEnc 0x2, pBPC=0x2, pColometry=0x80, dRange=0x1 dscBPP=0
2026-09-13 19:19:21.890861-0300 0x41a      Default     0x0                  0      0    kernel: (AppleGraphicsDevicePolicy) AGDP:: validateMode:166 Validating mode FB:0 -> 1920 x 1080, 148500000 Hz
2026-09-13 19:19:21.890864-0300 0x41a      Default     0x0                  0      0    kernel: (AppleGraphicsDevicePolicy) AGDP:: validateMode:368 response accepted on:0
2026-09-13 19:19:21.890865-0300 0x41a      Default     0x0                  0      0    kernel: (AppleGraphicsDevicePolicy) AGDP:: VendorEventHandler:781 kAGDCRegisterLinkValidateModeTiming: accepted by policy.
2026-09-13 19:19:21.890878-0300 0x41a      Default     0x0                  0      0    kernel: (AppleGraphicsDevicePolicy) AGDP:: VendorEventHandler:484 VendorEventHandler [GFX0:AMD]: Port: 436057728.00000000 Event:ValidateModeTiming [a]
2026-09-13 19:19:21.890881-0300 0x41a      Default     0x0                  0      0    kernel: (AppleGraphicsDevicePolicy) AGDP:: VendorEventHandler:751 kAGDCRegisterLinkValidateModeTiming: FB:0 -> 1920 x 1080, ext_blanking=0, 148500000 Hz
2026-09-13 19:19:21.890884-0300 0x41a      Default     0x0                  0      0    kernel: (AppleGraphicsDevicePolicy) AGDP:: VendorEventHandler:752 kAGDCRegisterLinkValidateModeTiming-ext: pEnc 0x2, pBPC=0x2, pColometry=0x80, dRange=0x1 dscBPP=0
2026-09-13 19:19:21.890887-0300 0x41a      Default     0x0                  0      0    kernel: (AppleGraphicsDevicePolicy) AGDP:: validateMode:166 Validating mode FB:0 -> 1920 x 1080, 148500000 Hz
2026-09-13 19:19:21.890890-0300 0x41a      Default     0x0                  0      0    kernel: (AppleGraphicsDevicePolicy) AGDP:: validateMode:368 response accepted on:0
2026-09-13 19:19:21.890891-0300 0x41a      Default     0x0                  0      0    kernel: (AppleGraphicsDevicePolicy) AGDP:: VendorEventHandler:781 kAGDCRegisterLinkValidateModeTiming: accepted by policy.
2026-09-13 19:19:21.890905-0300 0x41a      Default     0x0                  0      0    kernel: (AppleGraphicsDevicePolicy) AGDP:: VendorEventHandler:484 VendorEventHandler [GFX0:AMD]: Port: 436057728.00000000 Event:ValidateModeTiming [a]
2026-09-13 19:19:21.890910-0300 0x41a      Default     0x0                  0      0    kernel: (AppleGraphicsDevicePolicy) AGDP:: VendorEventHandler:751 kAGDCRegisterLinkValidateModeTiming: FB:0 -> 1920 x 1080, ext_blanking=0, 174500000 Hz
2026-09-13 19:19:21.890913-0300 0x41a      Default     0x0                  0      0    kernel: (AppleGraphicsDevicePolicy) AGDP:: VendorEventHandler:752 kAGDCRegisterLinkValidateModeTiming-ext: pEnc 0x2, pBPC=0x2, pColometry=0x80, dRange=0x1 dscBPP=0
2026-09-13 19:19:21.890916-0300 0x41a      Default     0x0                  0      0    kernel: (AppleGraphicsDevicePolicy) AGDP:: validateMode:166 Validating mode FB:0 -> 1920 x 1080, 174500000 Hz
2026-09-13 19:19:21.890920-0300 0x41a      Default     0x0                  0      0    kernel: (AppleGraphicsDevicePolicy) AGDP:: validateMode:368 response accepted on:0
2026-09-13 19:19:21.890922-0300 0x41a      Default     0x0                  0      0    kernel: (AppleGraphicsDevicePolicy) AGDP:: VendorEventHandler:781 kAGDCRegisterLinkValidateModeTiming: accepted by policy.
2026-09-13 19:19:21.890939-0300 0x41a      Default     0x0                  0      0    kernel: (AppleGraphicsDevicePolicy) AGDP:: VendorEventHandler:484 VendorEventHandler [GFX0:AMD]: Port: 436057728.00000000 Event:ValidateModeTiming [a]
2026-09-13 19:19:21.890943-0300 0x41a      Default     0x0                  0      0    kernel: (AppleGraphicsDevicePolicy) AGDP:: VendorEventHandler:751 kAGDCRegisterLinkValidateModeTiming: FB:0 -> 1920 x 1080, ext_blanking=0, 174500000 Hz
2026-09-13 19:19:21.890946-0300 0x41a      Default     0x0                  0      0    kernel: (AppleGraphicsDevicePolicy) AGDP:: VendorEventHandler:752 kAGDCRegisterLinkValidateModeTiming-ext: pEnc 0x2, pBPC=0x2, pColometry=0x80, dRange=0x1 dscBPP=0
2026-09-13 19:19:21.890949-0300 0x41a      Default     0x0                  0      0    kernel: (AppleGraphicsDevicePolicy) AGDP:: validateMode:166 Validating mode FB:0 -> 1920 x 1080, 174500000 Hz
2026-09-13 19:19:21.890951-0300 0x41a      Default     0x0                  0      0    kernel: (AppleGraphicsDevicePolicy) AGDP:: validateMode:368 response accepted on:0
2026-09-13 19:19:21.890953-0300 0x41a      Default     0x0                  0      0    kernel: (AppleGraphicsDevicePolicy) AGDP:: VendorEventHandler:781 kAGDCRegisterLinkValidateModeTiming: accepted by policy.
2026-09-13 19:19:21.890970-0300 0x41a      Default     0x0                  0      0    kernel: (AppleGraphicsDevicePolicy) AGDP:: VendorEventHandler:484 VendorEventHandler [GFX0:AMD]: Port: 436057728.00000000 Event:ValidateModeTiming [a]
2026-09-13 19:19:21.890974-0300 0x41a      Default     0x0                  0      0    kernel: (AppleGraphicsDevicePolicy) AGDP:: VendorEventHandler:751 kAGDCRegisterLinkValidateModeTiming: FB:0 -> 1920 x 1080, ext_blanking=0, 174500000 Hz
2026-09-13 19:19:21.890977-0300 0x41a      Default     0x0                  0      0    kernel: (AppleGraphicsDevicePolicy) AGDP:: VendorEventHandler:752 kAGDCRegisterLinkValidateModeTiming-ext: pEnc 0x2, pBPC=0x2, pColometry=0x80, dRange=0x1 dscBPP=0
2026-09-13 19:19:21.890980-0300 0x41a      Default     0x0                  0      0    kernel: (AppleGraphicsDevicePolicy) AGDP:: validateMode:166 Validating mode FB:0 -> 1920 x 1080, 174500000 Hz
2026-09-13 19:19:21.890983-0300 0x41a      Default     0x0                  0      0    kernel: (AppleGraphicsDevicePolicy) AGDP:: validateMode:368 response accepted on:0
2026-09-13 19:19:21.890984-0300 0x41a      Default     0x0                  0      0    kernel: (AppleGraphicsDevicePolicy) AGDP:: VendorEventHandler:781 kAGDCRegisterLinkValidateModeTiming: accepted by policy.
2026-09-13 19:19:21.890999-0300 0x41a      Default     0x0                  0      0    kernel: (AppleGraphicsDevicePolicy) AGDP:: VendorEventHandler:484 VendorEventHandler [GFX0:AMD]: Port: 436057728.00000000 Event:ValidateModeTiming [a]
2026-09-13 19:19:21.891003-0300 0x41a      Default     0x0                  0      0    kernel: (AppleGraphicsDevicePolicy) AGDP:: VendorEventHandler:751 kAGDCRegisterLinkValidateModeTiming: FB:0 -> 1920 x 1080, ext_blanking=0, 174500000 Hz
2026-09-13 19:19:21.891006-0300 0x41a      Default     0x0                  0      0    kernel: (AppleGraphicsDevicePolicy) AGDP:: VendorEventHandler:752 kAGDCRegisterLinkValidateModeTiming-ext: pEnc 0x2, pBPC=0x2, pColometry=0x80, dRange=0x1 dscBPP=0
2026-09-13 19:19:21.891009-0300 0x41a      Default     0x0                  0      0    kernel: (AppleGraphicsDevicePolicy) AGDP:: validateMode:166 Validating mode FB:0 -> 1920 x 1080, 174500000 Hz
2026-09-13 19:19:21.891011-0300 0x41a      Default     0x0                  0      0    kernel: (AppleGraphicsDevicePolicy) AGDP:: validateMode:368 response accepted on:0
2026-09-13 19:19:21.891013-0300 0x41a      Default     0x0                  0      0    kernel: (AppleGraphicsDevicePolicy) AGDP:: VendorEventHandler:781 kAGDCRegisterLinkValidateModeTiming: accepted by policy.
2026-09-13 19:19:21.891026-0300 0x41a      Default     0x0                  0      0    kernel: (AppleGraphicsDevicePolicy) AGDP:: VendorEventHandler:484 VendorEventHandler [GFX0:AMD]: Port: 436057728.00000000 Event:ValidateModeTiming [a]
2026-09-13 19:19:21.891032-0300 0x41a      Default     0x0                  0      0    kernel: (AppleGraphicsDevicePolicy) AGDP:: VendorEventHandler:751 kAGDCRegisterLinkValidateModeTiming: FB:0 -> 1920 x 1080, ext_blanking=0, 174500000 Hz
2026-09-13 19:19:21.891035-0300 0x41a      Default     0x0                  0      0    kernel: (AppleGraphicsDevicePolicy) AGDP:: VendorEventHandler:752 kAGDCRegisterLinkValidateModeTiming-ext: pEnc 0x2, pBPC=0x2, pColometry=0x80, dRange=0x1 dscBPP=0
2026-09-13 19:19:21.891039-0300 0x41a      Default     0x0                  0      0    kernel: (AppleGraphicsDevicePolicy) AGDP:: validateMode:166 Validating mode FB:0 -> 1920 x 1080, 174500000 Hz
2026-09-13 19:19:21.891041-0300 0x41a      Default     0x0                  0      0    kernel: (AppleGraphicsDevicePolicy) AGDP:: validateMode:368 response accepted on:0
2026-09-13 19:19:21.891043-0300 0x41a      Default     0x0                  0      0    kernel: (AppleGraphicsDevicePolicy) AGDP:: VendorEventHandler:781 kAGDCRegisterLinkValidateModeTiming: accepted by policy.
2026-09-13 19:19:21.891062-0300 0x41a      Default     0x0                  0      0    kernel: (AppleGraphicsDevicePolicy) AGDP:: VendorEventHandler:484 VendorEventHandler [GFX0:AMD]: Port: 436057728.00000000 Event:ValidateModeTiming [a]
2026-09-13 19:19:21.891065-0300 0x41a      Default     0x0                  0      0    kernel: (AppleGraphicsDevicePolicy) AGDP:: VendorEventHandler:751 kAGDCRegisterLinkValidateModeTiming: FB:0 -> 1920 x 1080, ext_blanking=0, 174500000 Hz
2026-09-13 19:19:21.891068-0300 0x41a      Default     0x0                  0      0    kernel: (AppleGraphicsDevicePolicy) AGDP:: VendorEventHandler:752 kAGDCRegisterLinkValidateModeTiming-ext: pEnc 0x2, pBPC=0x2, pColometry=0x80, dRange=0x1 dscBPP=0
2026-09-13 19:19:21.891071-0300 0x41a      Default     0x0                  0      0    kernel: (AppleGraphicsDevicePolicy) AGDP:: validateMode:166 Validating mode FB:0 -> 1920 x 1080, 174500000 Hz
2026-09-13 19:19:21.891074-0300 0x41a      Default     0x0                  0      0    kernel: (AppleGraphicsDevicePolicy) AGDP:: validateMode:368 response accepted on:0
2026-09-13 19:19:21.891076-0300 0x41a      Default     0x0                  0      0    kernel: (AppleGraphicsDevicePolicy) AGDP:: VendorEventHandler:781 kAGDCRegisterLinkValidateModeTiming: accepted by policy.
2026-09-13 19:19:21.891095-0300 0x41a      Default     0x0                  0      0    kernel: (AppleGraphicsDevicePolicy) AGDP:: VendorEventHandler:484 VendorEventHandler [GFX0:AMD]: Port: 436057728.00000000 Event:ValidateModeTiming [a]
2026-09-13 19:19:21.891099-0300 0x41a      Default     0x0                  0      0    kernel: (AppleGraphicsDevicePolicy) AGDP:: VendorEventHandler:751 kAGDCRegisterLinkValidateModeTiming: FB:0 -> 1920 x 1080, ext_blanking=0, 174500000 Hz
2026-09-13 19:19:21.891102-0300 0x41a      Default     0x0                  0      0    kernel: (AppleGraphicsDevicePolicy) AGDP:: VendorEventHandler:752 kAGDCRegisterLinkValidateModeTiming-ext: pEnc 0x2, pBPC=0x2, pColometry=0x80, dRange=0x1 dscBPP=0
2026-09-13 19:19:21.891105-0300 0x41a      Default     0x0                  0      0    kernel: (AppleGraphicsDevicePolicy) AGDP:: validateMode:166 Validating mode FB:0 -> 1920 x 1080, 174500000 Hz
2026-09-13 19:19:21.891107-0300 0x41a      Default     0x0                  0      0    kernel: (AppleGraphicsDevicePolicy) AGDP:: validateMode:368 response accepted on:0
2026-09-13 19:19:21.891109-0300 0x41a      Default     0x0                  0      0    kernel: (AppleGraphicsDevicePolicy) AGDP:: VendorEventHandler:781 kAGDCRegisterLinkValidateModeTiming: accepted by policy.
2026-09-13 19:19:21.891121-0300 0x41a      Default     0x0                  0      0    kernel: (AppleGraphicsDevicePolicy) AGDP:: VendorEventHandler:484 VendorEventHandler [GFX0:AMD]: Port: 436057728.00000000 Event:ValidateModeTiming [a]
2026-09-13 19:19:21.891124-0300 0x41a      Default     0x0                  0      0    kernel: (AppleGraphicsDevicePolicy) AGDP:: VendorEventHandler:751 kAGDCRegisterLinkValidateModeTiming: FB:0 -> 1920 x 1080, ext_blanking=0, 174500000 Hz
2026-09-13 19:19:21.891127-0300 0x41a      Default     0x0                  0      0    kernel: (AppleGraphicsDevicePolicy) AGDP:: VendorEventHandler:752 kAGDCRegisterLinkValidateModeTiming-ext: pEnc 0x2, pBPC=0x2, pColometry=0x80, dRange=0x1 dscBPP=0
2026-09-13 19:19:21.891131-0300 0x41a      Default     0x0                  0      0    kernel: (AppleGraphicsDevicePolicy) AGDP:: validateMode:166 Validating mode FB:0 -> 1920 x 1080, 174500000 Hz
2026-09-13 19:19:21.891133-0300 0x41a      Default     0x0                  0      0    kernel: (AppleGraphicsDevicePolicy) AGDP:: validateMode:368 response accepted on:0
2026-09-13 19:19:21.891135-0300 0x41a      Default     0x0                  0      0    kernel: (AppleGraphicsDevicePolicy) AGDP:: VendorEventHandler:781 kAGDCRegisterLinkValidateModeTiming: accepted by policy.
2026-09-13 19:19:21.891147-0300 0x41a      Default     0x0                  0      0    kernel: (AppleGraphicsDevicePolicy) AGDP:: VendorEventHandler:484 VendorEventHandler [GFX0:AMD]: Port: 436057728.00000000 Event:ValidateModeTiming [a]
2026-09-13 19:19:21.891151-0300 0x41a      Default     0x0                  0      0    kernel: (AppleGraphicsDevicePolicy) AGDP:: VendorEventHandler:751 kAGDCRegisterLinkValidateModeTiming: FB:0 -> 1920 x 1080, ext_blanking=0, 174500000 Hz
2026-09-13 19:19:21.891154-0300 0x41a      Default     0x0                  0      0    kernel: (AppleGraphicsDevicePolicy) AGDP:: VendorEventHandler:752 kAGDCRegisterLinkValidateModeTiming-ext: pEnc 0x2, pBPC=0x2, pColometry=0x80, dRange=0x1 dscBPP=0
2026-09-13 19:19:21.891157-0300 0x41a      Default     0x0                  0      0    kernel: (AppleGraphicsDevicePolicy) AGDP:: validateMode:166 Validating mode FB:0 -> 1920 x 1080, 174500000 Hz
2026-09-13 19:19:21.891159-0300 0x41a      Default     0x0                  0      0    kernel: (AppleGraphicsDevicePolicy) AGDP:: validateMode:368 response accepted on:0
2026-09-13 19:19:21.891161-0300 0x41a      Default     0x0                  0      0    kernel: (AppleGraphicsDevicePolicy) AGDP:: VendorEventHandler:781 kAGDCRegisterLinkValidateModeTiming: accepted by policy.
2026-09-13 19:19:21.891173-0300 0x41a      Default     0x0                  0      0    kernel: (AppleGraphicsDevicePolicy) AGDP:: VendorEventHandler:484 VendorEventHandler [GFX0:AMD]: Port: 436057728.00000000 Event:ValidateModeTiming [a]
2026-09-13 19:19:21.891177-0300 0x41a      Default     0x0                  0      0    kernel: (AppleGraphicsDevicePolicy) AGDP:: VendorEventHandler:751 kAGDCRegisterLinkValidateModeTiming: FB:0 -> 1920 x 1080, ext_blanking=0, 174500000 Hz
2026-09-13 19:19:21.891180-0300 0x41a      Default     0x0                  0      0    kernel: (AppleGraphicsDevicePolicy) AGDP:: VendorEventHandler:752 kAGDCRegisterLinkValidateModeTiming-ext: pEnc 0x2, pBPC=0x2, pColometry=0x80, dRange=0x1 dscBPP=0
2026-09-13 19:19:21.891183-0300 0x41a      Default     0x0                  0      0    kernel: (AppleGraphicsDevicePolicy) AGDP:: validateMode:166 Validating mode FB:0 -> 1920 x 1080, 174500000 Hz
2026-09-13 19:19:21.891185-0300 0x41a      Default     0x0                  0      0    kernel: (AppleGraphicsDevicePolicy) AGDP:: validateMode:368 response accepted on:0
2026-09-13 19:19:21.891187-0300 0x41a      Default     0x0                  0      0    kernel: (AppleGraphicsDevicePolicy) AGDP:: VendorEventHandler:781 kAGDCRegisterLinkValidateModeTiming: accepted by policy.
2026-09-13 19:19:21.891200-0300 0x41a      Default     0x0                  0      0    kernel: (AppleGraphicsDevicePolicy) AGDP:: VendorEventHandler:484 VendorEventHandler [GFX0:AMD]: Port: 436057728.00000000 Event:ValidateModeTiming [a]
2026-09-13 19:19:21.891203-0300 0x41a      Default     0x0                  0      0    kernel: (AppleGraphicsDevicePolicy) AGDP:: VendorEventHandler:751 kAGDCRegisterLinkValidateModeTiming: FB:0 -> 1920 x 1080, ext_blanking=0, 174500000 Hz
2026-09-13 19:19:21.891207-0300 0x41a      Default     0x0                  0      0    kernel: (AppleGraphicsDevicePolicy) AGDP:: VendorEventHandler:752 kAGDCRegisterLinkValidateModeTiming-ext: pEnc 0x2, pBPC=0x2, pColometry=0x80, dRange=0x1 dscBPP=0
2026-09-13 19:19:21.891210-0300 0x41a      Default     0x0                  0      0    kernel: (AppleGraphicsDevicePolicy) AGDP:: validateMode:166 Validating mode FB:0 -> 1920 x 1080, 174500000 Hz
2026-09-13 19:19:21.891212-0300 0x41a      Default     0x0                  0      0    kernel: (AppleGraphicsDevicePolicy) AGDP:: validateMode:368 response accepted on:0
2026-09-13 19:19:21.891216-0300 0x41a      Default     0x0                  0      0    kernel: (AppleGraphicsDevicePolicy) AGDP:: VendorEventHandler:781 kAGDCRegisterLinkValidateModeTiming: accepted by policy.
2026-09-13 19:19:21.891229-0300 0x41a      Default     0x0                  0      0    kernel: (AppleGraphicsDevicePolicy) AGDP:: VendorEventHandler:484 VendorEventHandler [GFX0:AMD]: Port: 436057728.00000000 Event:ValidateModeTiming [a]
2026-09-13 19:19:21.891233-0300 0x41a      Default     0x0                  0      0    kernel: (AppleGraphicsDevicePolicy) AGDP:: VendorEventHandler:751 kAGDCRegisterLinkValidateModeTiming: FB:0 -> 1920 x 1080, ext_blanking=0, 174500000 Hz
2026-09-13 19:19:21.891236-0300 0x41a      Default     0x0                  0      0    kernel: (AppleGraphicsDevicePolicy) AGDP:: VendorEventHandler:752 kAGDCRegisterLinkValidateModeTiming-ext: pEnc 0x2, pBPC=0x2, pColometry=0x80, dRange=0x1 dscBPP=0
2026-09-13 19:19:21.891239-0300 0x41a      Default     0x0                  0      0    kernel: (AppleGraphicsDevicePolicy) AGDP:: validateMode:166 Validating mode FB:0 -> 1920 x 1080, 174500000 Hz
2026-09-13 19:19:21.891242-0300 0x41a      Default     0x0                  0      0    kernel: (AppleGraphicsDevicePolicy) AGDP:: validateMode:368 response accepted on:0
2026-09-13 19:19:21.891243-0300 0x41a      Default     0x0                  0      0    kernel: (AppleGraphicsDevicePolicy) AGDP:: VendorEventHandler:781 kAGDCRegisterLinkValidateModeTiming: accepted by policy.
2026-09-13 19:19:21.891256-0300 0x41a      Default     0x0                  0      0    kernel: (AppleGraphicsDevicePolicy) AGDP:: VendorEventHandler:484 VendorEventHandler [GFX0:AMD]: Port: 436057728.00000000 Event:ValidateModeTiming [a]
2026-09-13 19:19:21.891260-0300 0x41a      Default     0x0                  0      0    kernel: (AppleGraphicsDevicePolicy) AGDP:: VendorEventHandler:751 kAGDCRegisterLinkValidateModeTiming: FB:0 -> 1920 x 1080, ext_blanking=0, 174500000 Hz
2026-09-13 19:19:21.891263-0300 0x41a      Default     0x0                  0      0    kernel: (AppleGraphicsDevicePolicy) AGDP:: VendorEventHandler:752 kAGDCRegisterLinkValidateModeTiming-ext: pEnc 0x2, pBPC=0x2, pColometry=0x80, dRange=0x1 dscBPP=0
2026-09-13 19:19:21.891266-0300 0x41a      Default     0x0                  0      0    kernel: (AppleGraphicsDevicePolicy) AGDP:: validateMode:166 Validating mode FB:0 -> 1920 x 1080, 174500000 Hz
2026-09-13 19:19:21.891268-0300 0x41a      Default     0x0                  0      0    kernel: (AppleGraphicsDevicePolicy) AGDP:: validateMode:368 response accepted on:0
2026-09-13 19:19:21.891270-0300 0x41a      Default     0x0                  0      0    kernel: (AppleGraphicsDevicePolicy) AGDP:: VendorEventHandler:781 kAGDCRegisterLinkValidateModeTiming: accepted by policy.
2026-09-13 19:19:21.891280-0300 0x41a      Default     0x0                  0      0    kernel: (AppleGraphicsDevicePolicy) AGDP:: VendorEventHandler:484 VendorEventHandler [GFX0:AMD]: Port: 436057728.00000000 Event:ValidateModeTiming [a]
2026-09-13 19:19:21.891283-0300 0x41a      Default     0x0                  0      0    kernel: (AppleGraphicsDevicePolicy) AGDP:: VendorEventHandler:751 kAGDCRegisterLinkValidateModeTiming: FB:0 -> 1920 x 1080, ext_blanking=0, 174500000 Hz
2026-09-13 19:19:21.891286-0300 0x41a      Default     0x0                  0      0    kernel: (AppleGraphicsDevicePolicy) AGDP:: VendorEventHandler:752 kAGDCRegisterLinkValidateModeTiming-ext: pEnc 0x2, pBPC=0x2, pColometry=0x80, dRange=0x1 dscBPP=0
2026-09-13 19:19:21.891289-0300 0x41a      Default     0x0                  0      0    kernel: (AppleGraphicsDevicePolicy) AGDP:: validateMode:166 Validating mode FB:0 -> 1920 x 1080, 174500000 Hz
2026-09-13 19:19:21.891292-0300 0x41a      Default     0x0                  0      0    kernel: (AppleGraphicsDevicePolicy) AGDP:: validateMode:368 response accepted on:0
2026-09-13 19:19:21.891293-0300 0x41a      Default     0x0                  0      0    kernel: (AppleGraphicsDevicePolicy) AGDP:: VendorEventHandler:781 kAGDCRegisterLinkValidateModeTiming: accepted by policy.
2026-09-13 19:19:21.891306-0300 0x41a      Default     0x0                  0      0    kernel: (AppleGraphicsDevicePolicy) AGDP:: VendorEventHandler:484 VendorEventHandler [GFX0:AMD]: Port: 436057728.00000000 Event:ValidateModeTiming [a]
2026-09-13 19:19:21.891309-0300 0x41a      Default     0x0                  0      0    kernel: (AppleGraphicsDevicePolicy) AGDP:: VendorEventHandler:751 kAGDCRegisterLinkValidateModeTiming: FB:0 -> 1920 x 1080, ext_blanking=0, 174500000 Hz
2026-09-13 19:19:21.891312-0300 0x41a      Default     0x0                  0      0    kernel: (AppleGraphicsDevicePolicy) AGDP:: VendorEventHandler:752 kAGDCRegisterLinkValidateModeTiming-ext: pEnc 0x2, pBPC=0x2, pColometry=0x80, dRange=0x1 dscBPP=0
2026-09-13 19:19:21.891315-0300 0x41a      Default     0x0                  0      0    kernel: (AppleGraphicsDevicePolicy) AGDP:: validateMode:166 Validating mode FB:0 -> 1920 x 1080, 174500000 Hz
2026-09-13 19:19:21.891318-0300 0x41a      Default     0x0                  0      0    kernel: (AppleGraphicsDevicePolicy) AGDP:: validateMode:368 response accepted on:0
2026-09-13 19:19:21.891320-0300 0x41a      Default     0x0                  0      0    kernel: (AppleGraphicsDevicePolicy) AGDP:: VendorEventHandler:781 kAGDCRegisterLinkValidateModeTiming: accepted by policy.
2026-09-13 19:19:21.891333-0300 0x41a      Default     0x0                  0      0    kernel: (AppleGraphicsDevicePolicy) AGDP:: VendorEventHandler:484 VendorEventHandler [GFX0:AMD]: Port: 436057728.00000000 Event:ValidateModeTiming [a]
2026-09-13 19:19:21.891337-0300 0x41a      Default     0x0                  0      0    kernel: (AppleGraphicsDevicePolicy) AGDP:: VendorEventHandler:751 kAGDCRegisterLinkValidateModeTiming: FB:0 -> 1920 x 1080, ext_blanking=0, 174500000 Hz
2026-09-13 19:19:21.891340-0300 0x41a      Default     0x0                  0      0    kernel: (AppleGraphicsDevicePolicy) AGDP:: VendorEventHandler:752 kAGDCRegisterLinkValidateModeTiming-ext: pEnc 0x2, pBPC=0x2, pColometry=0x80, dRange=0x1 dscBPP=0
2026-09-13 19:19:21.891343-0300 0x41a      Default     0x0                  0      0    kernel: (AppleGraphicsDevicePolicy) AGDP:: validateMode:166 Validating mode FB:0 -> 1920 x 1080, 174500000 Hz
2026-09-13 19:19:21.891345-0300 0x41a      Default     0x0                  0      0    kernel: (AppleGraphicsDevicePolicy) AGDP:: validateMode:368 response accepted on:0
2026-09-13 19:19:21.891347-0300 0x41a      Default     0x0                  0      0    kernel: (AppleGraphicsDevicePolicy) AGDP:: VendorEventHandler:781 kAGDCRegisterLinkValidateModeTiming: accepted by policy.
2026-09-13 19:19:21.892745-0300 0x41a      Default     0x0                  0      0    kernel: (AppleGraphicsDevicePolicy) AGDP:: VendorEventHandler:484 VendorEventHandler [GFX0:AMD]: Port: 436057528.00000000 Event:ModesetCallback [c]
2026-09-13 19:19:21.892750-0300 0x41a      Default     0x0                  0      0    kernel: (AppleGraphicsDevicePolicy) AGDP:: VendorEventHandler:621 **************** kAGDCRegisterLinkModesetCallback #1 **************** 1:1:1
2026-09-13 19:19:21.892753-0300 0x41a      Default     0x0                  0      0    kernel: (AppleGraphicsDevicePolicy) AGDP:: VendorEventHandler:623 kAGDCRegisterLinkModesetCallback-ext: FB:0 -> 1920 x 1080, ext_blanking=0, 228800000 Hz
2026-09-13 19:19:21.892760-0300 0x41a      Default     0x0                  0      0    kernel: (AppleGraphicsDevicePolicy) AGDP:: VendorEventHandler:624 kAGDCRegisterLinkModesetCallback-ext-2: pEnc=0x2, pBPC=0x2, pColometry=0x80, dRange=0x1 dscBPP=0
2026-09-13 19:19:21.892763-0300 0x41a      Default     0x0                  0      0    kernel: (AppleGraphicsDevicePolicy) Warning!! AGDP: vendor modeset callback invalid sequence or interleaving!!
2026-09-13 19:19:21.892765-0300 0x41a      Default     0x0                  0      0    kernel: (AppleGraphicsDevicePolicy) AGDP:: validateMode:166 Validating mode FB:0 -> 1920 x 1080, 228800000 Hz
2026-09-13 19:19:21.892767-0300 0x41a      Default     0x0                  0      0    kernel: (AppleGraphicsDevicePolicy) AGDP:: validateMode:368 response accepted on:0
2026-09-13 19:19:21.892769-0300 0x41a      Default     0x0                  0      0    kernel: (AppleGraphicsDevicePolicy) AGDP:: getPconPortInfo:30 Invalid port number 0
2026-09-13 19:19:21.892771-0300 0x41a      Default     0x0                  0      0    kernel: (AppleGraphicsDevicePolicy) AGDP:: VendorEventHandler:484 VendorEventHandler [GFX0:AMD]: Port: 436057528.00000000 Event:ModesetCallback [c]
2026-09-13 19:19:21.892775-0300 0x41a      Default     0x0                  0      0    kernel: (AppleGraphicsDevicePolicy) AGDP:: VendorEventHandler:621 **************** kAGDCRegisterLinkModesetCallback #2 **************** 1:1:1
2026-09-13 19:19:21.892777-0300 0x41a      Default     0x0                  0      0    kernel: (AppleGraphicsDevicePolicy) AGDP:: VendorEventHandler:623 kAGDCRegisterLinkModesetCallback-ext: FB:0 -> 1920 x 1080, ext_blanking=0, 228800000 Hz
2026-09-13 19:19:21.892780-0300 0x41a      Default     0x0                  0      0    kernel: (AppleGraphicsDevicePolicy) AGDP:: VendorEventHandler:624 kAGDCRegisterLinkModesetCallback-ext-2: pEnc=0x2, pBPC=0x2, pColometry=0x80, dRange=0x1 dscBPP=0
2026-09-13 19:19:21.892784-0300 0x41a      Default     0x0                  0      0    kernel: (AppleGraphicsDevicePolicy) Warning!! AGDP: vendor modeset callback invalid sequence or interleaving!!
2026-09-13 19:19:21.892785-0300 0x41a      Default     0x0                  0      0    kernel: (AppleGraphicsDevicePolicy) AGDP:: validateMode:166 Validating mode FB:0 -> 1920 x 1080, 228800000 Hz
2026-09-13 19:19:21.892788-0300 0x41a      Default     0x0                  0      0    kernel: (AppleGraphicsDevicePolicy) AGDP:: validateMode:368 response accepted on:0
2026-09-13 19:19:21.892789-0300 0x41a      Default     0x0                  0      0    kernel: (AppleGraphicsDevicePolicy) AGDP:: getPconPortInfo:30 Invalid port number 0
2026-09-13 19:19:23.181062-0300 0x41a      Default     0x0                  0      0    kernel: (AppleGraphicsDevicePolicy) AGDP:: VendorEventHandler:484 VendorEventHandler [GFX0:AMD]: Port: 435959224.00000000 Event:ModesetCallback [c]
2026-09-13 19:19:23.181068-0300 0x41a      Default     0x0                  0      0    kernel: (AppleGraphicsDevicePolicy) AGDP:: VendorEventHandler:621 **************** kAGDCRegisterLinkModesetCallback #1 **************** 1:1:1
2026-09-13 19:19:23.181073-0300 0x41a      Default     0x0                  0      0    kernel: (AppleGraphicsDevicePolicy) AGDP:: VendorEventHandler:623 kAGDCRegisterLinkModesetCallback-ext: FB:0 -> 1920 x 1080, ext_blanking=0, 228800000 Hz
2026-09-13 19:19:23.181076-0300 0x41a      Default     0x0                  0      0    kernel: (AppleGraphicsDevicePolicy) AGDP:: VendorEventHandler:624 kAGDCRegisterLinkModesetCallback-ext-2: pEnc=0x2, pBPC=0x2, pColometry=0x80, dRange=0x1 dscBPP=0
2026-09-13 19:19:23.181080-0300 0x41a      Default     0x0                  0      0    kernel: (AppleGraphicsDevicePolicy) Warning!! AGDP: vendor modeset callback invalid sequence or interleaving!!
2026-09-13 19:19:23.181082-0300 0x41a      Default     0x0                  0      0    kernel: (AppleGraphicsDevicePolicy) AGDP:: validateMode:166 Validating mode FB:0 -> 1920 x 1080, 228800000 Hz
2026-09-13 19:19:23.181085-0300 0x41a      Default     0x0                  0      0    kernel: (AppleGraphicsDevicePolicy) AGDP:: validateMode:368 response accepted on:0
2026-09-13 19:19:23.181087-0300 0x41a      Default     0x0                  0      0    kernel: (AppleGraphicsDevicePolicy) AGDP:: getPconPortInfo:30 Invalid port number 0
2026-09-13 19:19:23.181089-0300 0x41a      Default     0x0                  0      0    kernel: (AppleGraphicsDevicePolicy) AGDP:: VendorEventHandler:484 VendorEventHandler [GFX0:AMD]: Port: 435959224.00000000 Event:ModesetCallback [c]
2026-09-13 19:19:23.181092-0300 0x41a      Default     0x0                  0      0    kernel: (AppleGraphicsDevicePolicy) AGDP:: VendorEventHandler:621 **************** kAGDCRegisterLinkModesetCallback #2 **************** 1:1:1
2026-09-13 19:19:23.181095-0300 0x41a      Default     0x0                  0      0    kernel: (AppleGraphicsDevicePolicy) AGDP:: VendorEventHandler:623 kAGDCRegisterLinkModesetCallback-ext: FB:0 -> 1920 x 1080, ext_blanking=0, 228800000 Hz
2026-09-13 19:19:23.181098-0300 0x41a      Default     0x0                  0      0    kernel: (AppleGraphicsDevicePolicy) AGDP:: VendorEventHandler:624 kAGDCRegisterLinkModesetCallback-ext-2: pEnc=0x2, pBPC=0x2, pColometry=0x80, dRange=0x1 dscBPP=0
2026-09-13 19:19:23.181101-0300 0x41a      Default     0x0                  0      0    kernel: (AppleGraphicsDevicePolicy) Warning!! AGDP: vendor modeset callback invalid sequence or interleaving!!
2026-09-13 19:19:23.181103-0300 0x41a      Default     0x0                  0      0    kernel: (AppleGraphicsDevicePolicy) AGDP:: validateMode:166 Validating mode FB:0 -> 1920 x 1080, 228800000 Hz
2026-09-13 19:19:23.181105-0300 0x41a      Default     0x0                  0      0    kernel: (AppleGraphicsDevicePolicy) AGDP:: validateMode:368 response accepted on:0
2026-09-13 19:19:23.181107-0300 0x41a      Default     0x0                  0      0    kernel: (AppleGraphicsDevicePolicy) AGDP:: getPconPortInfo:30 Invalid port number 0
2026-09-13 19:19:31.296167-0300 0xbaf      Default     0x0                  0      0    kernel: Boot args: -v debug=0x100 keepsyms=1 npci=0x2000 agdpmod=pikera
2026-09-13 19:19:39.639769-0300 0x10fc     Error       0x0                  0      0    kernel: (Sandbox) Sandbox: nsattributedstringagent(563) deny(1) iokit-open-user-client AMDRadeonX6000_AMDAccelDevice
2026-09-13 19:19:39.639772-0300 0x10fc     Default     0x0                  0      0    kernel: IOUC AMDRadeonX6000_AMDAccelDevice failed MACF in process pid 563, nsattributedstri
2026-09-13 19:19:39.804679-0300 0x1199     Error       0x0                  0      0    kernel: (Sandbox) Sandbox: nsattributedstringagent(563) deny(1) iokit-open-user-client AMDRadeonX6000_AMDAccelDevice
2026-09-13 19:19:39.804684-0300 0x1199     Default     0x0                  0      0    kernel: IOUC AMDRadeonX6000_AMDAccelDevice failed MACF in process pid 563, nsattributedstri
2026-09-13 19:21:03.817691-0300 0x1f4f     Fault       0x0                  0      0    kernel: (IOAcceleratorFamily2) virtual IOReturn IOAccelEventMachine2::waitForStamp(int32_t, stamp_t, stamp_t *): timeout waiting for AMDRadeonAccelerator stamp 78 (gpu_stamp=77)
2026-09-13 19:21:03.898348-0300 0x8f7      Fault       0x0                  0      0    kernel: (IOAcceleratorFamily2) AMDRadeonAccelerator: IOAccelDisplayPipe (fbindex=0) transaction stamp index 57 time out
2026-09-13 19:21:05.288394-0300 0x8f7      Default     0x0                  0      0    kernel: (AMDRadeonX6000) [7:0:0] ** AMDRadeonX6000_AMDNavi21GraphicsAccelerator Device in slot: SLOT-1 **
2026-09-13 19:21:05.288550-0300 0x8f7      Default     0x0                  0      0    kernel: (AMDRadeonX6000) GPU Log Version: 2

Restart Channel: 51 GFX

---THE STATE OF THE DRIVER---

AMDRadeonX6000_AMDNavi21GraphicsAccelerator state: ENABLED
 PCIe Device: [7:0:0], DID=0x73bf, RID=0xc0, SSID=0x2408
 TotalVideoRAMBytes: 0x00000003ff000000 (17163091968)
Uptime 0:02:00.838638

[00] Channel: GFX (HW [00]); Priority 2;
  CompletedTS = 0x00000847, SubmittedTS = 0x0000084a
  Sent to HW: TS = 0x00000848 (HW TS = 0x00002e6f, WPTR = 0x13780) at 0:01:54.439434; count = 1
  FirstPendingCB: PID = 465, Name = IINA; SubmitContext = GL, VMID = 10
      GPUAddress = 0x0000000400020000, Size = 0x00000620, ContentValidation = SKIP

[03] Channel: ComputeUQ0 (HW [03]); Priority 2;
  CompletedTS = 0x00000005, SubmittedTS = 0x00000005

[04] Channel: ComputeUQ1 (HW [04]); Priority 2;
  CompletedTS = 0x00000003, SubmittedTS = 0x00000003

[05] Channel: ComputeUQ2 (HW [05]); Priority 2;
  CompletedTS = 0x00000008, SubmittedTS = 0x00000008

[06] Channel: ComputeUQ3 (HW [06]); Priority 2;
  CompletedTS = 0x0000002a, Submitt<…>
2026-09-13 19:21:05.290007-0300 0x8f7      Default     0x0                  0      0    kernel: (IOAcceleratorFamily2) GPU Log Version: 2

Restart Channel: 51 GFX

---THE STATE OF THE DRIVER---

AMDRadeonX6000_AMDNavi21GraphicsAccelerator state: ENABLED
 PCIe Device: [7:0:0], DID=0x73bf, RID=0xc0, SSID=0x2408
 TotalVideoRAMBytes: 0x00000003ff000000 (17163091968)
Uptime 0:02:00.838638

[00] Channel: GFX (HW [00]); Priority 2;
  CompletedTS = 0x00000847, SubmittedTS = 0x0000084a
  Sent to HW: TS = 0x00000848 (HW TS = 0x00002e6f, WPTR = 0x13780) at 0:01:54.439434; count = 1
  FirstPendingCB: PID = 465, Name = IINA; SubmitContext = GL, VMID = 10
      GPUAddress = 0x0000000400020000, Size = 0x00000620, ContentValidation = SKIP

[03] Channel: ComputeUQ0 (HW [03]); Priority 2;
  CompletedTS = 0x00000005, SubmittedTS = 0x00000005

[04] Channel: ComputeUQ1 (HW [04]); Priority 2;
  CompletedTS = 0x00000003, SubmittedTS = 0x00000003

[05] Channel: ComputeUQ2 (HW [05]); Priority 2;
  CompletedTS = 0x00000008, SubmittedTS = 0x00000008

[06] Channel: ComputeUQ3 (HW [06]); Priority 2;
  CompletedTS = 0x0000002a, SubmittedTS =<…>
2026-09-13 19:21:18.098390-0300 0x24b9     Error       0x0                  0      0    kernel: (Sandbox) Sandbox: nsattributedstringagent(1319) deny(1) iokit-open-user-client AMDRadeonX6000_AMDAccelDevice
2026-09-13 19:21:18.098393-0300 0x24b9     Default     0x0                  0      0    kernel: IOUC AMDRadeonX6000_AMDAccelDevice failed MACF in process pid 1319, nsattributedstri
2026-09-13 19:21:18.107537-0300 0x24b9     Default     0x0                  0      0    kernel: IOUC AMDRadeonX6000_AMDAccelDevice failed MACF in process pid 1319, nsattributedstri
2026-09-13 19:21:18.115842-0300 0x1780     Error       0x0                  0      0    kernel: (Sandbox) 1 duplicate report for Sandbox: nsattributedstringagent(1319) deny(1) iokit-open-user-client AMDRadeonX6000_AMDAccelDevice
2026-09-13 19:21:18.420887-0300 0x2532     Error       0x0                  0      0    kernel: (Sandbox) Sandbox: nsattributedstringagent(1367) deny(1) iokit-open-user-client AMDRadeonX6000_AMDAccelDevice
2026-09-13 19:21:18.420892-0300 0x2532     Default     0x0                  0      0    kernel: IOUC AMDRadeonX6000_AMDAccelDevice failed MACF in process pid 1367, nsattributedstri
2026-09-13 19:21:18.492369-0300 0x2544     Error       0x0                  0      0    kernel: (Sandbox) Sandbox: nsattributedstringagent(1367) deny(1) iokit-open-user-client AMDRadeonX6000_AMDAccelDevice
2026-09-13 19:21:18.492372-0300 0x2544     Default     0x0                  0      0    kernel: IOUC AMDRadeonX6000_AMDAccelDevice failed MACF in process pid 1367, nsattributedstri
2026-09-13 19:21:47.478476-0300 0x2e69     Error       0x0                  0      0    kernel: (Sandbox) Sandbox: nsattributedstringagent(2406) deny(1) iokit-open-user-client AMDRadeonX6000_AMDAccelDevice
2026-09-13 19:21:47.478485-0300 0x2e69     Default     0x0                  0      0    kernel: IOUC AMDRadeonX6000_AMDAccelDevice failed MACF in process pid 2406, nsattributedstri
2026-09-13 19:21:47.529346-0300 0x2e7d     Error       0x0                  0      0    kernel: (Sandbox) Sandbox: nsattributedstringagent(2406) deny(1) iokit-open-user-client AMDRadeonX6000_AMDAccelDevice
2026-09-13 19:21:47.529351-0300 0x2e7d     Default     0x0                  0      0    kernel: IOUC AMDRadeonX6000_AMDAccelDevice failed MACF in process pid 2406, nsattributedstri
2026-09-13 19:23:19.564390-0300 0x4848     Error       0x0                  0      0    kernel: (Sandbox) Sandbox: com.apple.quicklook.ThumbnailsA(584) deny(1) file-read-data /Volumes/EFI/nootrx_fix.log
2026-09-13 19:23:34.273212-0300 0x4d9d     Error       0x0                  0      0    kernel: (Sandbox) Sandbox: nsattributedstringagent(6331) deny(1) iokit-open-user-client AMDRadeonX6000_AMDAccelDevice
2026-09-13 19:23:34.273218-0300 0x4d9d     Default     0x0                  0      0    kernel: IOUC AMDRadeonX6000_AMDAccelDevice failed MACF in process pid 6331, nsattributedstri
2026-09-13 19:23:34.331185-0300 0x4de2     Error       0x0                  0      0    kernel: (Sandbox) Sandbox: nsattributedstringagent(6331) deny(1) iokit-open-user-client AMDRadeonX6000_AMDAccelDevice
2026-09-13 19:23:34.331188-0300 0x4de2     Default     0x0                  0      0    kernel: IOUC AMDRadeonX6000_AMDAccelDevice failed MACF in process pid 6331, nsattributedstri
