Timestamp                       Thread     Type        Activity             PID    TTL  
2026-09-13 16:47:21.820898-0300 0x795      Default     0x0                  0      0    kernel: (AMDRadeonX6000Framebuffer) [7:0:0] AMDRadeonX6000_AmdRadeonControllerNavi10::probe() !!! FAIL: Check ID! device_id:0x73bf rev_id:0xc0
2026-09-13 16:47:22.109818-0300 0x7f8      Default     0x0                  0      0    kernel: Boot args: -v debug=0x100 keepsyms=1 npci=0x2000 agdpmod=pikera
2026-09-13 16:47:22.109818-0300 0x7f6      Default     0x0                  0      0    kernel: Boot args: -v debug=0x100 keepsyms=1 npci=0x2000 agdpmod=pikera
2026-09-13 16:47:23.823212-0300 0x7b1      Default     0x0                  0      0    kernel: (AMDRadeonX6000Framebuffer) [7:0:0] [AGDC] AMDRadeonX6000_AmdAgdcServices::vendor_doDeviceAttribute() ??? Controller is NOT enabled so SKIP. cmd:[       3].
2026-09-13 16:47:23.823431-0300 0x9a7      Default     0x0                  0      0    kernel: (AppleGraphicsDevicePolicy) Adding AGDP mode validate property
2026-09-13 16:47:23.824405-0300 0x3e6      Default     0x0                  0      0    kernel: (AppleGraphicsDevicePolicy) AGDP:: VendorEventHandler:484 VendorEventHandler [GFX0:AMD]: Port: -116469760.00000000 Event:Framebuffer [4]
2026-09-13 16:47:23.824823-0300 0x3e6      Default     0x0                  0      0    kernel: (AppleGraphicsDevicePolicy) AGDP:: VendorEventHandler:484 VendorEventHandler [GFX0:AMD]: Port: -116207616.00000000 Event:Framebuffer [4]
2026-09-13 16:47:23.825596-0300 0x3e6      Default     0x0                  0      0    kernel: (AppleGraphicsDevicePolicy) AGDP:: VendorEventHandler:484 VendorEventHandler [GFX0:AMD]: Port: -116404224.00000000 Event:Framebuffer [4]
2026-09-13 16:47:23.826573-0300 0x3e6      Default     0x0                  0      0    kernel: (AppleGraphicsDevicePolicy) AGDP:: VendorEventHandler:484 VendorEventHandler [GFX0:AMD]: Port: -116011008.00000000 Event:Framebuffer [4]
2026-09-13 16:47:23.826787-0300 0x3e6      Default     0x0                  0      0    kernel: (AMDRadeonX6000Framebuffer) [7:0:0] [FB:0] AmdRadeonFramebuffer::setCursorImage() !!! Driver is offline.
2026-09-13 16:47:23.826794-0300 0x3e6      Default     0x0                  0      0    kernel: (AMDRadeonX6000Framebuffer) [7:0:0] [FB:1] AmdRadeonFramebuffer::setCursorImage() !!! Driver is offline.
2026-09-13 16:47:23.826797-0300 0x3e6      Default     0x0                  0      0    kernel: (AMDRadeonX6000Framebuffer) [7:0:0] [FB:2] AmdRadeonFramebuffer::setCursorImage() !!! Driver is offline.
2026-09-13 16:47:23.826800-0300 0x3e6      Default     0x0                  0      0    kernel: (AMDRadeonX6000Framebuffer) [7:0:0] [FB:3] AmdRadeonFramebuffer::setCursorImage() !!! Driver is offline.
2026-09-13 16:47:24.244551-0300 0x9dc      Default     0x0                  0      0    kernel: (AMDRadeonX6000Framebuffer) [7:0:0] [AGDC] AMDRadeonX6000_AmdAgdcServices::auxStreamTransfer() ??? AUX Not Supported on This Port: 4.
2026-09-13 16:47:24.264256-0300 0x9dc      Default     0x0                  0      0    kernel: (AMDRadeonX6000Framebuffer) [7:0:0] [AGDC] AMDRadeonX6000_AmdAgdcServices::auxStreamTransfer() ??? AUX Not Supported on This Port: 4.
2026-09-13 16:47:24.274329-0300 0x9dc      Default     0x0                  0      0    kernel: (AMDRadeonX6000Framebuffer) [7:0:0] [AGDC] AMDRadeonX6000_AmdAgdcServices::auxStreamTransfer() ??? AUX Not Supported on This Port: 4.
2026-09-13 16:47:24.316013-0300 0x9dc      Default     0x0                  0      0    kernel: (AMDRadeonX6000Framebuffer) [7:0:0] [AGDC] AMDRadeonX6000_AmdAgdcServices::auxStreamTransfer() ??? AUX Not Supported on This Port: 4.
2026-09-13 16:47:24.326052-0300 0x9dc      Default     0x0                  0      0    kernel: (AMDRadeonX6000Framebuffer) [7:0:0] [AGDC] AMDRadeonX6000_AmdAgdcServices::auxStreamTransfer() ??? AUX Not Supported on This Port: 4.
2026-09-13 16:47:24.375840-0300 0x3e6      Default     0x0                  0      0    kernel: (AppleGraphicsDevicePolicy) AGDP:: VendorEventHandler:484 VendorEventHandler [GFX0:AMD]: Port: -1336215936.00000000 Event:ValidateModeTiming [a]
2026-09-13 16:47:24.375851-0300 0x3e6      Default     0x0                  0      0    kernel: (AppleGraphicsDevicePolicy) AGDP:: VendorEventHandler:751 kAGDCRegisterLinkValidateModeTiming: FB:0 -> 1920 x 1080, ext_blanking=0, 228800000 Hz
2026-09-13 16:47:24.375856-0300 0x3e6      Default     0x0                  0      0    kernel: (AppleGraphicsDevicePolicy) AGDP:: VendorEventHandler:752 kAGDCRegisterLinkValidateModeTiming-ext: pEnc 0x2, pBPC=0x2, pColometry=0x80, dRange=0x1 dscBPP=0
2026-09-13 16:47:24.375860-0300 0x3e6      Default     0x0                  0      0    kernel: (AppleGraphicsDevicePolicy) AGDP:: validateMode:166 Validating mode FB:0 -> 1920 x 1080, 228800000 Hz
2026-09-13 16:47:24.375863-0300 0x3e6      Default     0x0                  0      0    kernel: (AppleGraphicsDevicePolicy) AGDP:: validateMode:368 response accepted on:0
2026-09-13 16:47:24.375865-0300 0x3e6      Default     0x0                  0      0    kernel: (AppleGraphicsDevicePolicy) AGDP:: VendorEventHandler:781 kAGDCRegisterLinkValidateModeTiming: accepted by policy.
2026-09-13 16:47:24.376147-0300 0x3e6      Default     0x0                  0      0    kernel: (AppleGraphicsDevicePolicy) AGDP:: VendorEventHandler:484 VendorEventHandler [GFX0:AMD]: Port: -1336215936.00000000 Event:ValidateModeTiming [a]
2026-09-13 16:47:24.376152-0300 0x3e6      Default     0x0                  0      0    kernel: (AppleGraphicsDevicePolicy) AGDP:: VendorEventHandler:751 kAGDCRegisterLinkValidateModeTiming: FB:0 -> 1920 x 1080, ext_blanking=0, 138500000 Hz
2026-09-13 16:47:24.376156-0300 0x3e6      Default     0x0                  0      0    kernel: (AppleGraphicsDevicePolicy) AGDP:: VendorEventHandler:752 kAGDCRegisterLinkValidateModeTiming-ext: pEnc 0x2, pBPC=0x2, pColometry=0x80, dRange=0x1 dscBPP=0
2026-09-13 16:47:24.376159-0300 0x3e6      Default     0x0                  0      0    kernel: (AppleGraphicsDevicePolicy) AGDP:: validateMode:166 Validating mode FB:0 -> 1920 x 1080, 138500000 Hz
2026-09-13 16:47:24.376162-0300 0x3e6      Default     0x0                  0      0    kernel: (AppleGraphicsDevicePolicy) AGDP:: validateMode:368 response accepted on:0
2026-09-13 16:47:24.376163-0300 0x3e6      Default     0x0                  0      0    kernel: (AppleGraphicsDevicePolicy) AGDP:: VendorEventHandler:781 kAGDCRegisterLinkValidateModeTiming: accepted by policy.
2026-09-13 16:47:24.376410-0300 0x3e6      Default     0x0                  0      0    kernel: (AppleGraphicsDevicePolicy) AGDP:: VendorEventHandler:484 VendorEventHandler [GFX0:AMD]: Port: -1336215936.00000000 Event:ValidateModeTiming [a]
2026-09-13 16:47:24.376416-0300 0x3e6      Default     0x0                  0      0    kernel: (AppleGraphicsDevicePolicy) AGDP:: VendorEventHandler:751 kAGDCRegisterLinkValidateModeTiming: FB:0 -> 1280 x 720, ext_blanking=0, 74250000 Hz
2026-09-13 16:47:24.376420-0300 0x3e6      Default     0x0                  0      0    kernel: (AppleGraphicsDevicePolicy) AGDP:: VendorEventHandler:752 kAGDCRegisterLinkValidateModeTiming-ext: pEnc 0x2, pBPC=0x2, pColometry=0x80, dRange=0x1 dscBPP=0
2026-09-13 16:47:24.376423-0300 0x3e6      Default     0x0                  0      0    kernel: (AppleGraphicsDevicePolicy) AGDP:: validateMode:166 Validating mode FB:0 -> 1280 x 720, 74250000 Hz
2026-09-13 16:47:24.376426-0300 0x3e6      Default     0x0                  0      0    kernel: (AppleGraphicsDevicePolicy) AGDP:: validateMode:368 response accepted on:0
2026-09-13 16:47:24.376428-0300 0x3e6      Default     0x0                  0      0    kernel: (AppleGraphicsDevicePolicy) AGDP:: VendorEventHandler:781 kAGDCRegisterLinkValidateModeTiming: accepted by policy.
2026-09-13 16:47:24.376656-0300 0x3e6      Default     0x0                  0      0    kernel: (AppleGraphicsDevicePolicy) AGDP:: VendorEventHandler:484 VendorEventHandler [GFX0:AMD]: Port: -1336215936.00000000 Event:ValidateModeTiming [a]
2026-09-13 16:47:24.376661-0300 0x3e6      Default     0x0                  0      0    kernel: (AppleGraphicsDevicePolicy) AGDP:: VendorEventHandler:751 kAGDCRegisterLinkValidateModeTiming: FB:0 -> 720 x 480, ext_blanking=0, 27000000 Hz
2026-09-13 16:47:24.376664-0300 0x3e6      Default     0x0                  0      0    kernel: (AppleGraphicsDevicePolicy) AGDP:: VendorEventHandler:752 kAGDCRegisterLinkValidateModeTiming-ext: pEnc 0x2, pBPC=0x2, pColometry=0x80, dRange=0x1 dscBPP=0
2026-09-13 16:47:24.376668-0300 0x3e6      Default     0x0                  0      0    kernel: (AppleGraphicsDevicePolicy) AGDP:: validateMode:166 Validating mode FB:0 -> 720 x 480, 27000000 Hz
2026-09-13 16:47:24.376670-0300 0x3e6      Default     0x0                  0      0    kernel: (AppleGraphicsDevicePolicy) AGDP:: validateMode:368 response accepted on:0
2026-09-13 16:47:24.376672-0300 0x3e6      Default     0x0                  0      0    kernel: (AppleGraphicsDevicePolicy) AGDP:: VendorEventHandler:781 kAGDCRegisterLinkValidateModeTiming: accepted by policy.
2026-09-13 16:47:24.376885-0300 0x3e6      Default     0x0                  0      0    kernel: (AppleGraphicsDevicePolicy) AGDP:: VendorEventHandler:484 VendorEventHandler [GFX0:AMD]: Port: -1336215936.00000000 Event:ValidateModeTiming [a]
2026-09-13 16:47:24.376890-0300 0x3e6      Default     0x0                  0      0    kernel: (AppleGraphicsDevicePolicy) AGDP:: VendorEventHandler:751 kAGDCRegisterLinkValidateModeTiming: FB:0 -> 640 x 480, ext_blanking=0, 25174999 Hz
2026-09-13 16:47:24.376893-0300 0x3e6      Default     0x0                  0      0    kernel: (AppleGraphicsDevicePolicy) AGDP:: VendorEventHandler:752 kAGDCRegisterLinkValidateModeTiming-ext: pEnc 0x2, pBPC=0x2, pColometry=0x80, dRange=0x1 dscBPP=0
2026-09-13 16:47:24.376896-0300 0x3e6      Default     0x0                  0      0    kernel: (AppleGraphicsDevicePolicy) AGDP:: validateMode:166 Validating mode FB:0 -> 640 x 480, 25174999 Hz
2026-09-13 16:47:24.376899-0300 0x3e6      Default     0x0                  0      0    kernel: (AppleGraphicsDevicePolicy) AGDP:: validateMode:368 response accepted on:0
2026-09-13 16:47:24.376901-0300 0x3e6      Default     0x0                  0      0    kernel: (AppleGraphicsDevicePolicy) AGDP:: VendorEventHandler:781 kAGDCRegisterLinkValidateModeTiming: accepted by policy.
2026-09-13 16:47:24.377122-0300 0x3e6      Default     0x0                  0      0    kernel: (AppleGraphicsDevicePolicy) AGDP:: VendorEventHandler:484 VendorEventHandler [GFX0:AMD]: Port: -1336215936.00000000 Event:ValidateModeTiming [a]
2026-09-13 16:47:24.377127-0300 0x3e6      Default     0x0                  0      0    kernel: (AppleGraphicsDevicePolicy) AGDP:: VendorEventHandler:751 kAGDCRegisterLinkValidateModeTiming: FB:0 -> 720 x 576, ext_blanking=0, 27000000 Hz
2026-09-13 16:47:24.377130-0300 0x3e6      Default     0x0                  0      0    kernel: (AppleGraphicsDevicePolicy) AGDP:: VendorEventHandler:752 kAGDCRegisterLinkValidateModeTiming-ext: pEnc 0x2, pBPC=0x2, pColometry=0x80, dRange=0x1 dscBPP=0
2026-09-13 16:47:24.377133-0300 0x3e6      Default     0x0                  0      0    kernel: (AppleGraphicsDevicePolicy) AGDP:: validateMode:166 Validating mode FB:0 -> 720 x 576, 27000000 Hz
2026-09-13 16:47:24.377136-0300 0x3e6      Default     0x0                  0      0    kernel: (AppleGraphicsDevicePolicy) AGDP:: validateMode:368 response accepted on:0
2026-09-13 16:47:24.377138-0300 0x3e6      Default     0x0                  0      0    kernel: (AppleGraphicsDevicePolicy) AGDP:: VendorEventHandler:781 kAGDCRegisterLinkValidateModeTiming: accepted by policy.
2026-09-13 16:47:24.377354-0300 0x3e6      Default     0x0                  0      0    kernel: (AppleGraphicsDevicePolicy) AGDP:: VendorEventHandler:484 VendorEventHandler [GFX0:AMD]: Port: -1336215936.00000000 Event:ValidateModeTiming [a]
2026-09-13 16:47:24.377359-0300 0x3e6      Default     0x0                  0      0    kernel: (AppleGraphicsDevicePolicy) AGDP:: VendorEventHandler:751 kAGDCRegisterLinkValidateModeTiming: FB:0 -> 1280 x 720, ext_blanking=0, 74250000 Hz
2026-09-13 16:47:24.377362-0300 0x3e6      Default     0x0                  0      0    kernel: (AppleGraphicsDevicePolicy) AGDP:: VendorEventHandler:752 kAGDCRegisterLinkValidateModeTiming-ext: pEnc 0x2, pBPC=0x2, pColometry=0x80, dRange=0x1 dscBPP=0
2026-09-13 16:47:24.377365-0300 0x3e6      Default     0x0                  0      0    kernel: (AppleGraphicsDevicePolicy) AGDP:: validateMode:166 Validating mode FB:0 -> 1280 x 720, 74250000 Hz
2026-09-13 16:47:24.377368-0300 0x3e6      Default     0x0                  0      0    kernel: (AppleGraphicsDevicePolicy) AGDP:: validateMode:368 response accepted on:0
2026-09-13 16:47:24.377370-0300 0x3e6      Default     0x0                  0      0    kernel: (AppleGraphicsDevicePolicy) AGDP:: VendorEventHandler:781 kAGDCRegisterLinkValidateModeTiming: accepted by policy.
2026-09-13 16:47:24.377579-0300 0x3e6      Default     0x0                  0      0    kernel: (AppleGraphicsDevicePolicy) AGDP:: VendorEventHandler:484 VendorEventHandler [GFX0:AMD]: Port: -1336215936.00000000 Event:ValidateModeTiming [a]
2026-09-13 16:47:24.377588-0300 0x3e6      Default     0x0                  0      0    kernel: (AppleGraphicsDevicePolicy) AGDP:: VendorEventHandler:751 kAGDCRegisterLinkValidateModeTiming: FB:0 -> 1920 x 1080, ext_blanking=0, 148500000 Hz
2026-09-13 16:47:24.377591-0300 0x3e6      Default     0x0                  0      0    kernel: (AppleGraphicsDevicePolicy) AGDP:: VendorEventHandler:752 kAGDCRegisterLinkValidateModeTiming-ext: pEnc 0x2, pBPC=0x2, pColometry=0x80, dRange=0x1 dscBPP=0
2026-09-13 16:47:24.377594-0300 0x3e6      Default     0x0                  0      0    kernel: (AppleGraphicsDevicePolicy) AGDP:: validateMode:166 Validating mode FB:0 -> 1920 x 1080, 148500000 Hz
2026-09-13 16:47:24.377597-0300 0x3e6      Default     0x0                  0      0    kernel: (AppleGraphicsDevicePolicy) AGDP:: validateMode:368 response accepted on:0
2026-09-13 16:47:24.377598-0300 0x3e6      Default     0x0                  0      0    kernel: (AppleGraphicsDevicePolicy) AGDP:: VendorEventHandler:781 kAGDCRegisterLinkValidateModeTiming: accepted by policy.
2026-09-13 16:47:24.377816-0300 0x3e6      Default     0x0                  0      0    kernel: (AppleGraphicsDevicePolicy) AGDP:: VendorEventHandler:484 VendorEventHandler [GFX0:AMD]: Port: -1336215936.00000000 Event:ValidateModeTiming [a]
2026-09-13 16:47:24.377820-0300 0x3e6      Default     0x0                  0      0    kernel: (AppleGraphicsDevicePolicy) AGDP:: VendorEventHandler:751 kAGDCRegisterLinkValidateModeTiming: FB:0 -> 1920 x 1080, ext_blanking=0, 174500000 Hz
2026-09-13 16:47:24.377824-0300 0x3e6      Default     0x0                  0      0    kernel: (AppleGraphicsDevicePolicy) AGDP:: VendorEventHandler:752 kAGDCRegisterLinkValidateModeTiming-ext: pEnc 0x2, pBPC=0x2, pColometry=0x80, dRange=0x1 dscBPP=0
2026-09-13 16:47:24.377827-0300 0x3e6      Default     0x0                  0      0    kernel: (AppleGraphicsDevicePolicy) AGDP:: validateMode:166 Validating mode FB:0 -> 1920 x 1080, 174500000 Hz
2026-09-13 16:47:24.377830-0300 0x3e6      Default     0x0                  0      0    kernel: (AppleGraphicsDevicePolicy) AGDP:: validateMode:368 response accepted on:0
2026-09-13 16:47:24.377831-0300 0x3e6      Default     0x0                  0      0    kernel: (AppleGraphicsDevicePolicy) AGDP:: VendorEventHandler:781 kAGDCRegisterLinkValidateModeTiming: accepted by policy.
2026-09-13 16:47:24.378047-0300 0x3e6      Default     0x0                  0      0    kernel: (AppleGraphicsDevicePolicy) AGDP:: VendorEventHandler:484 VendorEventHandler [GFX0:AMD]: Port: -1336215936.00000000 Event:ValidateModeTiming [a]
2026-09-13 16:47:24.378052-0300 0x3e6      Default     0x0                  0      0    kernel: (AppleGraphicsDevicePolicy) AGDP:: VendorEventHandler:751 kAGDCRegisterLinkValidateModeTiming: FB:0 -> 1280 x 720, ext_blanking=0, 74250000 Hz
2026-09-13 16:47:24.378055-0300 0x3e6      Default     0x0                  0      0    kernel: (AppleGraphicsDevicePolicy) AGDP:: VendorEventHandler:752 kAGDCRegisterLinkValidateModeTiming-ext: pEnc 0x2, pBPC=0x2, pColometry=0x80, dRange=0x1 dscBPP=0
2026-09-13 16:47:24.378058-0300 0x3e6      Default     0x0                  0      0    kernel: (AppleGraphicsDevicePolicy) AGDP:: validateMode:166 Validating mode FB:0 -> 1280 x 720, 74250000 Hz
2026-09-13 16:47:24.378060-0300 0x3e6      Default     0x0                  0      0    kernel: (AppleGraphicsDevicePolicy) AGDP:: validateMode:368 response accepted on:0
2026-09-13 16:47:24.378062-0300 0x3e6      Default     0x0                  0      0    kernel: (AppleGraphicsDevicePolicy) AGDP:: VendorEventHandler:781 kAGDCRegisterLinkValidateModeTiming: accepted by policy.
2026-09-13 16:47:24.378097-0300 0x3e6      Default     0x0                  0      0    kernel: (AppleGraphicsDevicePolicy) AGDP:: VendorEventHandler:484 VendorEventHandler [GFX0:AMD]: Port: -1336215936.00000000 Event:ValidateModeTiming [a]
2026-09-13 16:47:24.378101-0300 0x3e6      Default     0x0                  0      0    kernel: (AppleGraphicsDevicePolicy) AGDP:: VendorEventHandler:751 kAGDCRegisterLinkValidateModeTiming: FB:0 -> 1280 x 720, ext_blanking=0, 74250000 Hz
2026-09-13 16:47:24.378104-0300 0x3e6      Default     0x0                  0      0    kernel: (AppleGraphicsDevicePolicy) AGDP:: VendorEventHandler:752 kAGDCRegisterLinkValidateModeTiming-ext: pEnc 0x1, pBPC=0x2, pColometry=0x80, dRange=0x1 dscBPP=0
2026-09-13 16:47:24.378107-0300 0x3e6      Default     0x0                  0      0    kernel: (AppleGraphicsDevicePolicy) AGDP:: validateMode:166 Validating mode FB:0 -> 1280 x 720, 74250000 Hz
2026-09-13 16:47:24.378109-0300 0x3e6      Default     0x0                  0      0    kernel: (AppleGraphicsDevicePolicy) AGDP:: validateMode:368 response accepted on:0
2026-09-13 16:47:24.378111-0300 0x3e6      Default     0x0                  0      0    kernel: (AppleGraphicsDevicePolicy) AGDP:: VendorEventHandler:781 kAGDCRegisterLinkValidateModeTiming: accepted by policy.
2026-09-13 16:47:24.378351-0300 0x3e6      Default     0x0                  0      0    kernel: (AppleGraphicsDevicePolicy) AGDP:: VendorEventHandler:484 VendorEventHandler [GFX0:AMD]: Port: -1336215936.00000000 Event:ValidateModeTiming [a]
2026-09-13 16:47:24.378356-0300 0x3e6      Default     0x0                  0      0    kernel: (AppleGraphicsDevicePolicy) AGDP:: VendorEventHandler:751 kAGDCRegisterLinkValidateModeTiming: FB:0 -> 1920 x 1080, ext_blanking=0, 228800000 Hz
2026-09-13 16:47:24.378359-0300 0x3e6      Default     0x0                  0      0    kernel: (AppleGraphicsDevicePolicy) AGDP:: VendorEventHandler:752 kAGDCRegisterLinkValidateModeTiming-ext: pEnc 0x2, pBPC=0x2, pColometry=0x80, dRange=0x1 dscBPP=0
2026-09-13 16:47:24.378362-0300 0x3e6      Default     0x0                  0      0    kernel: (AppleGraphicsDevicePolicy) AGDP:: validateMode:166 Validating mode FB:0 -> 1920 x 1080, 228800000 Hz
2026-09-13 16:47:24.378365-0300 0x3e6      Default     0x0                  0      0    kernel: (AppleGraphicsDevicePolicy) AGDP:: validateMode:368 response accepted on:0
2026-09-13 16:47:24.378367-0300 0x3e6      Default     0x0                  0      0    kernel: (AppleGraphicsDevicePolicy) AGDP:: VendorEventHandler:781 kAGDCRegisterLinkValidateModeTiming: accepted by policy.
2026-09-13 16:47:24.378542-0300 0x3e6      Default     0x0                  0      0    kernel: (AppleGraphicsDevicePolicy) AGDP:: VendorEventHandler:484 VendorEventHandler [GFX0:AMD]: Port: -1336215936.00000000 Event:ValidateModeTiming [a]
2026-09-13 16:47:24.378547-0300 0x3e6      Default     0x0                  0      0    kernel: (AppleGraphicsDevicePolicy) AGDP:: VendorEventHandler:751 kAGDCRegisterLinkValidateModeTiming: FB:0 -> 1920 x 1080, ext_blanking=0, 228800000 Hz
2026-09-13 16:47:24.378550-0300 0x3e6      Default     0x0                  0      0    kernel: (AppleGraphicsDevicePolicy) AGDP:: VendorEventHandler:752 kAGDCRegisterLinkValidateModeTiming-ext: pEnc 0x2, pBPC=0x2, pColometry=0x80, dRange=0x1 dscBPP=0
2026-09-13 16:47:24.378554-0300 0x3e6      Default     0x0                  0      0    kernel: (AppleGraphicsDevicePolicy) AGDP:: validateMode:166 Validating mode FB:0 -> 1920 x 1080, 228800000 Hz
2026-09-13 16:47:24.378556-0300 0x3e6      Default     0x0                  0      0    kernel: (AppleGraphicsDevicePolicy) AGDP:: validateMode:368 response accepted on:0
2026-09-13 16:47:24.378558-0300 0x3e6      Default     0x0                  0      0    kernel: (AppleGraphicsDevicePolicy) AGDP:: VendorEventHandler:781 kAGDCRegisterLinkValidateModeTiming: accepted by policy.
2026-09-13 16:47:24.378730-0300 0x3e6      Default     0x0                  0      0    kernel: (AppleGraphicsDevicePolicy) AGDP:: VendorEventHandler:484 VendorEventHandler [GFX0:AMD]: Port: -1336215936.00000000 Event:ValidateModeTiming [a]
2026-09-13 16:47:24.378735-0300 0x3e6      Default     0x0                  0      0    kernel: (AppleGraphicsDevicePolicy) AGDP:: VendorEventHandler:751 kAGDCRegisterLinkValidateModeTiming: FB:0 -> 1920 x 1080, ext_blanking=0, 228800000 Hz
2026-09-13 16:47:24.378738-0300 0x3e6      Default     0x0                  0      0    kernel: (AppleGraphicsDevicePolicy) AGDP:: VendorEventHandler:752 kAGDCRegisterLinkValidateModeTiming-ext: pEnc 0x2, pBPC=0x2, pColometry=0x80, dRange=0x1 dscBPP=0
2026-09-13 16:47:24.378741-0300 0x3e6      Default     0x0                  0      0    kernel: (AppleGraphicsDevicePolicy) AGDP:: validateMode:166 Validating mode FB:0 -> 1920 x 1080, 228800000 Hz
2026-09-13 16:47:24.378743-0300 0x3e6      Default     0x0                  0      0    kernel: (AppleGraphicsDevicePolicy) AGDP:: validateMode:368 response accepted on:0
2026-09-13 16:47:24.378748-0300 0x3e6      Default     0x0                  0      0    kernel: (AppleGraphicsDevicePolicy) AGDP:: VendorEventHandler:781 kAGDCRegisterLinkValidateModeTiming: accepted by policy.
2026-09-13 16:47:24.378923-0300 0x3e6      Default     0x0                  0      0    kernel: (AppleGraphicsDevicePolicy) AGDP:: VendorEventHandler:484 VendorEventHandler [GFX0:AMD]: Port: -1336215936.00000000 Event:ValidateModeTiming [a]
2026-09-13 16:47:24.378928-0300 0x3e6      Default     0x0                  0      0    kernel: (AppleGraphicsDevicePolicy) AGDP:: VendorEventHandler:751 kAGDCRegisterLinkValidateModeTiming: FB:0 -> 1920 x 1080, ext_blanking=0, 228800000 Hz
2026-09-13 16:47:24.378931-0300 0x3e6      Default     0x0                  0      0    kernel: (AppleGraphicsDevicePolicy) AGDP:: VendorEventHandler:752 kAGDCRegisterLinkValidateModeTiming-ext: pEnc 0x2, pBPC=0x2, pColometry=0x80, dRange=0x1 dscBPP=0
2026-09-13 16:47:24.378934-0300 0x3e6      Default     0x0                  0      0    kernel: (AppleGraphicsDevicePolicy) AGDP:: validateMode:166 Validating mode FB:0 -> 1920 x 1080, 228800000 Hz
2026-09-13 16:47:24.378937-0300 0x3e6      Default     0x0                  0      0    kernel: (AppleGraphicsDevicePolicy) AGDP:: validateMode:368 response accepted on:0
2026-09-13 16:47:24.378938-0300 0x3e6      Default     0x0                  0      0    kernel: (AppleGraphicsDevicePolicy) AGDP:: VendorEventHandler:781 kAGDCRegisterLinkValidateModeTiming: accepted by policy.
2026-09-13 16:47:24.379108-0300 0x3e6      Default     0x0                  0      0    kernel: (AppleGraphicsDevicePolicy) AGDP:: VendorEventHandler:484 VendorEventHandler [GFX0:AMD]: Port: -1336215936.00000000 Event:ValidateModeTiming [a]
2026-09-13 16:47:24.379113-0300 0x3e6      Default     0x0                  0      0    kernel: (AppleGraphicsDevicePolicy) AGDP:: VendorEventHandler:751 kAGDCRegisterLinkValidateModeTiming: FB:0 -> 1920 x 1080, ext_blanking=0, 228800000 Hz
2026-09-13 16:47:24.379116-0300 0x3e6      Default     0x0                  0      0    kernel: (AppleGraphicsDevicePolicy) AGDP:: VendorEventHandler:752 kAGDCRegisterLinkValidateModeTiming-ext: pEnc 0x2, pBPC=0x2, pColometry=0x80, dRange=0x1 dscBPP=0
2026-09-13 16:47:24.379119-0300 0x3e6      Default     0x0                  0      0    kernel: (AppleGraphicsDevicePolicy) AGDP:: validateMode:166 Validating mode FB:0 -> 1920 x 1080, 228800000 Hz
2026-09-13 16:47:24.379121-0300 0x3e6      Default     0x0                  0      0    kernel: (AppleGraphicsDevicePolicy) AGDP:: validateMode:368 response accepted on:0
2026-09-13 16:47:24.379123-0300 0x3e6      Default     0x0                  0      0    kernel: (AppleGraphicsDevicePolicy) AGDP:: VendorEventHandler:781 kAGDCRegisterLinkValidateModeTiming: accepted by policy.
2026-09-13 16:47:24.379315-0300 0x3e6      Default     0x0                  0      0    kernel: (AppleGraphicsDevicePolicy) AGDP:: VendorEventHandler:484 VendorEventHandler [GFX0:AMD]: Port: -1336215936.00000000 Event:ValidateModeTiming [a]
2026-09-13 16:47:24.379320-0300 0x3e6      Default     0x0                  0      0    kernel: (AppleGraphicsDevicePolicy) AGDP:: VendorEventHandler:751 kAGDCRegisterLinkValidateModeTiming: FB:0 -> 1920 x 1080, ext_blanking=0, 228800000 Hz
2026-09-13 16:47:24.379323-0300 0x3e6      Default     0x0                  0      0    kernel: (AppleGraphicsDevicePolicy) AGDP:: VendorEventHandler:752 kAGDCRegisterLinkValidateModeTiming-ext: pEnc 0x2, pBPC=0x2, pColometry=0x80, dRange=0x1 dscBPP=0
2026-09-13 16:47:24.379326-0300 0x3e6      Default     0x0                  0      0    kernel: (AppleGraphicsDevicePolicy) AGDP:: validateMode:166 Validating mode FB:0 -> 1920 x 1080, 228800000 Hz
2026-09-13 16:47:24.379329-0300 0x3e6      Default     0x0                  0      0    kernel: (AppleGraphicsDevicePolicy) AGDP:: validateMode:368 response accepted on:0
2026-09-13 16:47:24.379330-0300 0x3e6      Default     0x0                  0      0    kernel: (AppleGraphicsDevicePolicy) AGDP:: VendorEventHandler:781 kAGDCRegisterLinkValidateModeTiming: accepted by policy.
2026-09-13 16:47:24.379504-0300 0x3e6      Default     0x0                  0      0    kernel: (AppleGraphicsDevicePolicy) AGDP:: VendorEventHandler:484 VendorEventHandler [GFX0:AMD]: Port: -1336215936.00000000 Event:ValidateModeTiming [a]
2026-09-13 16:47:24.379508-0300 0x3e6      Default     0x0                  0      0    kernel: (AppleGraphicsDevicePolicy) AGDP:: VendorEventHandler:751 kAGDCRegisterLinkValidateModeTiming: FB:0 -> 1920 x 1080, ext_blanking=0, 228800000 Hz
2026-09-13 16:47:24.379511-0300 0x3e6      Default     0x0                  0      0    kernel: (AppleGraphicsDevicePolicy) AGDP:: VendorEventHandler:752 kAGDCRegisterLinkValidateModeTiming-ext: pEnc 0x2, pBPC=0x2, pColometry=0x80, dRange=0x1 dscBPP=0
2026-09-13 16:47:24.379514-0300 0x3e6      Default     0x0                  0      0    kernel: (AppleGraphicsDevicePolicy) AGDP:: validateMode:166 Validating mode FB:0 -> 1920 x 1080, 228800000 Hz
2026-09-13 16:47:24.379517-0300 0x3e6      Default     0x0                  0      0    kernel: (AppleGraphicsDevicePolicy) AGDP:: validateMode:368 response accepted on:0
2026-09-13 16:47:24.379519-0300 0x3e6      Default     0x0                  0      0    kernel: (AppleGraphicsDevicePolicy) AGDP:: VendorEventHandler:781 kAGDCRegisterLinkValidateModeTiming: accepted by policy.
2026-09-13 16:47:24.379529-0300 0x3e6      Default     0x0                  0      0    kernel: (AppleGraphicsDevicePolicy) AGDP:: VendorEventHandler:484 VendorEventHandler [GFX0:AMD]: Port: -1336215936.00000000 Event:ValidateModeTiming [a]
2026-09-13 16:47:24.379532-0300 0x3e6      Default     0x0                  0      0    kernel: (AppleGraphicsDevicePolicy) AGDP:: VendorEventHandler:751 kAGDCRegisterLinkValidateModeTiming: FB:0 -> 1920 x 1080, ext_blanking=0, 228800000 Hz
2026-09-13 16:47:24.379535-0300 0x3e6      Default     0x0                  0      0    kernel: (AppleGraphicsDevicePolicy) AGDP:: VendorEventHandler:752 kAGDCRegisterLinkValidateModeTiming-ext: pEnc 0x2, pBPC=0x2, pColometry=0x80, dRange=0x1 dscBPP=0
2026-09-13 16:47:24.379538-0300 0x3e6      Default     0x0                  0      0    kernel: (AppleGraphicsDevicePolicy) AGDP:: validateMode:166 Validating mode FB:0 -> 1920 x 1080, 228800000 Hz
2026-09-13 16:47:24.379541-0300 0x3e6      Default     0x0                  0      0    kernel: (AppleGraphicsDevicePolicy) AGDP:: validateMode:368 response accepted on:0
2026-09-13 16:47:24.379542-0300 0x3e6      Default     0x0                  0      0    kernel: (AppleGraphicsDevicePolicy) AGDP:: VendorEventHandler:781 kAGDCRegisterLinkValidateModeTiming: accepted by policy.
2026-09-13 16:47:24.379728-0300 0x3e6      Default     0x0                  0      0    kernel: (AppleGraphicsDevicePolicy) AGDP:: VendorEventHandler:484 VendorEventHandler [GFX0:AMD]: Port: -1336215936.00000000 Event:ValidateModeTiming [a]
2026-09-13 16:47:24.379733-0300 0x3e6      Default     0x0                  0      0    kernel: (AppleGraphicsDevicePolicy) AGDP:: VendorEventHandler:751 kAGDCRegisterLinkValidateModeTiming: FB:0 -> 1920 x 1080, ext_blanking=0, 228800000 Hz
2026-09-13 16:47:24.379736-0300 0x3e6      Default     0x0                  0      0    kernel: (AppleGraphicsDevicePolicy) AGDP:: VendorEventHandler:752 kAGDCRegisterLinkValidateModeTiming-ext: pEnc 0x2, pBPC=0x2, pColometry=0x80, dRange=0x1 dscBPP=0
2026-09-13 16:47:24.379739-0300 0x3e6      Default     0x0                  0      0    kernel: (AppleGraphicsDevicePolicy) AGDP:: validateMode:166 Validating mode FB:0 -> 1920 x 1080, 228800000 Hz
2026-09-13 16:47:24.379741-0300 0x3e6      Default     0x0                  0      0    kernel: (AppleGraphicsDevicePolicy) AGDP:: validateMode:368 response accepted on:0
2026-09-13 16:47:24.379743-0300 0x3e6      Default     0x0                  0      0    kernel: (AppleGraphicsDevicePolicy) AGDP:: VendorEventHandler:781 kAGDCRegisterLinkValidateModeTiming: accepted by policy.
2026-09-13 16:47:24.379912-0300 0x3e6      Default     0x0                  0      0    kernel: (AppleGraphicsDevicePolicy) AGDP:: VendorEventHandler:484 VendorEventHandler [GFX0:AMD]: Port: -1336215936.00000000 Event:ValidateModeTiming [a]
2026-09-13 16:47:24.379917-0300 0x3e6      Default     0x0                  0      0    kernel: (AppleGraphicsDevicePolicy) AGDP:: VendorEventHandler:751 kAGDCRegisterLinkValidateModeTiming: FB:0 -> 1920 x 1080, ext_blanking=0, 228800000 Hz
2026-09-13 16:47:24.379920-0300 0x3e6      Default     0x0                  0      0    kernel: (AppleGraphicsDevicePolicy) AGDP:: VendorEventHandler:752 kAGDCRegisterLinkValidateModeTiming-ext: pEnc 0x2, pBPC=0x2, pColometry=0x80, dRange=0x1 dscBPP=0
2026-09-13 16:47:24.379923-0300 0x3e6      Default     0x0                  0      0    kernel: (AppleGraphicsDevicePolicy) AGDP:: validateMode:166 Validating mode FB:0 -> 1920 x 1080, 228800000 Hz
2026-09-13 16:47:24.379929-0300 0x3e6      Default     0x0                  0      0    kernel: (AppleGraphicsDevicePolicy) AGDP:: validateMode:368 response accepted on:0
2026-09-13 16:47:24.379931-0300 0x3e6      Default     0x0                  0      0    kernel: (AppleGraphicsDevicePolicy) AGDP:: VendorEventHandler:781 kAGDCRegisterLinkValidateModeTiming: accepted by policy.
2026-09-13 16:47:24.380112-0300 0x3e6      Default     0x0                  0      0    kernel: (AppleGraphicsDevicePolicy) AGDP:: VendorEventHandler:484 VendorEventHandler [GFX0:AMD]: Port: -1336215936.00000000 Event:ValidateModeTiming [a]
2026-09-13 16:47:24.380117-0300 0x3e6      Default     0x0                  0      0    kernel: (AppleGraphicsDevicePolicy) AGDP:: VendorEventHandler:751 kAGDCRegisterLinkValidateModeTiming: FB:0 -> 1920 x 1080, ext_blanking=0, 228800000 Hz
2026-09-13 16:47:24.380120-0300 0x3e6      Default     0x0                  0      0    kernel: (AppleGraphicsDevicePolicy) AGDP:: VendorEventHandler:752 kAGDCRegisterLinkValidateModeTiming-ext: pEnc 0x2, pBPC=0x2, pColometry=0x80, dRange=0x1 dscBPP=0
2026-09-13 16:47:24.380123-0300 0x3e6      Default     0x0                  0      0    kernel: (AppleGraphicsDevicePolicy) AGDP:: validateMode:166 Validating mode FB:0 -> 1920 x 1080, 228800000 Hz
2026-09-13 16:47:24.380126-0300 0x3e6      Default     0x0                  0      0    kernel: (AppleGraphicsDevicePolicy) AGDP:: validateMode:368 response accepted on:0
2026-09-13 16:47:24.380127-0300 0x3e6      Default     0x0                  0      0    kernel: (AppleGraphicsDevicePolicy) AGDP:: VendorEventHandler:781 kAGDCRegisterLinkValidateModeTiming: accepted by policy.
2026-09-13 16:47:24.380300-0300 0x3e6      Default     0x0                  0      0    kernel: (AppleGraphicsDevicePolicy) AGDP:: VendorEventHandler:484 VendorEventHandler [GFX0:AMD]: Port: -1336215936.00000000 Event:ValidateModeTiming [a]
2026-09-13 16:47:24.380305-0300 0x3e6      Default     0x0                  0      0    kernel: (AppleGraphicsDevicePolicy) AGDP:: VendorEventHandler:751 kAGDCRegisterLinkValidateModeTiming: FB:0 -> 1920 x 1080, ext_blanking=0, 228800000 Hz
2026-09-13 16:47:24.380308-0300 0x3e6      Default     0x0                  0      0    kernel: (AppleGraphicsDevicePolicy) AGDP:: VendorEventHandler:752 kAGDCRegisterLinkValidateModeTiming-ext: pEnc 0x2, pBPC=0x2, pColometry=0x80, dRange=0x1 dscBPP=0
2026-09-13 16:47:24.380311-0300 0x3e6      Default     0x0                  0      0    kernel: (AppleGraphicsDevicePolicy) AGDP:: validateMode:166 Validating mode FB:0 -> 1920 x 1080, 228800000 Hz
2026-09-13 16:47:24.380313-0300 0x3e6      Default     0x0                  0      0    kernel: (AppleGraphicsDevicePolicy) AGDP:: validateMode:368 response accepted on:0
2026-09-13 16:47:24.380315-0300 0x3e6      Default     0x0                  0      0    kernel: (AppleGraphicsDevicePolicy) AGDP:: VendorEventHandler:781 kAGDCRegisterLinkValidateModeTiming: accepted by policy.
2026-09-13 16:47:24.380508-0300 0x3e6      Default     0x0                  0      0    kernel: (AppleGraphicsDevicePolicy) AGDP:: VendorEventHandler:484 VendorEventHandler [GFX0:AMD]: Port: -1336215936.00000000 Event:ValidateModeTiming [a]
2026-09-13 16:47:24.380513-0300 0x3e6      Default     0x0                  0      0    kernel: (AppleGraphicsDevicePolicy) AGDP:: VendorEventHandler:751 kAGDCRegisterLinkValidateModeTiming: FB:0 -> 1920 x 1080, ext_blanking=0, 228800000 Hz
2026-09-13 16:47:24.380516-0300 0x3e6      Default     0x0                  0      0    kernel: (AppleGraphicsDevicePolicy) AGDP:: VendorEventHandler:752 kAGDCRegisterLinkValidateModeTiming-ext: pEnc 0x2, pBPC=0x2, pColometry=0x80, dRange=0x1 dscBPP=0
2026-09-13 16:47:24.380519-0300 0x3e6      Default     0x0                  0      0    kernel: (AppleGraphicsDevicePolicy) AGDP:: validateMode:166 Validating mode FB:0 -> 1920 x 1080, 228800000 Hz
2026-09-13 16:47:24.380522-0300 0x3e6      Default     0x0                  0      0    kernel: (AppleGraphicsDevicePolicy) AGDP:: validateMode:368 response accepted on:0
2026-09-13 16:47:24.380523-0300 0x3e6      Default     0x0                  0      0    kernel: (AppleGraphicsDevicePolicy) AGDP:: VendorEventHandler:781 kAGDCRegisterLinkValidateModeTiming: accepted by policy.
2026-09-13 16:47:24.380701-0300 0x3e6      Default     0x0                  0      0    kernel: (AppleGraphicsDevicePolicy) AGDP:: VendorEventHandler:484 VendorEventHandler [GFX0:AMD]: Port: -1336215936.00000000 Event:ValidateModeTiming [a]
2026-09-13 16:47:24.380706-0300 0x3e6      Default     0x0                  0      0    kernel: (AppleGraphicsDevicePolicy) AGDP:: VendorEventHandler:751 kAGDCRegisterLinkValidateModeTiming: FB:0 -> 1920 x 1080, ext_blanking=0, 228800000 Hz
2026-09-13 16:47:24.380709-0300 0x3e6      Default     0x0                  0      0    kernel: (AppleGraphicsDevicePolicy) AGDP:: VendorEventHandler:752 kAGDCRegisterLinkValidateModeTiming-ext: pEnc 0x2, pBPC=0x2, pColometry=0x80, dRange=0x1 dscBPP=0
2026-09-13 16:47:24.380712-0300 0x3e6      Default     0x0                  0      0    kernel: (AppleGraphicsDevicePolicy) AGDP:: validateMode:166 Validating mode FB:0 -> 1920 x 1080, 228800000 Hz
2026-09-13 16:47:24.380715-0300 0x3e6      Default     0x0                  0      0    kernel: (AppleGraphicsDevicePolicy) AGDP:: validateMode:368 response accepted on:0
2026-09-13 16:47:24.380716-0300 0x3e6      Default     0x0                  0      0    kernel: (AppleGraphicsDevicePolicy) AGDP:: VendorEventHandler:781 kAGDCRegisterLinkValidateModeTiming: accepted by policy.
2026-09-13 16:47:24.380886-0300 0x3e6      Default     0x0                  0      0    kernel: (AppleGraphicsDevicePolicy) AGDP:: VendorEventHandler:484 VendorEventHandler [GFX0:AMD]: Port: -1336215936.00000000 Event:ValidateModeTiming [a]
2026-09-13 16:47:24.380891-0300 0x3e6      Default     0x0                  0      0    kernel: (AppleGraphicsDevicePolicy) AGDP:: VendorEventHandler:751 kAGDCRegisterLinkValidateModeTiming: FB:0 -> 1920 x 1080, ext_blanking=0, 228800000 Hz
2026-09-13 16:47:24.380894-0300 0x3e6      Default     0x0                  0      0    kernel: (AppleGraphicsDevicePolicy) AGDP:: VendorEventHandler:752 kAGDCRegisterLinkValidateModeTiming-ext: pEnc 0x2, pBPC=0x2, pColometry=0x80, dRange=0x1 dscBPP=0
2026-09-13 16:47:24.380897-0300 0x3e6      Default     0x0                  0      0    kernel: (AppleGraphicsDevicePolicy) AGDP:: validateMode:166 Validating mode FB:0 -> 1920 x 1080, 228800000 Hz
2026-09-13 16:47:24.380899-0300 0x3e6      Default     0x0                  0      0    kernel: (AppleGraphicsDevicePolicy) AGDP:: validateMode:368 response accepted on:0
2026-09-13 16:47:24.380901-0300 0x3e6      Default     0x0                  0      0    kernel: (AppleGraphicsDevicePolicy) AGDP:: VendorEventHandler:781 kAGDCRegisterLinkValidateModeTiming: accepted by policy.
2026-09-13 16:47:24.381078-0300 0x3e6      Default     0x0                  0      0    kernel: (AppleGraphicsDevicePolicy) AGDP:: VendorEventHandler:484 VendorEventHandler [GFX0:AMD]: Port: -1336215936.00000000 Event:ValidateModeTiming [a]
2026-09-13 16:47:24.381082-0300 0x3e6      Default     0x0                  0      0    kernel: (AppleGraphicsDevicePolicy) AGDP:: VendorEventHandler:751 kAGDCRegisterLinkValidateModeTiming: FB:0 -> 1920 x 1080, ext_blanking=0, 228800000 Hz
2026-09-13 16:47:24.381086-0300 0x3e6      Default     0x0                  0      0    kernel: (AppleGraphicsDevicePolicy) AGDP:: VendorEventHandler:752 kAGDCRegisterLinkValidateModeTiming-ext: pEnc 0x2, pBPC=0x2, pColometry=0x80, dRange=0x1 dscBPP=0
2026-09-13 16:47:24.381089-0300 0x3e6      Default     0x0                  0      0    kernel: (AppleGraphicsDevicePolicy) AGDP:: validateMode:166 Validating mode FB:0 -> 1920 x 1080, 228800000 Hz
2026-09-13 16:47:24.381091-0300 0x3e6      Default     0x0                  0      0    kernel: (AppleGraphicsDevicePolicy) AGDP:: validateMode:368 response accepted on:0
2026-09-13 16:47:24.381093-0300 0x3e6      Default     0x0                  0      0    kernel: (AppleGraphicsDevicePolicy) AGDP:: VendorEventHandler:781 kAGDCRegisterLinkValidateModeTiming: accepted by policy.
2026-09-13 16:47:24.381280-0300 0x3e6      Default     0x0                  0      0    kernel: (AppleGraphicsDevicePolicy) AGDP:: VendorEventHandler:484 VendorEventHandler [GFX0:AMD]: Port: -1336215936.00000000 Event:ValidateModeTiming [a]
2026-09-13 16:47:24.381285-0300 0x3e6      Default     0x0                  0      0    kernel: (AppleGraphicsDevicePolicy) AGDP:: VendorEventHandler:751 kAGDCRegisterLinkValidateModeTiming: FB:0 -> 1920 x 1080, ext_blanking=0, 138500000 Hz
2026-09-13 16:47:24.381288-0300 0x3e6      Default     0x0                  0      0    kernel: (AppleGraphicsDevicePolicy) AGDP:: VendorEventHandler:752 kAGDCRegisterLinkValidateModeTiming-ext: pEnc 0x2, pBPC=0x2, pColometry=0x80, dRange=0x1 dscBPP=0
2026-09-13 16:47:24.381294-0300 0x3e6      Default     0x0                  0      0    kernel: (AppleGraphicsDevicePolicy) AGDP:: validateMode:166 Validating mode FB:0 -> 1920 x 1080, 138500000 Hz
2026-09-13 16:47:24.381297-0300 0x3e6      Default     0x0                  0      0    kernel: (AppleGraphicsDevicePolicy) AGDP:: validateMode:368 response accepted on:0
2026-09-13 16:47:24.381299-0300 0x3e6      Default     0x0                  0      0    kernel: (AppleGraphicsDevicePolicy) AGDP:: VendorEventHandler:781 kAGDCRegisterLinkValidateModeTiming: accepted by policy.
2026-09-13 16:47:24.381717-0300 0x3e6      Default     0x0                  0      0    kernel: (AppleGraphicsDevicePolicy) AGDP:: VendorEventHandler:484 VendorEventHandler [GFX0:AMD]: Port: -1336215936.00000000 Event:ValidateModeTiming [a]
2026-09-13 16:47:24.381724-0300 0x3e6      Default     0x0                  0      0    kernel: (AppleGraphicsDevicePolicy) AGDP:: VendorEventHandler:751 kAGDCRegisterLinkValidateModeTiming: FB:0 -> 1920 x 1080, ext_blanking=0, 138500000 Hz
2026-09-13 16:47:24.381728-0300 0x3e6      Default     0x0                  0      0    kernel: (AppleGraphicsDevicePolicy) AGDP:: VendorEventHandler:752 kAGDCRegisterLinkValidateModeTiming-ext: pEnc 0x2, pBPC=0x2, pColometry=0x80, dRange=0x1 dscBPP=0
2026-09-13 16:47:24.381731-0300 0x3e6      Default     0x0                  0      0    kernel: (AppleGraphicsDevicePolicy) AGDP:: validateMode:166 Validating mode FB:0 -> 1920 x 1080, 138500000 Hz
2026-09-13 16:47:24.381734-0300 0x3e6      Default     0x0                  0      0    kernel: (AppleGraphicsDevicePolicy) AGDP:: validateMode:368 response accepted on:0
2026-09-13 16:47:24.381736-0300 0x3e6      Default     0x0                  0      0    kernel: (AppleGraphicsDevicePolicy) AGDP:: VendorEventHandler:781 kAGDCRegisterLinkValidateModeTiming: accepted by policy.
2026-09-13 16:47:24.381923-0300 0x3e6      Default     0x0                  0      0    kernel: (AppleGraphicsDevicePolicy) AGDP:: VendorEventHandler:484 VendorEventHandler [GFX0:AMD]: Port: -1336215936.00000000 Event:ValidateModeTiming [a]
2026-09-13 16:47:24.381928-0300 0x3e6      Default     0x0                  0      0    kernel: (AppleGraphicsDevicePolicy) AGDP:: VendorEventHandler:751 kAGDCRegisterLinkValidateModeTiming: FB:0 -> 1920 x 1080, ext_blanking=0, 138500000 Hz
2026-09-13 16:47:24.381931-0300 0x3e6      Default     0x0                  0      0    kernel: (AppleGraphicsDevicePolicy) AGDP:: VendorEventHandler:752 kAGDCRegisterLinkValidateModeTiming-ext: pEnc 0x2, pBPC=0x2, pColometry=0x80, dRange=0x1 dscBPP=0
2026-09-13 16:47:24.381934-0300 0x3e6      Default     0x0                  0      0    kernel: (AppleGraphicsDevicePolicy) AGDP:: validateMode:166 Validating mode FB:0 -> 1920 x 1080, 138500000 Hz
2026-09-13 16:47:24.381937-0300 0x3e6      Default     0x0                  0      0    kernel: (AppleGraphicsDevicePolicy) AGDP:: validateMode:368 response accepted on:0
2026-09-13 16:47:24.381939-0300 0x3e6      Default     0x0                  0      0    kernel: (AppleGraphicsDevicePolicy) AGDP:: VendorEventHandler:781 kAGDCRegisterLinkValidateModeTiming: accepted by policy.
2026-09-13 16:47:24.382140-0300 0x3e6      Default     0x0                  0      0    kernel: (AppleGraphicsDevicePolicy) AGDP:: VendorEventHandler:484 VendorEventHandler [GFX0:AMD]: Port: -1336215936.00000000 Event:ValidateModeTiming [a]
2026-09-13 16:47:24.382145-0300 0x3e6      Default     0x0                  0      0    kernel: (AppleGraphicsDevicePolicy) AGDP:: VendorEventHandler:751 kAGDCRegisterLinkValidateModeTiming: FB:0 -> 1920 x 1080, ext_blanking=0, 138500000 Hz
2026-09-13 16:47:24.382148-0300 0x3e6      Default     0x0                  0      0    kernel: (AppleGraphicsDevicePolicy) AGDP:: VendorEventHandler:752 kAGDCRegisterLinkValidateModeTiming-ext: pEnc 0x2, pBPC=0x2, pColometry=0x80, dRange=0x1 dscBPP=0
2026-09-13 16:47:24.382152-0300 0x3e6      Default     0x0                  0      0    kernel: (AppleGraphicsDevicePolicy) AGDP:: validateMode:166 Validating mode FB:0 -> 1920 x 1080, 138500000 Hz
2026-09-13 16:47:24.382154-0300 0x3e6      Default     0x0                  0      0    kernel: (AppleGraphicsDevicePolicy) AGDP:: validateMode:368 response accepted on:0
2026-09-13 16:47:24.382156-0300 0x3e6      Default     0x0                  0      0    kernel: (AppleGraphicsDevicePolicy) AGDP:: VendorEventHandler:781 kAGDCRegisterLinkValidateModeTiming: accepted by policy.
2026-09-13 16:47:24.382339-0300 0x3e6      Default     0x0                  0      0    kernel: (AppleGraphicsDevicePolicy) AGDP:: VendorEventHandler:484 VendorEventHandler [GFX0:AMD]: Port: -1336215936.00000000 Event:ValidateModeTiming [a]
2026-09-13 16:47:24.382343-0300 0x3e6      Default     0x0                  0      0    kernel: (AppleGraphicsDevicePolicy) AGDP:: VendorEventHandler:751 kAGDCRegisterLinkValidateModeTiming: FB:0 -> 1920 x 1080, ext_blanking=0, 138500000 Hz
2026-09-13 16:47:24.382346-0300 0x3e6      Default     0x0                  0      0    kernel: (AppleGraphicsDevicePolicy) AGDP:: VendorEventHandler:752 kAGDCRegisterLinkValidateModeTiming-ext: pEnc 0x2, pBPC=0x2, pColometry=0x80, dRange=0x1 dscBPP=0
2026-09-13 16:47:24.382350-0300 0x3e6      Default     0x0                  0      0    kernel: (AppleGraphicsDevicePolicy) AGDP:: validateMode:166 Validating mode FB:0 -> 1920 x 1080, 138500000 Hz
2026-09-13 16:47:24.382352-0300 0x3e6      Default     0x0                  0      0    kernel: (AppleGraphicsDevicePolicy) AGDP:: validateMode:368 response accepted on:0
2026-09-13 16:47:24.382354-0300 0x3e6      Default     0x0                  0      0    kernel: (AppleGraphicsDevicePolicy) AGDP:: VendorEventHandler:781 kAGDCRegisterLinkValidateModeTiming: accepted by policy.
2026-09-13 16:47:24.382541-0300 0x3e6      Default     0x0                  0      0    kernel: (AppleGraphicsDevicePolicy) AGDP:: VendorEventHandler:484 VendorEventHandler [GFX0:AMD]: Port: -1336215936.00000000 Event:ValidateModeTiming [a]
2026-09-13 16:47:24.382546-0300 0x3e6      Default     0x0                  0      0    kernel: (AppleGraphicsDevicePolicy) AGDP:: VendorEventHandler:751 kAGDCRegisterLinkValidateModeTiming: FB:0 -> 1920 x 1080, ext_blanking=0, 138500000 Hz
2026-09-13 16:47:24.382549-0300 0x3e6      Default     0x0                  0      0    kernel: (AppleGraphicsDevicePolicy) AGDP:: VendorEventHandler:752 kAGDCRegisterLinkValidateModeTiming-ext: pEnc 0x2, pBPC=0x2, pColometry=0x80, dRange=0x1 dscBPP=0
2026-09-13 16:47:24.382552-0300 0x3e6      Default     0x0                  0      0    kernel: (AppleGraphicsDevicePolicy) AGDP:: validateMode:166 Validating mode FB:0 -> 1920 x 1080, 138500000 Hz
2026-09-13 16:47:24.382554-0300 0x3e6      Default     0x0                  0      0    kernel: (AppleGraphicsDevicePolicy) AGDP:: validateMode:368 response accepted on:0
2026-09-13 16:47:24.382556-0300 0x3e6      Default     0x0                  0      0    kernel: (AppleGraphicsDevicePolicy) AGDP:: VendorEventHandler:781 kAGDCRegisterLinkValidateModeTiming: accepted by policy.
2026-09-13 16:47:24.382741-0300 0x3e6      Default     0x0                  0      0    kernel: (AppleGraphicsDevicePolicy) AGDP:: VendorEventHandler:484 VendorEventHandler [GFX0:AMD]: Port: -1336215936.00000000 Event:ValidateModeTiming [a]
2026-09-13 16:47:24.382746-0300 0x3e6      Default     0x0                  0      0    kernel: (AppleGraphicsDevicePolicy) AGDP:: VendorEventHandler:751 kAGDCRegisterLinkValidateModeTiming: FB:0 -> 1920 x 1080, ext_blanking=0, 138500000 Hz
2026-09-13 16:47:24.382749-0300 0x3e6      Default     0x0                  0      0    kernel: (AppleGraphicsDevicePolicy) AGDP:: VendorEventHandler:752 kAGDCRegisterLinkValidateModeTiming-ext: pEnc 0x2, pBPC=0x2, pColometry=0x80, dRange=0x1 dscBPP=0
2026-09-13 16:47:24.382752-0300 0x3e6      Default     0x0                  0      0    kernel: (AppleGraphicsDevicePolicy) AGDP:: validateMode:166 Validating mode FB:0 -> 1920 x 1080, 138500000 Hz
2026-09-13 16:47:24.382754-0300 0x3e6      Default     0x0                  0      0    kernel: (AppleGraphicsDevicePolicy) AGDP:: validateMode:368 response accepted on:0
2026-09-13 16:47:24.382756-0300 0x3e6      Default     0x0                  0      0    kernel: (AppleGraphicsDevicePolicy) AGDP:: VendorEventHandler:781 kAGDCRegisterLinkValidateModeTiming: accepted by policy.
2026-09-13 16:47:24.382767-0300 0x3e6      Default     0x0                  0      0    kernel: (AppleGraphicsDevicePolicy) AGDP:: VendorEventHandler:484 VendorEventHandler [GFX0:AMD]: Port: -1336215936.00000000 Event:ValidateModeTiming [a]
2026-09-13 16:47:24.382770-0300 0x3e6      Default     0x0                  0      0    kernel: (AppleGraphicsDevicePolicy) AGDP:: VendorEventHandler:751 kAGDCRegisterLinkValidateModeTiming: FB:0 -> 1920 x 1080, ext_blanking=0, 138500000 Hz
2026-09-13 16:47:24.382777-0300 0x3e6      Default     0x0                  0      0    kernel: (AppleGraphicsDevicePolicy) AGDP:: VendorEventHandler:752 kAGDCRegisterLinkValidateModeTiming-ext: pEnc 0x2, pBPC=0x2, pColometry=0x80, dRange=0x1 dscBPP=0
2026-09-13 16:47:24.382781-0300 0x3e6      Default     0x0                  0      0    kernel: (AppleGraphicsDevicePolicy) AGDP:: validateMode:166 Validating mode FB:0 -> 1920 x 1080, 138500000 Hz
2026-09-13 16:47:24.382784-0300 0x3e6      Default     0x0                  0      0    kernel: (AppleGraphicsDevicePolicy) AGDP:: validateMode:368 response accepted on:0
2026-09-13 16:47:24.382785-0300 0x3e6      Default     0x0                  0      0    kernel: (AppleGraphicsDevicePolicy) AGDP:: VendorEventHandler:781 kAGDCRegisterLinkValidateModeTiming: accepted by policy.
2026-09-13 16:47:24.383011-0300 0x3e6      Default     0x0                  0      0    kernel: (AppleGraphicsDevicePolicy) AGDP:: VendorEventHandler:484 VendorEventHandler [GFX0:AMD]: Port: -1336215936.00000000 Event:ValidateModeTiming [a]
2026-09-13 16:47:24.383015-0300 0x3e6      Default     0x0                  0      0    kernel: (AppleGraphicsDevicePolicy) AGDP:: VendorEventHandler:751 kAGDCRegisterLinkValidateModeTiming: FB:0 -> 1920 x 1080, ext_blanking=0, 138500000 Hz
2026-09-13 16:47:24.383019-0300 0x3e6      Default     0x0                  0      0    kernel: (AppleGraphicsDevicePolicy) AGDP:: VendorEventHandler:752 kAGDCRegisterLinkValidateModeTiming-ext: pEnc 0x2, pBPC=0x2, pColometry=0x80, dRange=0x1 dscBPP=0
2026-09-13 16:47:24.383022-0300 0x3e6      Default     0x0                  0      0    kernel: (AppleGraphicsDevicePolicy) AGDP:: validateMode:166 Validating mode FB:0 -> 1920 x 1080, 138500000 Hz
2026-09-13 16:47:24.383024-0300 0x3e6      Default     0x0                  0      0    kernel: (AppleGraphicsDevicePolicy) AGDP:: validateMode:368 response accepted on:0
2026-09-13 16:47:24.383026-0300 0x3e6      Default     0x0                  0      0    kernel: (AppleGraphicsDevicePolicy) AGDP:: VendorEventHandler:781 kAGDCRegisterLinkValidateModeTiming: accepted by policy.
2026-09-13 16:47:24.383233-0300 0x3e6      Default     0x0                  0      0    kernel: (AppleGraphicsDevicePolicy) AGDP:: VendorEventHandler:484 VendorEventHandler [GFX0:AMD]: Port: -1336215936.00000000 Event:ValidateModeTiming [a]
2026-09-13 16:47:24.383237-0300 0x3e6      Default     0x0                  0      0    kernel: (AppleGraphicsDevicePolicy) AGDP:: VendorEventHandler:751 kAGDCRegisterLinkValidateModeTiming: FB:0 -> 1920 x 1080, ext_blanking=0, 138500000 Hz
2026-09-13 16:47:24.383241-0300 0x3e6      Default     0x0                  0      0    kernel: (AppleGraphicsDevicePolicy) AGDP:: VendorEventHandler:752 kAGDCRegisterLinkValidateModeTiming-ext: pEnc 0x2, pBPC=0x2, pColometry=0x80, dRange=0x1 dscBPP=0
2026-09-13 16:47:24.383244-0300 0x3e6      Default     0x0                  0      0    kernel: (AppleGraphicsDevicePolicy) AGDP:: validateMode:166 Validating mode FB:0 -> 1920 x 1080, 138500000 Hz
2026-09-13 16:47:24.383246-0300 0x3e6      Default     0x0                  0      0    kernel: (AppleGraphicsDevicePolicy) AGDP:: validateMode:368 response accepted on:0
2026-09-13 16:47:24.383248-0300 0x3e6      Default     0x0                  0      0    kernel: (AppleGraphicsDevicePolicy) AGDP:: VendorEventHandler:781 kAGDCRegisterLinkValidateModeTiming: accepted by policy.
2026-09-13 16:47:24.383435-0300 0x3e6      Default     0x0                  0      0    kernel: (AppleGraphicsDevicePolicy) AGDP:: VendorEventHandler:484 VendorEventHandler [GFX0:AMD]: Port: -1336215936.00000000 Event:ValidateModeTiming [a]
2026-09-13 16:47:24.383440-0300 0x3e6      Default     0x0                  0      0    kernel: (AppleGraphicsDevicePolicy) AGDP:: VendorEventHandler:751 kAGDCRegisterLinkValidateModeTiming: FB:0 -> 1920 x 1080, ext_blanking=0, 138500000 Hz
2026-09-13 16:47:24.383443-0300 0x3e6      Default     0x0                  0      0    kernel: (AppleGraphicsDevicePolicy) AGDP:: VendorEventHandler:752 kAGDCRegisterLinkValidateModeTiming-ext: pEnc 0x2, pBPC=0x2, pColometry=0x80, dRange=0x1 dscBPP=0
2026-09-13 16:47:24.383446-0300 0x3e6      Default     0x0                  0      0    kernel: (AppleGraphicsDevicePolicy) AGDP:: validateMode:166 Validating mode FB:0 -> 1920 x 1080, 138500000 Hz
2026-09-13 16:47:24.383449-0300 0x3e6      Default     0x0                  0      0    kernel: (AppleGraphicsDevicePolicy) AGDP:: validateMode:368 response accepted on:0
2026-09-13 16:47:24.383450-0300 0x3e6      Default     0x0                  0      0    kernel: (AppleGraphicsDevicePolicy) AGDP:: VendorEventHandler:781 kAGDCRegisterLinkValidateModeTiming: accepted by policy.
2026-09-13 16:47:24.383654-0300 0x3e6      Default     0x0                  0      0    kernel: (AppleGraphicsDevicePolicy) AGDP:: VendorEventHandler:484 VendorEventHandler [GFX0:AMD]: Port: -1336215936.00000000 Event:ValidateModeTiming [a]
2026-09-13 16:47:24.383658-0300 0x3e6      Default     0x0                  0      0    kernel: (AppleGraphicsDevicePolicy) AGDP:: VendorEventHandler:751 kAGDCRegisterLinkValidateModeTiming: FB:0 -> 1920 x 1080, ext_blanking=0, 138500000 Hz
2026-09-13 16:47:24.383662-0300 0x3e6      Default     0x0                  0      0    kernel: (AppleGraphicsDevicePolicy) AGDP:: VendorEventHandler:752 kAGDCRegisterLinkValidateModeTiming-ext: pEnc 0x2, pBPC=0x2, pColometry=0x80, dRange=0x1 dscBPP=0
2026-09-13 16:47:24.383665-0300 0x3e6      Default     0x0                  0      0    kernel: (AppleGraphicsDevicePolicy) AGDP:: validateMode:166 Validating mode FB:0 -> 1920 x 1080, 138500000 Hz
2026-09-13 16:47:24.383667-0300 0x3e6      Default     0x0                  0      0    kernel: (AppleGraphicsDevicePolicy) AGDP:: validateMode:368 response accepted on:0
2026-09-13 16:47:24.383669-0300 0x3e6      Default     0x0                  0      0    kernel: (AppleGraphicsDevicePolicy) AGDP:: VendorEventHandler:781 kAGDCRegisterLinkValidateModeTiming: accepted by policy.
2026-09-13 16:47:24.383867-0300 0x3e6      Default     0x0                  0      0    kernel: (AppleGraphicsDevicePolicy) AGDP:: VendorEventHandler:484 VendorEventHandler [GFX0:AMD]: Port: -1336215936.00000000 Event:ValidateModeTiming [a]
2026-09-13 16:47:24.383872-0300 0x3e6      Default     0x0                  0      0    kernel: (AppleGraphicsDevicePolicy) AGDP:: VendorEventHandler:751 kAGDCRegisterLinkValidateModeTiming: FB:0 -> 1920 x 1080, ext_blanking=0, 138500000 Hz
2026-09-13 16:47:24.383875-0300 0x3e6      Default     0x0                  0      0    kernel: (AppleGraphicsDevicePolicy) AGDP:: VendorEventHandler:752 kAGDCRegisterLinkValidateModeTiming-ext: pEnc 0x2, pBPC=0x2, pColometry=0x80, dRange=0x1 dscBPP=0
2026-09-13 16:47:24.383878-0300 0x3e6      Default     0x0                  0      0    kernel: (AppleGraphicsDevicePolicy) AGDP:: validateMode:166 Validating mode FB:0 -> 1920 x 1080, 138500000 Hz
2026-09-13 16:47:24.383880-0300 0x3e6      Default     0x0                  0      0    kernel: (AppleGraphicsDevicePolicy) AGDP:: validateMode:368 response accepted on:0
2026-09-13 16:47:24.383882-0300 0x3e6      Default     0x0                  0      0    kernel: (AppleGraphicsDevicePolicy) AGDP:: VendorEventHandler:781 kAGDCRegisterLinkValidateModeTiming: accepted by policy.
2026-09-13 16:47:24.384071-0300 0x3e6      Default     0x0                  0      0    kernel: (AppleGraphicsDevicePolicy) AGDP:: VendorEventHandler:484 VendorEventHandler [GFX0:AMD]: Port: -1336215936.00000000 Event:ValidateModeTiming [a]
2026-09-13 16:47:24.384075-0300 0x3e6      Default     0x0                  0      0    kernel: (AppleGraphicsDevicePolicy) AGDP:: VendorEventHandler:751 kAGDCRegisterLinkValidateModeTiming: FB:0 -> 1920 x 1080, ext_blanking=0, 138500000 Hz
2026-09-13 16:47:24.384078-0300 0x3e6      Default     0x0                  0      0    kernel: (AppleGraphicsDevicePolicy) AGDP:: VendorEventHandler:752 kAGDCRegisterLinkValidateModeTiming-ext: pEnc 0x2, pBPC=0x2, pColometry=0x80, dRange=0x1 dscBPP=0
2026-09-13 16:47:24.384081-0300 0x3e6      Default     0x0                  0      0    kernel: (AppleGraphicsDevicePolicy) AGDP:: validateMode:166 Validating mode FB:0 -> 1920 x 1080, 138500000 Hz
2026-09-13 16:47:24.384084-0300 0x3e6      Default     0x0                  0      0    kernel: (AppleGraphicsDevicePolicy) AGDP:: validateMode:368 response accepted on:0
2026-09-13 16:47:24.384086-0300 0x3e6      Default     0x0                  0      0    kernel: (AppleGraphicsDevicePolicy) AGDP:: VendorEventHandler:781 kAGDCRegisterLinkValidateModeTiming: accepted by policy.
2026-09-13 16:47:24.384265-0300 0x3e6      Default     0x0                  0      0    kernel: (AppleGraphicsDevicePolicy) AGDP:: VendorEventHandler:484 VendorEventHandler [GFX0:AMD]: Port: -1336215936.00000000 Event:ValidateModeTiming [a]
2026-09-13 16:47:24.384269-0300 0x3e6      Default     0x0                  0      0    kernel: (AppleGraphicsDevicePolicy) AGDP:: VendorEventHandler:751 kAGDCRegisterLinkValidateModeTiming: FB:0 -> 1920 x 1080, ext_blanking=0, 138500000 Hz
2026-09-13 16:47:24.384276-0300 0x3e6      Default     0x0                  0      0    kernel: (AppleGraphicsDevicePolicy) AGDP:: VendorEventHandler:752 kAGDCRegisterLinkValidateModeTiming-ext: pEnc 0x2, pBPC=0x2, pColometry=0x80, dRange=0x1 dscBPP=0
2026-09-13 16:47:24.384279-0300 0x3e6      Default     0x0                  0      0    kernel: (AppleGraphicsDevicePolicy) AGDP:: validateMode:166 Validating mode FB:0 -> 1920 x 1080, 138500000 Hz
2026-09-13 16:47:24.384282-0300 0x3e6      Default     0x0                  0      0    kernel: (AppleGraphicsDevicePolicy) AGDP:: validateMode:368 response accepted on:0
2026-09-13 16:47:24.384284-0300 0x3e6      Default     0x0                  0      0    kernel: (AppleGraphicsDevicePolicy) AGDP:: VendorEventHandler:781 kAGDCRegisterLinkValidateModeTiming: accepted by policy.
2026-09-13 16:47:24.384469-0300 0x3e6      Default     0x0                  0      0    kernel: (AppleGraphicsDevicePolicy) AGDP:: VendorEventHandler:484 VendorEventHandler [GFX0:AMD]: Port: -1336215936.00000000 Event:ValidateModeTiming [a]
2026-09-13 16:47:24.384473-0300 0x3e6      Default     0x0                  0      0    kernel: (AppleGraphicsDevicePolicy) AGDP:: VendorEventHandler:751 kAGDCRegisterLinkValidateModeTiming: FB:0 -> 1920 x 1080, ext_blanking=0, 138500000 Hz
2026-09-13 16:47:24.384476-0300 0x3e6      Default     0x0                  0      0    kernel: (AppleGraphicsDevicePolicy) AGDP:: VendorEventHandler:752 kAGDCRegisterLinkValidateModeTiming-ext: pEnc 0x2, pBPC=0x2, pColometry=0x80, dRange=0x1 dscBPP=0
2026-09-13 16:47:24.384480-0300 0x3e6      Default     0x0                  0      0    kernel: (AppleGraphicsDevicePolicy) AGDP:: validateMode:166 Validating mode FB:0 -> 1920 x 1080, 138500000 Hz
2026-09-13 16:47:24.384482-0300 0x3e6      Default     0x0                  0      0    kernel: (AppleGraphicsDevicePolicy) AGDP:: validateMode:368 response accepted on:0
2026-09-13 16:47:24.384484-0300 0x3e6      Default     0x0                  0      0    kernel: (AppleGraphicsDevicePolicy) AGDP:: VendorEventHandler:781 kAGDCRegisterLinkValidateModeTiming: accepted by policy.
2026-09-13 16:47:24.384674-0300 0x3e6      Default     0x0                  0      0    kernel: (AppleGraphicsDevicePolicy) AGDP:: VendorEventHandler:484 VendorEventHandler [GFX0:AMD]: Port: -1336215936.00000000 Event:ValidateModeTiming [a]
2026-09-13 16:47:24.384679-0300 0x3e6      Default     0x0                  0      0    kernel: (AppleGraphicsDevicePolicy) AGDP:: VendorEventHandler:751 kAGDCRegisterLinkValidateModeTiming: FB:0 -> 1920 x 1080, ext_blanking=0, 148500000 Hz
2026-09-13 16:47:24.384682-0300 0x3e6      Default     0x0                  0      0    kernel: (AppleGraphicsDevicePolicy) AGDP:: VendorEventHandler:752 kAGDCRegisterLinkValidateModeTiming-ext: pEnc 0x2, pBPC=0x2, pColometry=0x80, dRange=0x1 dscBPP=0
2026-09-13 16:47:24.384685-0300 0x3e6      Default     0x0                  0      0    kernel: (AppleGraphicsDevicePolicy) AGDP:: validateMode:166 Validating mode FB:0 -> 1920 x 1080, 148500000 Hz
2026-09-13 16:47:24.384687-0300 0x3e6      Default     0x0                  0      0    kernel: (AppleGraphicsDevicePolicy) AGDP:: validateMode:368 response accepted on:0
2026-09-13 16:47:24.384689-0300 0x3e6      Default     0x0                  0      0    kernel: (AppleGraphicsDevicePolicy) AGDP:: VendorEventHandler:781 kAGDCRegisterLinkValidateModeTiming: accepted by policy.
2026-09-13 16:47:24.384888-0300 0x3e6      Default     0x0                  0      0    kernel: (AppleGraphicsDevicePolicy) AGDP:: VendorEventHandler:484 VendorEventHandler [GFX0:AMD]: Port: -1336215936.00000000 Event:ValidateModeTiming [a]
2026-09-13 16:47:24.384893-0300 0x3e6      Default     0x0                  0      0    kernel: (AppleGraphicsDevicePolicy) AGDP:: VendorEventHandler:751 kAGDCRegisterLinkValidateModeTiming: FB:0 -> 1920 x 1080, ext_blanking=0, 148500000 Hz
2026-09-13 16:47:24.384896-0300 0x3e6      Default     0x0                  0      0    kernel: (AppleGraphicsDevicePolicy) AGDP:: VendorEventHandler:752 kAGDCRegisterLinkValidateModeTiming-ext: pEnc 0x2, pBPC=0x2, pColometry=0x80, dRange=0x1 dscBPP=0
2026-09-13 16:47:24.384899-0300 0x3e6      Default     0x0                  0      0    kernel: (AppleGraphicsDevicePolicy) AGDP:: validateMode:166 Validating mode FB:0 -> 1920 x 1080, 148500000 Hz
2026-09-13 16:47:24.384902-0300 0x3e6      Default     0x0                  0      0    kernel: (AppleGraphicsDevicePolicy) AGDP:: validateMode:368 response accepted on:0
2026-09-13 16:47:24.384904-0300 0x3e6      Default     0x0                  0      0    kernel: (AppleGraphicsDevicePolicy) AGDP:: VendorEventHandler:781 kAGDCRegisterLinkValidateModeTiming: accepted by policy.
2026-09-13 16:47:24.385084-0300 0x3e6      Default     0x0                  0      0    kernel: (AppleGraphicsDevicePolicy) AGDP:: VendorEventHandler:484 VendorEventHandler [GFX0:AMD]: Port: -1336215936.00000000 Event:ValidateModeTiming [a]
2026-09-13 16:47:24.385089-0300 0x3e6      Default     0x0                  0      0    kernel: (AppleGraphicsDevicePolicy) AGDP:: VendorEventHandler:751 kAGDCRegisterLinkValidateModeTiming: FB:0 -> 1920 x 1080, ext_blanking=0, 148500000 Hz
2026-09-13 16:47:24.385092-0300 0x3e6      Default     0x0                  0      0    kernel: (AppleGraphicsDevicePolicy) AGDP:: VendorEventHandler:752 kAGDCRegisterLinkValidateModeTiming-ext: pEnc 0x2, pBPC=0x2, pColometry=0x80, dRange=0x1 dscBPP=0
2026-09-13 16:47:24.385095-0300 0x3e6      Default     0x0                  0      0    kernel: (AppleGraphicsDevicePolicy) AGDP:: validateMode:166 Validating mode FB:0 -> 1920 x 1080, 148500000 Hz
2026-09-13 16:47:24.385098-0300 0x3e6      Default     0x0                  0      0    kernel: (AppleGraphicsDevicePolicy) AGDP:: validateMode:368 response accepted on:0
2026-09-13 16:47:24.385099-0300 0x3e6      Default     0x0                  0      0    kernel: (AppleGraphicsDevicePolicy) AGDP:: VendorEventHandler:781 kAGDCRegisterLinkValidateModeTiming: accepted by policy.
2026-09-13 16:47:24.385286-0300 0x3e6      Default     0x0                  0      0    kernel: (AppleGraphicsDevicePolicy) AGDP:: VendorEventHandler:484 VendorEventHandler [GFX0:AMD]: Port: -1336215936.00000000 Event:ValidateModeTiming [a]
2026-09-13 16:47:24.385291-0300 0x3e6      Default     0x0                  0      0    kernel: (AppleGraphicsDevicePolicy) AGDP:: VendorEventHandler:751 kAGDCRegisterLinkValidateModeTiming: FB:0 -> 1920 x 1080, ext_blanking=0, 148500000 Hz
2026-09-13 16:47:24.385294-0300 0x3e6      Default     0x0                  0      0    kernel: (AppleGraphicsDevicePolicy) AGDP:: VendorEventHandler:752 kAGDCRegisterLinkValidateModeTiming-ext: pEnc 0x2, pBPC=0x2, pColometry=0x80, dRange=0x1 dscBPP=0
2026-09-13 16:47:24.385297-0300 0x3e6      Default     0x0                  0      0    kernel: (AppleGraphicsDevicePolicy) AGDP:: validateMode:166 Validating mode FB:0 -> 1920 x 1080, 148500000 Hz
2026-09-13 16:47:24.385300-0300 0x3e6      Default     0x0                  0      0    kernel: (AppleGraphicsDevicePolicy) AGDP:: validateMode:368 response accepted on:0
2026-09-13 16:47:24.385301-0300 0x3e6      Default     0x0                  0      0    kernel: (AppleGraphicsDevicePolicy) AGDP:: VendorEventHandler:781 kAGDCRegisterLinkValidateModeTiming: accepted by policy.
2026-09-13 16:47:24.385493-0300 0x3e6      Default     0x0                  0      0    kernel: (AppleGraphicsDevicePolicy) AGDP:: VendorEventHandler:484 VendorEventHandler [GFX0:AMD]: Port: -1336215936.00000000 Event:ValidateModeTiming [a]
2026-09-13 16:47:24.385498-0300 0x3e6      Default     0x0                  0      0    kernel: (AppleGraphicsDevicePolicy) AGDP:: VendorEventHandler:751 kAGDCRegisterLinkValidateModeTiming: FB:0 -> 1920 x 1080, ext_blanking=0, 148500000 Hz
2026-09-13 16:47:24.385501-0300 0x3e6      Default     0x0                  0      0    kernel: (AppleGraphicsDevicePolicy) AGDP:: VendorEventHandler:752 kAGDCRegisterLinkValidateModeTiming-ext: pEnc 0x2, pBPC=0x2, pColometry=0x80, dRange=0x1 dscBPP=0
2026-09-13 16:47:24.385504-0300 0x3e6      Default     0x0                  0      0    kernel: (AppleGraphicsDevicePolicy) AGDP:: validateMode:166 Validating mode FB:0 -> 1920 x 1080, 148500000 Hz
2026-09-13 16:47:24.385506-0300 0x3e6      Default     0x0                  0      0    kernel: (AppleGraphicsDevicePolicy) AGDP:: validateMode:368 response accepted on:0
2026-09-13 16:47:24.385508-0300 0x3e6      Default     0x0                  0      0    kernel: (AppleGraphicsDevicePolicy) AGDP:: VendorEventHandler:781 kAGDCRegisterLinkValidateModeTiming: accepted by policy.
2026-09-13 16:47:24.385843-0300 0x3e6      Default     0x0                  0      0    kernel: (AppleGraphicsDevicePolicy) AGDP:: VendorEventHandler:484 VendorEventHandler [GFX0:AMD]: Port: -1336215936.00000000 Event:ValidateModeTiming [a]
2026-09-13 16:47:24.385859-0300 0x3e6      Default     0x0                  0      0    kernel: (AppleGraphicsDevicePolicy) AGDP:: VendorEventHandler:751 kAGDCRegisterLinkValidateModeTiming: FB:0 -> 1920 x 1080, ext_blanking=0, 148500000 Hz
2026-09-13 16:47:24.385866-0300 0x3e6      Default     0x0                  0      0    kernel: (AppleGraphicsDevicePolicy) AGDP:: VendorEventHandler:752 kAGDCRegisterLinkValidateModeTiming-ext: pEnc 0x2, pBPC=0x2, pColometry=0x80, dRange=0x1 dscBPP=0
2026-09-13 16:47:24.385872-0300 0x3e6      Default     0x0                  0      0    kernel: (AppleGraphicsDevicePolicy) AGDP:: validateMode:166 Validating mode FB:0 -> 1920 x 1080, 148500000 Hz
2026-09-13 16:47:24.385877-0300 0x3e6      Default     0x0                  0      0    kernel: (AppleGraphicsDevicePolicy) AGDP:: validateMode:368 response accepted on:0
2026-09-13 16:47:24.385881-0300 0x3e6      Default     0x0                  0      0    kernel: (AppleGraphicsDevicePolicy) AGDP:: VendorEventHandler:781 kAGDCRegisterLinkValidateModeTiming: accepted by policy.
2026-09-13 16:47:24.386186-0300 0x3e6      Default     0x0                  0      0    kernel: (AppleGraphicsDevicePolicy) AGDP:: VendorEventHandler:484 VendorEventHandler [GFX0:AMD]: Port: -1336215936.00000000 Event:ValidateModeTiming [a]
2026-09-13 16:47:24.386195-0300 0x3e6      Default     0x0                  0      0    kernel: (AppleGraphicsDevicePolicy) AGDP:: VendorEventHandler:751 kAGDCRegisterLinkValidateModeTiming: FB:0 -> 1920 x 1080, ext_blanking=0, 148500000 Hz
2026-09-13 16:47:24.386200-0300 0x3e6      Default     0x0                  0      0    kernel: (AppleGraphicsDevicePolicy) AGDP:: VendorEventHandler:752 kAGDCRegisterLinkValidateModeTiming-ext: pEnc 0x2, pBPC=0x2, pColometry=0x80, dRange=0x1 dscBPP=0
2026-09-13 16:47:24.386206-0300 0x3e6      Default     0x0                  0      0    kernel: (AppleGraphicsDevicePolicy) AGDP:: validateMode:166 Validating mode FB:0 -> 1920 x 1080, 148500000 Hz
2026-09-13 16:47:24.386211-0300 0x3e6      Default     0x0                  0      0    kernel: (AppleGraphicsDevicePolicy) AGDP:: validateMode:368 response accepted on:0
2026-09-13 16:47:24.386214-0300 0x3e6      Default     0x0                  0      0    kernel: (AppleGraphicsDevicePolicy) AGDP:: VendorEventHandler:781 kAGDCRegisterLinkValidateModeTiming: accepted by policy.
2026-09-13 16:47:24.386232-0300 0x3e6      Default     0x0                  0      0    kernel: (AppleGraphicsDevicePolicy) AGDP:: VendorEventHandler:484 VendorEventHandler [GFX0:AMD]: Port: -1336215936.00000000 Event:ValidateModeTiming [a]
2026-09-13 16:47:24.386238-0300 0x3e6      Default     0x0                  0      0    kernel: (AppleGraphicsDevicePolicy) AGDP:: VendorEventHandler:751 kAGDCRegisterLinkValidateModeTiming: FB:0 -> 1920 x 1080, ext_blanking=0, 148500000 Hz
2026-09-13 16:47:24.386244-0300 0x3e6      Default     0x0                  0      0    kernel: (AppleGraphicsDevicePolicy) AGDP:: VendorEventHandler:752 kAGDCRegisterLinkValidateModeTiming-ext: pEnc 0x2, pBPC=0x2, pColometry=0x80, dRange=0x1 dscBPP=0
2026-09-13 16:47:24.386249-0300 0x3e6      Default     0x0                  0      0    kernel: (AppleGraphicsDevicePolicy) AGDP:: validateMode:166 Validating mode FB:0 -> 1920 x 1080, 148500000 Hz
2026-09-13 16:47:24.386253-0300 0x3e6      Default     0x0                  0      0    kernel: (AppleGraphicsDevicePolicy) AGDP:: validateMode:368 response accepted on:0
2026-09-13 16:47:24.386256-0300 0x3e6      Default     0x0                  0      0    kernel: (AppleGraphicsDevicePolicy) AGDP:: VendorEventHandler:781 kAGDCRegisterLinkValidateModeTiming: accepted by policy.
2026-09-13 16:47:24.386553-0300 0x3e6      Default     0x0                  0      0    kernel: (AppleGraphicsDevicePolicy) AGDP:: VendorEventHandler:484 VendorEventHandler [GFX0:AMD]: Port: -1336215936.00000000 Event:ValidateModeTiming [a]
2026-09-13 16:47:24.386561-0300 0x3e6      Default     0x0                  0      0    kernel: (AppleGraphicsDevicePolicy) AGDP:: VendorEventHandler:751 kAGDCRegisterLinkValidateModeTiming: FB:0 -> 1920 x 1080, ext_blanking=0, 148500000 Hz
2026-09-13 16:47:24.386567-0300 0x3e6      Default     0x0                  0      0    kernel: (AppleGraphicsDevicePolicy) AGDP:: VendorEventHandler:752 kAGDCRegisterLinkValidateModeTiming-ext: pEnc 0x2, pBPC=0x2, pColometry=0x80, dRange=0x1 dscBPP=0
2026-09-13 16:47:24.386572-0300 0x3e6      Default     0x0                  0      0    kernel: (AppleGraphicsDevicePolicy) AGDP:: validateMode:166 Validating mode FB:0 -> 1920 x 1080, 148500000 Hz
2026-09-13 16:47:24.386577-0300 0x3e6      Default     0x0                  0      0    kernel: (AppleGraphicsDevicePolicy) AGDP:: validateMode:368 response accepted on:0
2026-09-13 16:47:24.386580-0300 0x3e6      Default     0x0                  0      0    kernel: (AppleGraphicsDevicePolicy) AGDP:: VendorEventHandler:781 kAGDCRegisterLinkValidateModeTiming: accepted by policy.
2026-09-13 16:47:24.386899-0300 0x3e6      Default     0x0                  0      0    kernel: (AppleGraphicsDevicePolicy) AGDP:: VendorEventHandler:484 VendorEventHandler [GFX0:AMD]: Port: -1336215936.00000000 Event:ValidateModeTiming [a]
2026-09-13 16:47:24.386908-0300 0x3e6      Default     0x0                  0      0    kernel: (AppleGraphicsDevicePolicy) AGDP:: VendorEventHandler:751 kAGDCRegisterLinkValidateModeTiming: FB:0 -> 1920 x 1080, ext_blanking=0, 148500000 Hz
2026-09-13 16:47:24.386914-0300 0x3e6      Default     0x0                  0      0    kernel: (AppleGraphicsDevicePolicy) AGDP:: VendorEventHandler:752 kAGDCRegisterLinkValidateModeTiming-ext: pEnc 0x2, pBPC=0x2, pColometry=0x80, dRange=0x1 dscBPP=0
2026-09-13 16:47:24.386920-0300 0x3e6      Default     0x0                  0      0    kernel: (AppleGraphicsDevicePolicy) AGDP:: validateMode:166 Validating mode FB:0 -> 1920 x 1080, 148500000 Hz
2026-09-13 16:47:24.386926-0300 0x3e6      Default     0x0                  0      0    kernel: (AppleGraphicsDevicePolicy) AGDP:: validateMode:368 response accepted on:0
2026-09-13 16:47:24.386929-0300 0x3e6      Default     0x0                  0      0    kernel: (AppleGraphicsDevicePolicy) AGDP:: VendorEventHandler:781 kAGDCRegisterLinkValidateModeTiming: accepted by policy.
2026-09-13 16:47:24.387260-0300 0x3e6      Default     0x0                  0      0    kernel: (AppleGraphicsDevicePolicy) AGDP:: VendorEventHandler:484 VendorEventHandler [GFX0:AMD]: Port: -1336215936.00000000 Event:ValidateModeTiming [a]
2026-09-13 16:47:24.387269-0300 0x3e6      Default     0x0                  0      0    kernel: (AppleGraphicsDevicePolicy) AGDP:: VendorEventHandler:751 kAGDCRegisterLinkValidateModeTiming: FB:0 -> 1920 x 1080, ext_blanking=0, 148500000 Hz
2026-09-13 16:47:24.387275-0300 0x3e6      Default     0x0                  0      0    kernel: (AppleGraphicsDevicePolicy) AGDP:: VendorEventHandler:752 kAGDCRegisterLinkValidateModeTiming-ext: pEnc 0x2, pBPC=0x2, pColometry=0x80, dRange=0x1 dscBPP=0
2026-09-13 16:47:24.387280-0300 0x3e6      Default     0x0                  0      0    kernel: (AppleGraphicsDevicePolicy) AGDP:: validateMode:166 Validating mode FB:0 -> 1920 x 1080, 148500000 Hz
2026-09-13 16:47:24.387285-0300 0x3e6      Default     0x0                  0      0    kernel: (AppleGraphicsDevicePolicy) AGDP:: validateMode:368 response accepted on:0
2026-09-13 16:47:24.387288-0300 0x3e6      Default     0x0                  0      0    kernel: (AppleGraphicsDevicePolicy) AGDP:: VendorEventHandler:781 kAGDCRegisterLinkValidateModeTiming: accepted by policy.
2026-09-13 16:47:24.387574-0300 0x3e6      Default     0x0                  0      0    kernel: (AppleGraphicsDevicePolicy) AGDP:: VendorEventHandler:484 VendorEventHandler [GFX0:AMD]: Port: -1336215936.00000000 Event:ValidateModeTiming [a]
2026-09-13 16:47:24.387582-0300 0x3e6      Default     0x0                  0      0    kernel: (AppleGraphicsDevicePolicy) AGDP:: VendorEventHandler:751 kAGDCRegisterLinkValidateModeTiming: FB:0 -> 1920 x 1080, ext_blanking=0, 148500000 Hz
2026-09-13 16:47:24.387588-0300 0x3e6      Default     0x0                  0      0    kernel: (AppleGraphicsDevicePolicy) AGDP:: VendorEventHandler:752 kAGDCRegisterLinkValidateModeTiming-ext: pEnc 0x2, pBPC=0x2, pColometry=0x80, dRange=0x1 dscBPP=0
2026-09-13 16:47:24.387593-0300 0x3e6      Default     0x0                  0      0    kernel: (AppleGraphicsDevicePolicy) AGDP:: validateMode:166 Validating mode FB:0 -> 1920 x 1080, 148500000 Hz
2026-09-13 16:47:24.387598-0300 0x3e6      Default     0x0                  0      0    kernel: (AppleGraphicsDevicePolicy) AGDP:: validateMode:368 response accepted on:0
2026-09-13 16:47:24.387606-0300 0x3e6      Default     0x0                  0      0    kernel: (AppleGraphicsDevicePolicy) AGDP:: VendorEventHandler:781 kAGDCRegisterLinkValidateModeTiming: accepted by policy.
2026-09-13 16:47:24.387940-0300 0x3e6      Default     0x0                  0      0    kernel: (AppleGraphicsDevicePolicy) AGDP:: VendorEventHandler:484 VendorEventHandler [GFX0:AMD]: Port: -1336215936.00000000 Event:ValidateModeTiming [a]
2026-09-13 16:47:24.387948-0300 0x3e6      Default     0x0                  0      0    kernel: (AppleGraphicsDevicePolicy) AGDP:: VendorEventHandler:751 kAGDCRegisterLinkValidateModeTiming: FB:0 -> 1920 x 1080, ext_blanking=0, 148500000 Hz
2026-09-13 16:47:24.387953-0300 0x3e6      Default     0x0                  0      0    kernel: (AppleGraphicsDevicePolicy) AGDP:: VendorEventHandler:752 kAGDCRegisterLinkValidateModeTiming-ext: pEnc 0x2, pBPC=0x2, pColometry=0x80, dRange=0x1 dscBPP=0
2026-09-13 16:47:24.387958-0300 0x3e6      Default     0x0                  0      0    kernel: (AppleGraphicsDevicePolicy) AGDP:: validateMode:166 Validating mode FB:0 -> 1920 x 1080, 148500000 Hz
2026-09-13 16:47:24.387963-0300 0x3e6      Default     0x0                  0      0    kernel: (AppleGraphicsDevicePolicy) AGDP:: validateMode:368 response accepted on:0
2026-09-13 16:47:24.387966-0300 0x3e6      Default     0x0                  0      0    kernel: (AppleGraphicsDevicePolicy) AGDP:: VendorEventHandler:781 kAGDCRegisterLinkValidateModeTiming: accepted by policy.
2026-09-13 16:47:24.388272-0300 0x3e6      Default     0x0                  0      0    kernel: (AppleGraphicsDevicePolicy) AGDP:: VendorEventHandler:484 VendorEventHandler [GFX0:AMD]: Port: -1336215936.00000000 Event:ValidateModeTiming [a]
2026-09-13 16:47:24.388279-0300 0x3e6      Default     0x0                  0      0    kernel: (AppleGraphicsDevicePolicy) AGDP:: VendorEventHandler:751 kAGDCRegisterLinkValidateModeTiming: FB:0 -> 1920 x 1080, ext_blanking=0, 148500000 Hz
2026-09-13 16:47:24.388288-0300 0x3e6      Default     0x0                  0      0    kernel: (AppleGraphicsDevicePolicy) AGDP:: VendorEventHandler:752 kAGDCRegisterLinkValidateModeTiming-ext: pEnc 0x2, pBPC=0x2, pColometry=0x80, dRange=0x1 dscBPP=0
2026-09-13 16:47:24.388293-0300 0x3e6      Default     0x0                  0      0    kernel: (AppleGraphicsDevicePolicy) AGDP:: validateMode:166 Validating mode FB:0 -> 1920 x 1080, 148500000 Hz
2026-09-13 16:47:24.388298-0300 0x3e6      Default     0x0                  0      0    kernel: (AppleGraphicsDevicePolicy) AGDP:: validateMode:368 response accepted on:0
2026-09-13 16:47:24.388301-0300 0x3e6      Default     0x0                  0      0    kernel: (AppleGraphicsDevicePolicy) AGDP:: VendorEventHandler:781 kAGDCRegisterLinkValidateModeTiming: accepted by policy.
2026-09-13 16:47:24.388584-0300 0x3e6      Default     0x0                  0      0    kernel: (AppleGraphicsDevicePolicy) AGDP:: VendorEventHandler:484 VendorEventHandler [GFX0:AMD]: Port: -1336215936.00000000 Event:ValidateModeTiming [a]
2026-09-13 16:47:24.388592-0300 0x3e6      Default     0x0                  0      0    kernel: (AppleGraphicsDevicePolicy) AGDP:: VendorEventHandler:751 kAGDCRegisterLinkValidateModeTiming: FB:0 -> 1920 x 1080, ext_blanking=0, 148500000 Hz
2026-09-13 16:47:24.388597-0300 0x3e6      Default     0x0                  0      0    kernel: (AppleGraphicsDevicePolicy) AGDP:: VendorEventHandler:752 kAGDCRegisterLinkValidateModeTiming-ext: pEnc 0x2, pBPC=0x2, pColometry=0x80, dRange=0x1 dscBPP=0
2026-09-13 16:47:24.388603-0300 0x3e6      Default     0x0                  0      0    kernel: (AppleGraphicsDevicePolicy) AGDP:: validateMode:166 Validating mode FB:0 -> 1920 x 1080, 148500000 Hz
2026-09-13 16:47:24.388608-0300 0x3e6      Default     0x0                  0      0    kernel: (AppleGraphicsDevicePolicy) AGDP:: validateMode:368 response accepted on:0
2026-09-13 16:47:24.388610-0300 0x3e6      Default     0x0                  0      0    kernel: (AppleGraphicsDevicePolicy) AGDP:: VendorEventHandler:781 kAGDCRegisterLinkValidateModeTiming: accepted by policy.
2026-09-13 16:47:24.388905-0300 0x3e6      Default     0x0                  0      0    kernel: (AppleGraphicsDevicePolicy) AGDP:: VendorEventHandler:484 VendorEventHandler [GFX0:AMD]: Port: -1336215936.00000000 Event:ValidateModeTiming [a]
2026-09-13 16:47:24.388913-0300 0x3e6      Default     0x0                  0      0    kernel: (AppleGraphicsDevicePolicy) AGDP:: VendorEventHandler:751 kAGDCRegisterLinkValidateModeTiming: FB:0 -> 1920 x 1080, ext_blanking=0, 148500000 Hz
2026-09-13 16:47:24.388918-0300 0x3e6      Default     0x0                  0      0    kernel: (AppleGraphicsDevicePolicy) AGDP:: VendorEventHandler:752 kAGDCRegisterLinkValidateModeTiming-ext: pEnc 0x2, pBPC=0x2, pColometry=0x80, dRange=0x1 dscBPP=0
2026-09-13 16:47:24.388924-0300 0x3e6      Default     0x0                  0      0    kernel: (AppleGraphicsDevicePolicy) AGDP:: validateMode:166 Validating mode FB:0 -> 1920 x 1080, 148500000 Hz
2026-09-13 16:47:24.388928-0300 0x3e6      Default     0x0                  0      0    kernel: (AppleGraphicsDevicePolicy) AGDP:: validateMode:368 response accepted on:0
2026-09-13 16:47:24.388931-0300 0x3e6      Default     0x0                  0      0    kernel: (AppleGraphicsDevicePolicy) AGDP:: VendorEventHandler:781 kAGDCRegisterLinkValidateModeTiming: accepted by policy.
2026-09-13 16:47:24.389220-0300 0x3e6      Default     0x0                  0      0    kernel: (AppleGraphicsDevicePolicy) AGDP:: VendorEventHandler:484 VendorEventHandler [GFX0:AMD]: Port: -1336215936.00000000 Event:ValidateModeTiming [a]
2026-09-13 16:47:24.389228-0300 0x3e6      Default     0x0                  0      0    kernel: (AppleGraphicsDevicePolicy) AGDP:: VendorEventHandler:751 kAGDCRegisterLinkValidateModeTiming: FB:0 -> 1920 x 1080, ext_blanking=0, 174500000 Hz
2026-09-13 16:47:24.389233-0300 0x3e6      Default     0x0                  0      0    kernel: (AppleGraphicsDevicePolicy) AGDP:: VendorEventHandler:752 kAGDCRegisterLinkValidateModeTiming-ext: pEnc 0x2, pBPC=0x2, pColometry=0x80, dRange=0x1 dscBPP=0
2026-09-13 16:47:24.389239-0300 0x3e6      Default     0x0                  0      0    kernel: (AppleGraphicsDevicePolicy) AGDP:: validateMode:166 Validating mode FB:0 -> 1920 x 1080, 174500000 Hz
2026-09-13 16:47:24.389244-0300 0x3e6      Default     0x0                  0      0    kernel: (AppleGraphicsDevicePolicy) AGDP:: validateMode:368 response accepted on:0
2026-09-13 16:47:24.389247-0300 0x3e6      Default     0x0                  0      0    kernel: (AppleGraphicsDevicePolicy) AGDP:: VendorEventHandler:781 kAGDCRegisterLinkValidateModeTiming: accepted by policy.
2026-09-13 16:47:24.389544-0300 0x3e6      Default     0x0                  0      0    kernel: (AppleGraphicsDevicePolicy) AGDP:: VendorEventHandler:484 VendorEventHandler [GFX0:AMD]: Port: -1336215936.00000000 Event:ValidateModeTiming [a]
2026-09-13 16:47:24.389552-0300 0x3e6      Default     0x0                  0      0    kernel: (AppleGraphicsDevicePolicy) AGDP:: VendorEventHandler:751 kAGDCRegisterLinkValidateModeTiming: FB:0 -> 1920 x 1080, ext_blanking=0, 174500000 Hz
2026-09-13 16:47:24.389557-0300 0x3e6      Default     0x0                  0      0    kernel: (AppleGraphicsDevicePolicy) AGDP:: VendorEventHandler:752 kAGDCRegisterLinkValidateModeTiming-ext: pEnc 0x2, pBPC=0x2, pColometry=0x80, dRange=0x1 dscBPP=0
2026-09-13 16:47:24.389562-0300 0x3e6      Default     0x0                  0      0    kernel: (AppleGraphicsDevicePolicy) AGDP:: validateMode:166 Validating mode FB:0 -> 1920 x 1080, 174500000 Hz
2026-09-13 16:47:24.389567-0300 0x3e6      Default     0x0                  0      0    kernel: (AppleGraphicsDevicePolicy) AGDP:: validateMode:368 response accepted on:0
2026-09-13 16:47:24.389570-0300 0x3e6      Default     0x0                  0      0    kernel: (AppleGraphicsDevicePolicy) AGDP:: VendorEventHandler:781 kAGDCRegisterLinkValidateModeTiming: accepted by policy.
2026-09-13 16:47:24.389854-0300 0x3e6      Default     0x0                  0      0    kernel: (AppleGraphicsDevicePolicy) AGDP:: VendorEventHandler:484 VendorEventHandler [GFX0:AMD]: Port: -1336215936.00000000 Event:ValidateModeTiming [a]
2026-09-13 16:47:24.389861-0300 0x3e6      Default     0x0                  0      0    kernel: (AppleGraphicsDevicePolicy) AGDP:: VendorEventHandler:751 kAGDCRegisterLinkValidateModeTiming: FB:0 -> 1920 x 1080, ext_blanking=0, 174500000 Hz
2026-09-13 16:47:24.389867-0300 0x3e6      Default     0x0                  0      0    kernel: (AppleGraphicsDevicePolicy) AGDP:: VendorEventHandler:752 kAGDCRegisterLinkValidateModeTiming-ext: pEnc 0x2, pBPC=0x2, pColometry=0x80, dRange=0x1 dscBPP=0
2026-09-13 16:47:24.389872-0300 0x3e6      Default     0x0                  0      0    kernel: (AppleGraphicsDevicePolicy) AGDP:: validateMode:166 Validating mode FB:0 -> 1920 x 1080, 174500000 Hz
2026-09-13 16:47:24.389881-0300 0x3e6      Default     0x0                  0      0    kernel: (AppleGraphicsDevicePolicy) AGDP:: validateMode:368 response accepted on:0
2026-09-13 16:47:24.389885-0300 0x3e6      Default     0x0                  0      0    kernel: (AppleGraphicsDevicePolicy) AGDP:: VendorEventHandler:781 kAGDCRegisterLinkValidateModeTiming: accepted by policy.
2026-09-13 16:47:24.390194-0300 0x3e6      Default     0x0                  0      0    kernel: (AppleGraphicsDevicePolicy) AGDP:: VendorEventHandler:484 VendorEventHandler [GFX0:AMD]: Port: -1336215936.00000000 Event:ValidateModeTiming [a]
2026-09-13 16:47:24.390202-0300 0x3e6      Default     0x0                  0      0    kernel: (AppleGraphicsDevicePolicy) AGDP:: VendorEventHandler:751 kAGDCRegisterLinkValidateModeTiming: FB:0 -> 1920 x 1080, ext_blanking=0, 174500000 Hz
2026-09-13 16:47:24.390207-0300 0x3e6      Default     0x0                  0      0    kernel: (AppleGraphicsDevicePolicy) AGDP:: VendorEventHandler:752 kAGDCRegisterLinkValidateModeTiming-ext: pEnc 0x2, pBPC=0x2, pColometry=0x80, dRange=0x1 dscBPP=0
2026-09-13 16:47:24.390213-0300 0x3e6      Default     0x0                  0      0    kernel: (AppleGraphicsDevicePolicy) AGDP:: validateMode:166 Validating mode FB:0 -> 1920 x 1080, 174500000 Hz
2026-09-13 16:47:24.390217-0300 0x3e6      Default     0x0                  0      0    kernel: (AppleGraphicsDevicePolicy) AGDP:: validateMode:368 response accepted on:0
2026-09-13 16:47:24.390220-0300 0x3e6      Default     0x0                  0      0    kernel: (AppleGraphicsDevicePolicy) AGDP:: VendorEventHandler:781 kAGDCRegisterLinkValidateModeTiming: accepted by policy.
2026-09-13 16:47:24.390508-0300 0x3e6      Default     0x0                  0      0    kernel: (AppleGraphicsDevicePolicy) AGDP:: VendorEventHandler:484 VendorEventHandler [GFX0:AMD]: Port: -1336215936.00000000 Event:ValidateModeTiming [a]
2026-09-13 16:47:24.390515-0300 0x3e6      Default     0x0                  0      0    kernel: (AppleGraphicsDevicePolicy) AGDP:: VendorEventHandler:751 kAGDCRegisterLinkValidateModeTiming: FB:0 -> 1920 x 1080, ext_blanking=0, 174500000 Hz
2026-09-13 16:47:24.390521-0300 0x3e6      Default     0x0                  0      0    kernel: (AppleGraphicsDevicePolicy) AGDP:: VendorEventHandler:752 kAGDCRegisterLinkValidateModeTiming-ext: pEnc 0x2, pBPC=0x2, pColometry=0x80, dRange=0x1 dscBPP=0
2026-09-13 16:47:24.390526-0300 0x3e6      Default     0x0                  0      0    kernel: (AppleGraphicsDevicePolicy) AGDP:: validateMode:166 Validating mode FB:0 -> 1920 x 1080, 174500000 Hz
2026-09-13 16:47:24.390531-0300 0x3e6      Default     0x0                  0      0    kernel: (AppleGraphicsDevicePolicy) AGDP:: validateMode:368 response accepted on:0
2026-09-13 16:47:24.390534-0300 0x3e6      Default     0x0                  0      0    kernel: (AppleGraphicsDevicePolicy) AGDP:: VendorEventHandler:781 kAGDCRegisterLinkValidateModeTiming: accepted by policy.
2026-09-13 16:47:24.390866-0300 0x3e6      Default     0x0                  0      0    kernel: (AppleGraphicsDevicePolicy) AGDP:: VendorEventHandler:484 VendorEventHandler [GFX0:AMD]: Port: -1336215936.00000000 Event:ValidateModeTiming [a]
2026-09-13 16:47:24.390873-0300 0x3e6      Default     0x0                  0      0    kernel: (AppleGraphicsDevicePolicy) AGDP:: VendorEventHandler:751 kAGDCRegisterLinkValidateModeTiming: FB:0 -> 1920 x 1080, ext_blanking=0, 174500000 Hz
2026-09-13 16:47:24.390879-0300 0x3e6      Default     0x0                  0      0    kernel: (AppleGraphicsDevicePolicy) AGDP:: VendorEventHandler:752 kAGDCRegisterLinkValidateModeTiming-ext: pEnc 0x2, pBPC=0x2, pColometry=0x80, dRange=0x1 dscBPP=0
2026-09-13 16:47:24.390884-0300 0x3e6      Default     0x0                  0      0    kernel: (AppleGraphicsDevicePolicy) AGDP:: validateMode:166 Validating mode FB:0 -> 1920 x 1080, 174500000 Hz
2026-09-13 16:47:24.390889-0300 0x3e6      Default     0x0                  0      0    kernel: (AppleGraphicsDevicePolicy) AGDP:: validateMode:368 response accepted on:0
2026-09-13 16:47:24.390892-0300 0x3e6      Default     0x0                  0      0    kernel: (AppleGraphicsDevicePolicy) AGDP:: VendorEventHandler:781 kAGDCRegisterLinkValidateModeTiming: accepted by policy.
2026-09-13 16:47:24.391174-0300 0x3e6      Default     0x0                  0      0    kernel: (AppleGraphicsDevicePolicy) AGDP:: VendorEventHandler:484 VendorEventHandler [GFX0:AMD]: Port: -1336215936.00000000 Event:ValidateModeTiming [a]
2026-09-13 16:47:24.391182-0300 0x3e6      Default     0x0                  0      0    kernel: (AppleGraphicsDevicePolicy) AGDP:: VendorEventHandler:751 kAGDCRegisterLinkValidateModeTiming: FB:0 -> 1920 x 1080, ext_blanking=0, 174500000 Hz
2026-09-13 16:47:24.391188-0300 0x3e6      Default     0x0                  0      0    kernel: (AppleGraphicsDevicePolicy) AGDP:: VendorEventHandler:752 kAGDCRegisterLinkValidateModeTiming-ext: pEnc 0x2, pBPC=0x2, pColometry=0x80, dRange=0x1 dscBPP=0
2026-09-13 16:47:24.391193-0300 0x3e6      Default     0x0                  0      0    kernel: (AppleGraphicsDevicePolicy) AGDP:: validateMode:166 Validating mode FB:0 -> 1920 x 1080, 174500000 Hz
2026-09-13 16:47:24.391198-0300 0x3e6      Default     0x0                  0      0    kernel: (AppleGraphicsDevicePolicy) AGDP:: validateMode:368 response accepted on:0
2026-09-13 16:47:24.391200-0300 0x3e6      Default     0x0                  0      0    kernel: (AppleGraphicsDevicePolicy) AGDP:: VendorEventHandler:781 kAGDCRegisterLinkValidateModeTiming: accepted by policy.
2026-09-13 16:47:24.391221-0300 0x3e6      Default     0x0                  0      0    kernel: (AppleGraphicsDevicePolicy) AGDP:: VendorEventHandler:484 VendorEventHandler [GFX0:AMD]: Port: -1336215936.00000000 Event:ValidateModeTiming [a]
2026-09-13 16:47:24.391227-0300 0x3e6      Default     0x0                  0      0    kernel: (AppleGraphicsDevicePolicy) AGDP:: VendorEventHandler:751 kAGDCRegisterLinkValidateModeTiming: FB:0 -> 1920 x 1080, ext_blanking=0, 174500000 Hz
2026-09-13 16:47:24.391232-0300 0x3e6      Default     0x0                  0      0    kernel: (AppleGraphicsDevicePolicy) AGDP:: VendorEventHandler:752 kAGDCRegisterLinkValidateModeTiming-ext: pEnc 0x2, pBPC=0x2, pColometry=0x80, dRange=0x1 dscBPP=0
2026-09-13 16:47:24.391238-0300 0x3e6      Default     0x0                  0      0    kernel: (AppleGraphicsDevicePolicy) AGDP:: validateMode:166 Validating mode FB:0 -> 1920 x 1080, 174500000 Hz
2026-09-13 16:47:24.391242-0300 0x3e6      Default     0x0                  0      0    kernel: (AppleGraphicsDevicePolicy) AGDP:: validateMode:368 response accepted on:0
2026-09-13 16:47:24.391245-0300 0x3e6      Default     0x0                  0      0    kernel: (AppleGraphicsDevicePolicy) AGDP:: VendorEventHandler:781 kAGDCRegisterLinkValidateModeTiming: accepted by policy.
2026-09-13 16:47:24.391539-0300 0x3e6      Default     0x0                  0      0    kernel: (AppleGraphicsDevicePolicy) AGDP:: VendorEventHandler:484 VendorEventHandler [GFX0:AMD]: Port: -1336215936.00000000 Event:ValidateModeTiming [a]
2026-09-13 16:47:24.391547-0300 0x3e6      Default     0x0                  0      0    kernel: (AppleGraphicsDevicePolicy) AGDP:: VendorEventHandler:751 kAGDCRegisterLinkValidateModeTiming: FB:0 -> 1920 x 1080, ext_blanking=0, 174500000 Hz
2026-09-13 16:47:24.391552-0300 0x3e6      Default     0x0                  0      0    kernel: (AppleGraphicsDevicePolicy) AGDP:: VendorEventHandler:752 kAGDCRegisterLinkValidateModeTiming-ext: pEnc 0x2, pBPC=0x2, pColometry=0x80, dRange=0x1 dscBPP=0
2026-09-13 16:47:24.391557-0300 0x3e6      Default     0x0                  0      0    kernel: (AppleGraphicsDevicePolicy) AGDP:: validateMode:166 Validating mode FB:0 -> 1920 x 1080, 174500000 Hz
2026-09-13 16:47:24.391562-0300 0x3e6      Default     0x0                  0      0    kernel: (AppleGraphicsDevicePolicy) AGDP:: validateMode:368 response accepted on:0
2026-09-13 16:47:24.391565-0300 0x3e6      Default     0x0                  0      0    kernel: (AppleGraphicsDevicePolicy) AGDP:: VendorEventHandler:781 kAGDCRegisterLinkValidateModeTiming: accepted by policy.
2026-09-13 16:47:24.391846-0300 0x3e6      Default     0x0                  0      0    kernel: (AppleGraphicsDevicePolicy) AGDP:: VendorEventHandler:484 VendorEventHandler [GFX0:AMD]: Port: -1336215936.00000000 Event:ValidateModeTiming [a]
2026-09-13 16:47:24.391853-0300 0x3e6      Default     0x0                  0      0    kernel: (AppleGraphicsDevicePolicy) AGDP:: VendorEventHandler:751 kAGDCRegisterLinkValidateModeTiming: FB:0 -> 1920 x 1080, ext_blanking=0, 174500000 Hz
2026-09-13 16:47:24.391859-0300 0x3e6      Default     0x0                  0      0    kernel: (AppleGraphicsDevicePolicy) AGDP:: VendorEventHandler:752 kAGDCRegisterLinkValidateModeTiming-ext: pEnc 0x2, pBPC=0x2, pColometry=0x80, dRange=0x1 dscBPP=0
2026-09-13 16:47:24.391868-0300 0x3e6      Default     0x0                  0      0    kernel: (AppleGraphicsDevicePolicy) AGDP:: validateMode:166 Validating mode FB:0 -> 1920 x 1080, 174500000 Hz
2026-09-13 16:47:24.391874-0300 0x3e6      Default     0x0                  0      0    kernel: (AppleGraphicsDevicePolicy) AGDP:: validateMode:368 response accepted on:0
2026-09-13 16:47:24.391877-0300 0x3e6      Default     0x0                  0      0    kernel: (AppleGraphicsDevicePolicy) AGDP:: VendorEventHandler:781 kAGDCRegisterLinkValidateModeTiming: accepted by policy.
2026-09-13 16:47:24.392176-0300 0x3e6      Default     0x0                  0      0    kernel: (AppleGraphicsDevicePolicy) AGDP:: VendorEventHandler:484 VendorEventHandler [GFX0:AMD]: Port: -1336215936.00000000 Event:ValidateModeTiming [a]
2026-09-13 16:47:24.392183-0300 0x3e6      Default     0x0                  0      0    kernel: (AppleGraphicsDevicePolicy) AGDP:: VendorEventHandler:751 kAGDCRegisterLinkValidateModeTiming: FB:0 -> 1920 x 1080, ext_blanking=0, 174500000 Hz
2026-09-13 16:47:24.392189-0300 0x3e6      Default     0x0                  0      0    kernel: (AppleGraphicsDevicePolicy) AGDP:: VendorEventHandler:752 kAGDCRegisterLinkValidateModeTiming-ext: pEnc 0x2, pBPC=0x2, pColometry=0x80, dRange=0x1 dscBPP=0
2026-09-13 16:47:24.392194-0300 0x3e6      Default     0x0                  0      0    kernel: (AppleGraphicsDevicePolicy) AGDP:: validateMode:166 Validating mode FB:0 -> 1920 x 1080, 174500000 Hz
2026-09-13 16:47:24.392199-0300 0x3e6      Default     0x0                  0      0    kernel: (AppleGraphicsDevicePolicy) AGDP:: validateMode:368 response accepted on:0
2026-09-13 16:47:24.392202-0300 0x3e6      Default     0x0                  0      0    kernel: (AppleGraphicsDevicePolicy) AGDP:: VendorEventHandler:781 kAGDCRegisterLinkValidateModeTiming: accepted by policy.
2026-09-13 16:47:24.392484-0300 0x3e6      Default     0x0                  0      0    kernel: (AppleGraphicsDevicePolicy) AGDP:: VendorEventHandler:484 VendorEventHandler [GFX0:AMD]: Port: -1336215936.00000000 Event:ValidateModeTiming [a]
2026-09-13 16:47:24.392492-0300 0x3e6      Default     0x0                  0      0    kernel: (AppleGraphicsDevicePolicy) AGDP:: VendorEventHandler:751 kAGDCRegisterLinkValidateModeTiming: FB:0 -> 1920 x 1080, ext_blanking=0, 174500000 Hz
2026-09-13 16:47:24.392497-0300 0x3e6      Default     0x0                  0      0    kernel: (AppleGraphicsDevicePolicy) AGDP:: VendorEventHandler:752 kAGDCRegisterLinkValidateModeTiming-ext: pEnc 0x2, pBPC=0x2, pColometry=0x80, dRange=0x1 dscBPP=0
2026-09-13 16:47:24.392503-0300 0x3e6      Default     0x0                  0      0    kernel: (AppleGraphicsDevicePolicy) AGDP:: validateMode:166 Validating mode FB:0 -> 1920 x 1080, 174500000 Hz
2026-09-13 16:47:24.392507-0300 0x3e6      Default     0x0                  0      0    kernel: (AppleGraphicsDevicePolicy) AGDP:: validateMode:368 response accepted on:0
2026-09-13 16:47:24.392510-0300 0x3e6      Default     0x0                  0      0    kernel: (AppleGraphicsDevicePolicy) AGDP:: VendorEventHandler:781 kAGDCRegisterLinkValidateModeTiming: accepted by policy.
2026-09-13 16:47:24.392818-0300 0x3e6      Default     0x0                  0      0    kernel: (AppleGraphicsDevicePolicy) AGDP:: VendorEventHandler:484 VendorEventHandler [GFX0:AMD]: Port: -1336215936.00000000 Event:ValidateModeTiming [a]
2026-09-13 16:47:24.392826-0300 0x3e6      Default     0x0                  0      0    kernel: (AppleGraphicsDevicePolicy) AGDP:: VendorEventHandler:751 kAGDCRegisterLinkValidateModeTiming: FB:0 -> 1920 x 1080, ext_blanking=0, 174500000 Hz
2026-09-13 16:47:24.392832-0300 0x3e6      Default     0x0                  0      0    kernel: (AppleGraphicsDevicePolicy) AGDP:: VendorEventHandler:752 kAGDCRegisterLinkValidateModeTiming-ext: pEnc 0x2, pBPC=0x2, pColometry=0x80, dRange=0x1 dscBPP=0
2026-09-13 16:47:24.392837-0300 0x3e6      Default     0x0                  0      0    kernel: (AppleGraphicsDevicePolicy) AGDP:: validateMode:166 Validating mode FB:0 -> 1920 x 1080, 174500000 Hz
2026-09-13 16:47:24.392842-0300 0x3e6      Default     0x0                  0      0    kernel: (AppleGraphicsDevicePolicy) AGDP:: validateMode:368 response accepted on:0
2026-09-13 16:47:24.392845-0300 0x3e6      Default     0x0                  0      0    kernel: (AppleGraphicsDevicePolicy) AGDP:: VendorEventHandler:781 kAGDCRegisterLinkValidateModeTiming: accepted by policy.
2026-09-13 16:47:24.393128-0300 0x3e6      Default     0x0                  0      0    kernel: (AppleGraphicsDevicePolicy) AGDP:: VendorEventHandler:484 VendorEventHandler [GFX0:AMD]: Port: -1336215936.00000000 Event:ValidateModeTiming [a]
2026-09-13 16:47:24.393132-0300 0x3e6      Default     0x0                  0      0    kernel: (AppleGraphicsDevicePolicy) AGDP:: VendorEventHandler:751 kAGDCRegisterLinkValidateModeTiming: FB:0 -> 1920 x 1080, ext_blanking=0, 174500000 Hz
2026-09-13 16:47:24.393136-0300 0x3e6      Default     0x0                  0      0    kernel: (AppleGraphicsDevicePolicy) AGDP:: VendorEventHandler:752 kAGDCRegisterLinkValidateModeTiming-ext: pEnc 0x2, pBPC=0x2, pColometry=0x80, dRange=0x1 dscBPP=0
2026-09-13 16:47:24.393139-0300 0x3e6      Default     0x0                  0      0    kernel: (AppleGraphicsDevicePolicy) AGDP:: validateMode:166 Validating mode FB:0 -> 1920 x 1080, 174500000 Hz
2026-09-13 16:47:24.393141-0300 0x3e6      Default     0x0                  0      0    kernel: (AppleGraphicsDevicePolicy) AGDP:: validateMode:368 response accepted on:0
2026-09-13 16:47:24.393143-0300 0x3e6      Default     0x0                  0      0    kernel: (AppleGraphicsDevicePolicy) AGDP:: VendorEventHandler:781 kAGDCRegisterLinkValidateModeTiming: accepted by policy.
2026-09-13 16:47:24.393326-0300 0x3e6      Default     0x0                  0      0    kernel: (AppleGraphicsDevicePolicy) AGDP:: VendorEventHandler:484 VendorEventHandler [GFX0:AMD]: Port: -1336215936.00000000 Event:ValidateModeTiming [a]
2026-09-13 16:47:24.393331-0300 0x3e6      Default     0x0                  0      0    kernel: (AppleGraphicsDevicePolicy) AGDP:: VendorEventHandler:751 kAGDCRegisterLinkValidateModeTiming: FB:0 -> 1920 x 1080, ext_blanking=0, 174500000 Hz
2026-09-13 16:47:24.393334-0300 0x3e6      Default     0x0                  0      0    kernel: (AppleGraphicsDevicePolicy) AGDP:: VendorEventHandler:752 kAGDCRegisterLinkValidateModeTiming-ext: pEnc 0x2, pBPC=0x2, pColometry=0x80, dRange=0x1 dscBPP=0
2026-09-13 16:47:24.393337-0300 0x3e6      Default     0x0                  0      0    kernel: (AppleGraphicsDevicePolicy) AGDP:: validateMode:166 Validating mode FB:0 -> 1920 x 1080, 174500000 Hz
2026-09-13 16:47:24.393340-0300 0x3e6      Default     0x0                  0      0    kernel: (AppleGraphicsDevicePolicy) AGDP:: validateMode:368 response accepted on:0
2026-09-13 16:47:24.393341-0300 0x3e6      Default     0x0                  0      0    kernel: (AppleGraphicsDevicePolicy) AGDP:: VendorEventHandler:781 kAGDCRegisterLinkValidateModeTiming: accepted by policy.
2026-09-13 16:47:24.393552-0300 0x3e6      Default     0x0                  0      0    kernel: (AppleGraphicsDevicePolicy) AGDP:: VendorEventHandler:484 VendorEventHandler [GFX0:AMD]: Port: -1336215936.00000000 Event:ValidateModeTiming [a]
2026-09-13 16:47:24.393556-0300 0x3e6      Default     0x0                  0      0    kernel: (AppleGraphicsDevicePolicy) AGDP:: VendorEventHandler:751 kAGDCRegisterLinkValidateModeTiming: FB:0 -> 1920 x 1080, ext_blanking=0, 174500000 Hz
2026-09-13 16:47:24.393560-0300 0x3e6      Default     0x0                  0      0    kernel: (AppleGraphicsDevicePolicy) AGDP:: VendorEventHandler:752 kAGDCRegisterLinkValidateModeTiming-ext: pEnc 0x2, pBPC=0x2, pColometry=0x80, dRange=0x1 dscBPP=0
2026-09-13 16:47:24.393563-0300 0x3e6      Default     0x0                  0      0    kernel: (AppleGraphicsDevicePolicy) AGDP:: validateMode:166 Validating mode FB:0 -> 1920 x 1080, 174500000 Hz
2026-09-13 16:47:24.393565-0300 0x3e6      Default     0x0                  0      0    kernel: (AppleGraphicsDevicePolicy) AGDP:: validateMode:368 response accepted on:0
2026-09-13 16:47:24.393567-0300 0x3e6      Default     0x0                  0      0    kernel: (AppleGraphicsDevicePolicy) AGDP:: VendorEventHandler:781 kAGDCRegisterLinkValidateModeTiming: accepted by policy.
2026-09-13 16:47:24.399749-0300 0x3e6      Default     0x0                  0      0    kernel: (AppleGraphicsDevicePolicy) AGDP:: VendorEventHandler:484 VendorEventHandler [GFX0:AMD]: Port: -1336216136.00000000 Event:ModesetCallback [c]
2026-09-13 16:47:24.399756-0300 0x3e6      Default     0x0                  0      0    kernel: (AppleGraphicsDevicePolicy) AGDP:: VendorEventHandler:621 **************** kAGDCRegisterLinkModesetCallback #1 **************** 1:0:1
2026-09-13 16:47:24.399759-0300 0x3e6      Default     0x0                  0      0    kernel: (AppleGraphicsDevicePolicy) AGDP:: VendorEventHandler:623 kAGDCRegisterLinkModesetCallback-ext: FB:0 -> 1920 x 1080, ext_blanking=0, 228800000 Hz
2026-09-13 16:47:24.399765-0300 0x3e6      Default     0x0                  0      0    kernel: (AppleGraphicsDevicePolicy) AGDP:: VendorEventHandler:624 kAGDCRegisterLinkModesetCallback-ext-2: pEnc=0x2, pBPC=0x2, pColometry=0x80, dRange=0x1 dscBPP=0
2026-09-13 16:47:24.399769-0300 0x3e6      Default     0x0                  0      0    kernel: (AppleGraphicsDevicePolicy) AGDP:: validateMode:166 Validating mode FB:0 -> 1920 x 1080, 228800000 Hz
2026-09-13 16:47:24.399772-0300 0x3e6      Default     0x0                  0      0    kernel: (AppleGraphicsDevicePolicy) AGDP:: validateMode:368 response accepted on:0
2026-09-13 16:47:24.399774-0300 0x3e6      Default     0x0                  0      0    kernel: (AppleGraphicsDevicePolicy) AGDP:: getPconPortInfo:30 Invalid port number 0
2026-09-13 16:47:24.399776-0300 0x3e6      Default     0x0                  0      0    kernel: (AppleGraphicsDevicePolicy) AGDP:: VendorEventHandler:484 VendorEventHandler [GFX0:AMD]: Port: -1336216136.00000000 Event:ModesetCallback [c]
2026-09-13 16:47:24.399779-0300 0x3e6      Default     0x0                  0      0    kernel: (AppleGraphicsDevicePolicy) AGDP:: VendorEventHandler:621 **************** kAGDCRegisterLinkModesetCallback #2 **************** 1:1:1
2026-09-13 16:47:24.399782-0300 0x3e6      Default     0x0                  0      0    kernel: (AppleGraphicsDevicePolicy) AGDP:: VendorEventHandler:623 kAGDCRegisterLinkModesetCallback-ext: FB:0 -> 1920 x 1080, ext_blanking=0, 228800000 Hz
2026-09-13 16:47:24.399785-0300 0x3e6      Default     0x0                  0      0    kernel: (AppleGraphicsDevicePolicy) AGDP:: VendorEventHandler:624 kAGDCRegisterLinkModesetCallback-ext-2: pEnc=0x2, pBPC=0x2, pColometry=0x80, dRange=0x1 dscBPP=0
2026-09-13 16:47:24.399788-0300 0x3e6      Default     0x0                  0      0    kernel: (AppleGraphicsDevicePolicy) Warning!! AGDP: vendor modeset callback invalid sequence or interleaving!!
2026-09-13 16:47:24.399790-0300 0x3e6      Default     0x0                  0      0    kernel: (AppleGraphicsDevicePolicy) AGDP:: validateMode:166 Validating mode FB:0 -> 1920 x 1080, 228800000 Hz
2026-09-13 16:47:24.399792-0300 0x3e6      Default     0x0                  0      0    kernel: (AppleGraphicsDevicePolicy) AGDP:: validateMode:368 response accepted on:0
2026-09-13 16:47:24.399794-0300 0x3e6      Default     0x0                  0      0    kernel: (AppleGraphicsDevicePolicy) AGDP:: getPconPortInfo:30 Invalid port number 0
2026-09-13 16:47:24.401960-0300 0x3e6      Default     0x0                  0      0    kernel: (AppleGraphicsDevicePolicy) AGDP:: VendorEventHandler:484 VendorEventHandler [GFX0:AMD]: Port: -1336215936.00000000 Event:ValidateModeTiming [a]
2026-09-13 16:47:24.401966-0300 0x3e6      Default     0x0                  0      0    kernel: (AppleGraphicsDevicePolicy) AGDP:: VendorEventHandler:751 kAGDCRegisterLinkValidateModeTiming: FB:0 -> 1920 x 1080, ext_blanking=0, 228800000 Hz
2026-09-13 16:47:24.401970-0300 0x3e6      Default     0x0                  0      0    kernel: (AppleGraphicsDevicePolicy) AGDP:: VendorEventHandler:752 kAGDCRegisterLinkValidateModeTiming-ext: pEnc 0x2, pBPC=0x2, pColometry=0x80, dRange=0x1 dscBPP=0
2026-09-13 16:47:24.401974-0300 0x3e6      Default     0x0                  0      0    kernel: (AppleGraphicsDevicePolicy) AGDP:: validateMode:166 Validating mode FB:0 -> 1920 x 1080, 228800000 Hz
2026-09-13 16:47:24.401976-0300 0x3e6      Default     0x0                  0      0    kernel: (AppleGraphicsDevicePolicy) AGDP:: validateMode:368 response accepted on:0
2026-09-13 16:47:24.401978-0300 0x3e6      Default     0x0                  0      0    kernel: (AppleGraphicsDevicePolicy) AGDP:: VendorEventHandler:781 kAGDCRegisterLinkValidateModeTiming: accepted by policy.
2026-09-13 16:47:24.402025-0300 0x3e6      Default     0x0                  0      0    kernel: (AppleGraphicsDevicePolicy) AGDP:: VendorEventHandler:484 VendorEventHandler [GFX0:AMD]: Port: -1336215936.00000000 Event:ValidateModeTiming [a]
2026-09-13 16:47:24.402030-0300 0x3e6      Default     0x0                  0      0    kernel: (AppleGraphicsDevicePolicy) AGDP:: VendorEventHandler:751 kAGDCRegisterLinkValidateModeTiming: FB:0 -> 1920 x 1080, ext_blanking=0, 138500000 Hz
2026-09-13 16:47:24.402033-0300 0x3e6      Default     0x0                  0      0    kernel: (AppleGraphicsDevicePolicy) AGDP:: VendorEventHandler:752 kAGDCRegisterLinkValidateModeTiming-ext: pEnc 0x2, pBPC=0x2, pColometry=0x80, dRange=0x1 dscBPP=0
2026-09-13 16:47:24.402036-0300 0x3e6      Default     0x0                  0      0    kernel: (AppleGraphicsDevicePolicy) AGDP:: validateMode:166 Validating mode FB:0 -> 1920 x 1080, 138500000 Hz
2026-09-13 16:47:24.402038-0300 0x3e6      Default     0x0                  0      0    kernel: (AppleGraphicsDevicePolicy) AGDP:: validateMode:368 response accepted on:0
2026-09-13 16:47:24.402040-0300 0x3e6      Default     0x0                  0      0    kernel: (AppleGraphicsDevicePolicy) AGDP:: VendorEventHandler:781 kAGDCRegisterLinkValidateModeTiming: accepted by policy.
2026-09-13 16:47:24.402084-0300 0x3e6      Default     0x0                  0      0    kernel: (AppleGraphicsDevicePolicy) AGDP:: VendorEventHandler:484 VendorEventHandler [GFX0:AMD]: Port: -1336215936.00000000 Event:ValidateModeTiming [a]
2026-09-13 16:47:24.402088-0300 0x3e6      Default     0x0                  0      0    kernel: (AppleGraphicsDevicePolicy) AGDP:: VendorEventHandler:751 kAGDCRegisterLinkValidateModeTiming: FB:0 -> 1280 x 720, ext_blanking=0, 74250000 Hz
2026-09-13 16:47:24.402091-0300 0x3e6      Default     0x0                  0      0    kernel: (AppleGraphicsDevicePolicy) AGDP:: VendorEventHandler:752 kAGDCRegisterLinkValidateModeTiming-ext: pEnc 0x2, pBPC=0x2, pColometry=0x80, dRange=0x1 dscBPP=0
2026-09-13 16:47:24.402094-0300 0x3e6      Default     0x0                  0      0    kernel: (AppleGraphicsDevicePolicy) AGDP:: validateMode:166 Validating mode FB:0 -> 1280 x 720, 74250000 Hz
2026-09-13 16:47:24.402096-0300 0x3e6      Default     0x0                  0      0    kernel: (AppleGraphicsDevicePolicy) AGDP:: validateMode:368 response accepted on:0
2026-09-13 16:47:24.402098-0300 0x3e6      Default     0x0                  0      0    kernel: (AppleGraphicsDevicePolicy) AGDP:: VendorEventHandler:781 kAGDCRegisterLinkValidateModeTiming: accepted by policy.
2026-09-13 16:47:24.402138-0300 0x3e6      Default     0x0                  0      0    kernel: (AppleGraphicsDevicePolicy) AGDP:: VendorEventHandler:484 VendorEventHandler [GFX0:AMD]: Port: -1336215936.00000000 Event:ValidateModeTiming [a]
2026-09-13 16:47:24.402146-0300 0x3e6      Default     0x0                  0      0    kernel: (AppleGraphicsDevicePolicy) AGDP:: VendorEventHandler:751 kAGDCRegisterLinkValidateModeTiming: FB:0 -> 720 x 480, ext_blanking=0, 27000000 Hz
2026-09-13 16:47:24.402149-0300 0x3e6      Default     0x0                  0      0    kernel: (AppleGraphicsDevicePolicy) AGDP:: VendorEventHandler:752 kAGDCRegisterLinkValidateModeTiming-ext: pEnc 0x2, pBPC=0x2, pColometry=0x80, dRange=0x1 dscBPP=0
2026-09-13 16:47:24.402152-0300 0x3e6      Default     0x0                  0      0    kernel: (AppleGraphicsDevicePolicy) AGDP:: validateMode:166 Validating mode FB:0 -> 720 x 480, 27000000 Hz
2026-09-13 16:47:24.402154-0300 0x3e6      Default     0x0                  0      0    kernel: (AppleGraphicsDevicePolicy) AGDP:: validateMode:368 response accepted on:0
2026-09-13 16:47:24.402156-0300 0x3e6      Default     0x0                  0      0    kernel: (AppleGraphicsDevicePolicy) AGDP:: VendorEventHandler:781 kAGDCRegisterLinkValidateModeTiming: accepted by policy.
2026-09-13 16:47:24.402203-0300 0x3e6      Default     0x0                  0      0    kernel: (AppleGraphicsDevicePolicy) AGDP:: VendorEventHandler:484 VendorEventHandler [GFX0:AMD]: Port: -1336215936.00000000 Event:ValidateModeTiming [a]
2026-09-13 16:47:24.402207-0300 0x3e6      Default     0x0                  0      0    kernel: (AppleGraphicsDevicePolicy) AGDP:: VendorEventHandler:751 kAGDCRegisterLinkValidateModeTiming: FB:0 -> 640 x 480, ext_blanking=0, 25174999 Hz
2026-09-13 16:47:24.402211-0300 0x3e6      Default     0x0                  0      0    kernel: (AppleGraphicsDevicePolicy) AGDP:: VendorEventHandler:752 kAGDCRegisterLinkValidateModeTiming-ext: pEnc 0x2, pBPC=0x2, pColometry=0x80, dRange=0x1 dscBPP=0
2026-09-13 16:47:24.402214-0300 0x3e6      Default     0x0                  0      0    kernel: (AppleGraphicsDevicePolicy) AGDP:: validateMode:166 Validating mode FB:0 -> 640 x 480, 25174999 Hz
2026-09-13 16:47:24.402216-0300 0x3e6      Default     0x0                  0      0    kernel: (AppleGraphicsDevicePolicy) AGDP:: validateMode:368 response accepted on:0
2026-09-13 16:47:24.402218-0300 0x3e6      Default     0x0                  0      0    kernel: (AppleGraphicsDevicePolicy) AGDP:: VendorEventHandler:781 kAGDCRegisterLinkValidateModeTiming: accepted by policy.
2026-09-13 16:47:24.402257-0300 0x3e6      Default     0x0                  0      0    kernel: (AppleGraphicsDevicePolicy) AGDP:: VendorEventHandler:484 VendorEventHandler [GFX0:AMD]: Port: -1336215936.00000000 Event:ValidateModeTiming [a]
2026-09-13 16:47:24.402261-0300 0x3e6      Default     0x0                  0      0    kernel: (AppleGraphicsDevicePolicy) AGDP:: VendorEventHandler:751 kAGDCRegisterLinkValidateModeTiming: FB:0 -> 720 x 576, ext_blanking=0, 27000000 Hz
2026-09-13 16:47:24.402264-0300 0x3e6      Default     0x0                  0      0    kernel: (AppleGraphicsDevicePolicy) AGDP:: VendorEventHandler:752 kAGDCRegisterLinkValidateModeTiming-ext: pEnc 0x2, pBPC=0x2, pColometry=0x80, dRange=0x1 dscBPP=0
2026-09-13 16:47:24.402267-0300 0x3e6      Default     0x0                  0      0    kernel: (AppleGraphicsDevicePolicy) AGDP:: validateMode:166 Validating mode FB:0 -> 720 x 576, 27000000 Hz
2026-09-13 16:47:24.402270-0300 0x3e6      Default     0x0                  0      0    kernel: (AppleGraphicsDevicePolicy) AGDP:: validateMode:368 response accepted on:0
2026-09-13 16:47:24.402271-0300 0x3e6      Default     0x0                  0      0    kernel: (AppleGraphicsDevicePolicy) AGDP:: VendorEventHandler:781 kAGDCRegisterLinkValidateModeTiming: accepted by policy.
2026-09-13 16:47:24.402311-0300 0x3e6      Default     0x0                  0      0    kernel: (AppleGraphicsDevicePolicy) AGDP:: VendorEventHandler:484 VendorEventHandler [GFX0:AMD]: Port: -1336215936.00000000 Event:ValidateModeTiming [a]
2026-09-13 16:47:24.402314-0300 0x3e6      Default     0x0                  0      0    kernel: (AppleGraphicsDevicePolicy) AGDP:: VendorEventHandler:751 kAGDCRegisterLinkValidateModeTiming: FB:0 -> 1280 x 720, ext_blanking=0, 74250000 Hz
2026-09-13 16:47:24.402317-0300 0x3e6      Default     0x0                  0      0    kernel: (AppleGraphicsDevicePolicy) AGDP:: VendorEventHandler:752 kAGDCRegisterLinkValidateModeTiming-ext: pEnc 0x2, pBPC=0x2, pColometry=0x80, dRange=0x1 dscBPP=0
2026-09-13 16:47:24.402320-0300 0x3e6      Default     0x0                  0      0    kernel: (AppleGraphicsDevicePolicy) AGDP:: validateMode:166 Validating mode FB:0 -> 1280 x 720, 74250000 Hz
2026-09-13 16:47:24.402323-0300 0x3e6      Default     0x0                  0      0    kernel: (AppleGraphicsDevicePolicy) AGDP:: validateMode:368 response accepted on:0
2026-09-13 16:47:24.402325-0300 0x3e6      Default     0x0                  0      0    kernel: (AppleGraphicsDevicePolicy) AGDP:: VendorEventHandler:781 kAGDCRegisterLinkValidateModeTiming: accepted by policy.
2026-09-13 16:47:24.402362-0300 0x3e6      Default     0x0                  0      0    kernel: (AppleGraphicsDevicePolicy) AGDP:: VendorEventHandler:484 VendorEventHandler [GFX0:AMD]: Port: -1336215936.00000000 Event:ValidateModeTiming [a]
2026-09-13 16:47:24.402366-0300 0x3e6      Default     0x0                  0      0    kernel: (AppleGraphicsDevicePolicy) AGDP:: VendorEventHandler:751 kAGDCRegisterLinkValidateModeTiming: FB:0 -> 1920 x 1080, ext_blanking=0, 148500000 Hz
2026-09-13 16:47:24.402369-0300 0x3e6      Default     0x0                  0      0    kernel: (AppleGraphicsDevicePolicy) AGDP:: VendorEventHandler:752 kAGDCRegisterLinkValidateModeTiming-ext: pEnc 0x2, pBPC=0x2, pColometry=0x80, dRange=0x1 dscBPP=0
2026-09-13 16:47:24.402372-0300 0x3e6      Default     0x0                  0      0    kernel: (AppleGraphicsDevicePolicy) AGDP:: validateMode:166 Validating mode FB:0 -> 1920 x 1080, 148500000 Hz
2026-09-13 16:47:24.402375-0300 0x3e6      Default     0x0                  0      0    kernel: (AppleGraphicsDevicePolicy) AGDP:: validateMode:368 response accepted on:0
2026-09-13 16:47:24.402377-0300 0x3e6      Default     0x0                  0      0    kernel: (AppleGraphicsDevicePolicy) AGDP:: VendorEventHandler:781 kAGDCRegisterLinkValidateModeTiming: accepted by policy.
2026-09-13 16:47:24.402414-0300 0x3e6      Default     0x0                  0      0    kernel: (AppleGraphicsDevicePolicy) AGDP:: VendorEventHandler:484 VendorEventHandler [GFX0:AMD]: Port: -1336215936.00000000 Event:ValidateModeTiming [a]
2026-09-13 16:47:24.402418-0300 0x3e6      Default     0x0                  0      0    kernel: (AppleGraphicsDevicePolicy) AGDP:: VendorEventHandler:751 kAGDCRegisterLinkValidateModeTiming: FB:0 -> 1920 x 1080, ext_blanking=0, 174500000 Hz
2026-09-13 16:47:24.402421-0300 0x3e6      Default     0x0                  0      0    kernel: (AppleGraphicsDevicePolicy) AGDP:: VendorEventHandler:752 kAGDCRegisterLinkValidateModeTiming-ext: pEnc 0x2, pBPC=0x2, pColometry=0x80, dRange=0x1 dscBPP=0
2026-09-13 16:47:24.402424-0300 0x3e6      Default     0x0                  0      0    kernel: (AppleGraphicsDevicePolicy) AGDP:: validateMode:166 Validating mode FB:0 -> 1920 x 1080, 174500000 Hz
2026-09-13 16:47:24.402426-0300 0x3e6      Default     0x0                  0      0    kernel: (AppleGraphicsDevicePolicy) AGDP:: validateMode:368 response accepted on:0
2026-09-13 16:47:24.402428-0300 0x3e6      Default     0x0                  0      0    kernel: (AppleGraphicsDevicePolicy) AGDP:: VendorEventHandler:781 kAGDCRegisterLinkValidateModeTiming: accepted by policy.
2026-09-13 16:47:24.402469-0300 0x3e6      Default     0x0                  0      0    kernel: (AppleGraphicsDevicePolicy) AGDP:: VendorEventHandler:484 VendorEventHandler [GFX0:AMD]: Port: -1336215936.00000000 Event:ValidateModeTiming [a]
2026-09-13 16:47:24.402473-0300 0x3e6      Default     0x0                  0      0    kernel: (AppleGraphicsDevicePolicy) AGDP:: VendorEventHandler:751 kAGDCRegisterLinkValidateModeTiming: FB:0 -> 1280 x 720, ext_blanking=0, 74250000 Hz
2026-09-13 16:47:24.402476-0300 0x3e6      Default     0x0                  0      0    kernel: (AppleGraphicsDevicePolicy) AGDP:: VendorEventHandler:752 kAGDCRegisterLinkValidateModeTiming-ext: pEnc 0x2, pBPC=0x2, pColometry=0x80, dRange=0x1 dscBPP=0
2026-09-13 16:47:24.402479-0300 0x3e6      Default     0x0                  0      0    kernel: (AppleGraphicsDevicePolicy) AGDP:: validateMode:166 Validating mode FB:0 -> 1280 x 720, 74250000 Hz
2026-09-13 16:47:24.402481-0300 0x3e6      Default     0x0                  0      0    kernel: (AppleGraphicsDevicePolicy) AGDP:: validateMode:368 response accepted on:0
2026-09-13 16:47:24.402485-0300 0x3e6      Default     0x0                  0      0    kernel: (AppleGraphicsDevicePolicy) AGDP:: VendorEventHandler:781 kAGDCRegisterLinkValidateModeTiming: accepted by policy.
2026-09-13 16:47:24.402523-0300 0x3e6      Default     0x0                  0      0    kernel: (AppleGraphicsDevicePolicy) AGDP:: VendorEventHandler:484 VendorEventHandler [GFX0:AMD]: Port: -1336215936.00000000 Event:ValidateModeTiming [a]
2026-09-13 16:47:24.402527-0300 0x3e6      Default     0x0                  0      0    kernel: (AppleGraphicsDevicePolicy) AGDP:: VendorEventHandler:751 kAGDCRegisterLinkValidateModeTiming: FB:0 -> 1280 x 720, ext_blanking=0, 74250000 Hz
2026-09-13 16:47:24.402530-0300 0x3e6      Default     0x0                  0      0    kernel: (AppleGraphicsDevicePolicy) AGDP:: VendorEventHandler:752 kAGDCRegisterLinkValidateModeTiming-ext: pEnc 0x1, pBPC=0x2, pColometry=0x80, dRange=0x1 dscBPP=0
2026-09-13 16:47:24.402533-0300 0x3e6      Default     0x0                  0      0    kernel: (AppleGraphicsDevicePolicy) AGDP:: validateMode:166 Validating mode FB:0 -> 1280 x 720, 74250000 Hz
2026-09-13 16:47:24.402535-0300 0x3e6      Default     0x0                  0      0    kernel: (AppleGraphicsDevicePolicy) AGDP:: validateMode:368 response accepted on:0
2026-09-13 16:47:24.402537-0300 0x3e6      Default     0x0                  0      0    kernel: (AppleGraphicsDevicePolicy) AGDP:: VendorEventHandler:781 kAGDCRegisterLinkValidateModeTiming: accepted by policy.
2026-09-13 16:47:24.402575-0300 0x3e6      Default     0x0                  0      0    kernel: (AppleGraphicsDevicePolicy) AGDP:: VendorEventHandler:484 VendorEventHandler [GFX0:AMD]: Port: -1336215936.00000000 Event:ValidateModeTiming [a]
2026-09-13 16:47:24.402578-0300 0x3e6      Default     0x0                  0      0    kernel: (AppleGraphicsDevicePolicy) AGDP:: VendorEventHandler:751 kAGDCRegisterLinkValidateModeTiming: FB:0 -> 1920 x 1080, ext_blanking=0, 228800000 Hz
2026-09-13 16:47:24.402582-0300 0x3e6      Default     0x0                  0      0    kernel: (AppleGraphicsDevicePolicy) AGDP:: VendorEventHandler:752 kAGDCRegisterLinkValidateModeTiming-ext: pEnc 0x2, pBPC=0x2, pColometry=0x80, dRange=0x1 dscBPP=0
2026-09-13 16:47:24.402585-0300 0x3e6      Default     0x0                  0      0    kernel: (AppleGraphicsDevicePolicy) AGDP:: validateMode:166 Validating mode FB:0 -> 1920 x 1080, 228800000 Hz
2026-09-13 16:47:24.402587-0300 0x3e6      Default     0x0                  0      0    kernel: (AppleGraphicsDevicePolicy) AGDP:: validateMode:368 response accepted on:0
2026-09-13 16:47:24.402589-0300 0x3e6      Default     0x0                  0      0    kernel: (AppleGraphicsDevicePolicy) AGDP:: VendorEventHandler:781 kAGDCRegisterLinkValidateModeTiming: accepted by policy.
2026-09-13 16:47:24.402600-0300 0x3e6      Default     0x0                  0      0    kernel: (AppleGraphicsDevicePolicy) AGDP:: VendorEventHandler:484 VendorEventHandler [GFX0:AMD]: Port: -1336215936.00000000 Event:ValidateModeTiming [a]
2026-09-13 16:47:24.402604-0300 0x3e6      Default     0x0                  0      0    kernel: (AppleGraphicsDevicePolicy) AGDP:: VendorEventHandler:751 kAGDCRegisterLinkValidateModeTiming: FB:0 -> 1920 x 1080, ext_blanking=0, 228800000 Hz
2026-09-13 16:47:24.402607-0300 0x3e6      Default     0x0                  0      0    kernel: (AppleGraphicsDevicePolicy) AGDP:: VendorEventHandler:752 kAGDCRegisterLinkValidateModeTiming-ext: pEnc 0x2, pBPC=0x2, pColometry=0x80, dRange=0x1 dscBPP=0
2026-09-13 16:47:24.402610-0300 0x3e6      Default     0x0                  0      0    kernel: (AppleGraphicsDevicePolicy) AGDP:: validateMode:166 Validating mode FB:0 -> 1920 x 1080, 228800000 Hz
2026-09-13 16:47:24.402612-0300 0x3e6      Default     0x0                  0      0    kernel: (AppleGraphicsDevicePolicy) AGDP:: validateMode:368 response accepted on:0
2026-09-13 16:47:24.402614-0300 0x3e6      Default     0x0                  0      0    kernel: (AppleGraphicsDevicePolicy) AGDP:: VendorEventHandler:781 kAGDCRegisterLinkValidateModeTiming: accepted by policy.
2026-09-13 16:47:24.402624-0300 0x3e6      Default     0x0                  0      0    kernel: (AppleGraphicsDevicePolicy) AGDP:: VendorEventHandler:484 VendorEventHandler [GFX0:AMD]: Port: -1336215936.00000000 Event:ValidateModeTiming [a]
2026-09-13 16:47:24.402628-0300 0x3e6      Default     0x0                  0      0    kernel: (AppleGraphicsDevicePolicy) AGDP:: VendorEventHandler:751 kAGDCRegisterLinkValidateModeTiming: FB:0 -> 1920 x 1080, ext_blanking=0, 228800000 Hz
2026-09-13 16:47:24.402631-0300 0x3e6      Default     0x0                  0      0    kernel: (AppleGraphicsDevicePolicy) AGDP:: VendorEventHandler:752 kAGDCRegisterLinkValidateModeTiming-ext: pEnc 0x2, pBPC=0x2, pColometry=0x80, dRange=0x1 dscBPP=0
2026-09-13 16:47:24.402634-0300 0x3e6      Default     0x0                  0      0    kernel: (AppleGraphicsDevicePolicy) AGDP:: validateMode:166 Validating mode FB:0 -> 1920 x 1080, 228800000 Hz
2026-09-13 16:47:24.402636-0300 0x3e6      Default     0x0                  0      0    kernel: (AppleGraphicsDevicePolicy) AGDP:: validateMode:368 response accepted on:0
2026-09-13 16:47:24.402638-0300 0x3e6      Default     0x0                  0      0    kernel: (AppleGraphicsDevicePolicy) AGDP:: VendorEventHandler:781 kAGDCRegisterLinkValidateModeTiming: accepted by policy.
2026-09-13 16:47:24.402647-0300 0x3e6      Default     0x0                  0      0    kernel: (AppleGraphicsDevicePolicy) AGDP:: VendorEventHandler:484 VendorEventHandler [GFX0:AMD]: Port: -1336215936.00000000 Event:ValidateModeTiming [a]
2026-09-13 16:47:24.402653-0300 0x3e6      Default     0x0                  0      0    kernel: (AppleGraphicsDevicePolicy) AGDP:: VendorEventHandler:751 kAGDCRegisterLinkValidateModeTiming: FB:0 -> 1920 x 1080, ext_blanking=0, 228800000 Hz
2026-09-13 16:47:24.402656-0300 0x3e6      Default     0x0                  0      0    kernel: (AppleGraphicsDevicePolicy) AGDP:: VendorEventHandler:752 kAGDCRegisterLinkValidateModeTiming-ext: pEnc 0x2, pBPC=0x2, pColometry=0x80, dRange=0x1 dscBPP=0
2026-09-13 16:47:24.402659-0300 0x3e6      Default     0x0                  0      0    kernel: (AppleGraphicsDevicePolicy) AGDP:: validateMode:166 Validating mode FB:0 -> 1920 x 1080, 228800000 Hz
2026-09-13 16:47:24.402661-0300 0x3e6      Default     0x0                  0      0    kernel: (AppleGraphicsDevicePolicy) AGDP:: validateMode:368 response accepted on:0
2026-09-13 16:47:24.402663-0300 0x3e6      Default     0x0                  0      0    kernel: (AppleGraphicsDevicePolicy) AGDP:: VendorEventHandler:781 kAGDCRegisterLinkValidateModeTiming: accepted by policy.
2026-09-13 16:47:24.402675-0300 0x3e6      Default     0x0                  0      0    kernel: (AppleGraphicsDevicePolicy) AGDP:: VendorEventHandler:484 VendorEventHandler [GFX0:AMD]: Port: -1336215936.00000000 Event:ValidateModeTiming [a]
2026-09-13 16:47:24.402679-0300 0x3e6      Default     0x0                  0      0    kernel: (AppleGraphicsDevicePolicy) AGDP:: VendorEventHandler:751 kAGDCRegisterLinkValidateModeTiming: FB:0 -> 1920 x 1080, ext_blanking=0, 228800000 Hz
2026-09-13 16:47:24.402682-0300 0x3e6      Default     0x0                  0      0    kernel: (AppleGraphicsDevicePolicy) AGDP:: VendorEventHandler:752 kAGDCRegisterLinkValidateModeTiming-ext: pEnc 0x2, pBPC=0x2, pColometry=0x80, dRange=0x1 dscBPP=0
2026-09-13 16:47:24.402685-0300 0x3e6      Default     0x0                  0      0    kernel: (AppleGraphicsDevicePolicy) AGDP:: validateMode:166 Validating mode FB:0 -> 1920 x 1080, 228800000 Hz
2026-09-13 16:47:24.402687-0300 0x3e6      Default     0x0                  0      0    kernel: (AppleGraphicsDevicePolicy) AGDP:: validateMode:368 response accepted on:0
2026-09-13 16:47:24.402689-0300 0x3e6      Default     0x0                  0      0    kernel: (AppleGraphicsDevicePolicy) AGDP:: VendorEventHandler:781 kAGDCRegisterLinkValidateModeTiming: accepted by policy.
2026-09-13 16:47:24.402699-0300 0x3e6      Default     0x0                  0      0    kernel: (AppleGraphicsDevicePolicy) AGDP:: VendorEventHandler:484 VendorEventHandler [GFX0:AMD]: Port: -1336215936.00000000 Event:ValidateModeTiming [a]
2026-09-13 16:47:24.402702-0300 0x3e6      Default     0x0                  0      0    kernel: (AppleGraphicsDevicePolicy) AGDP:: VendorEventHandler:751 kAGDCRegisterLinkValidateModeTiming: FB:0 -> 1920 x 1080, ext_blanking=0, 228800000 Hz
2026-09-13 16:47:24.402705-0300 0x3e6      Default     0x0                  0      0    kernel: (AppleGraphicsDevicePolicy) AGDP:: VendorEventHandler:752 kAGDCRegisterLinkValidateModeTiming-ext: pEnc 0x2, pBPC=0x2, pColometry=0x80, dRange=0x1 dscBPP=0
2026-09-13 16:47:24.402708-0300 0x3e6      Default     0x0                  0      0    kernel: (AppleGraphicsDevicePolicy) AGDP:: validateMode:166 Validating mode FB:0 -> 1920 x 1080, 228800000 Hz
2026-09-13 16:47:24.402716-0300 0x3e6      Default     0x0                  0      0    kernel: (AppleGraphicsDevicePolicy) AGDP:: validateMode:368 response accepted on:0
2026-09-13 16:47:24.402718-0300 0x3e6      Default     0x0                  0      0    kernel: (AppleGraphicsDevicePolicy) AGDP:: VendorEventHandler:781 kAGDCRegisterLinkValidateModeTiming: accepted by policy.
2026-09-13 16:47:24.402728-0300 0x3e6      Default     0x0                  0      0    kernel: (AppleGraphicsDevicePolicy) AGDP:: VendorEventHandler:484 VendorEventHandler [GFX0:AMD]: Port: -1336215936.00000000 Event:ValidateModeTiming [a]
2026-09-13 16:47:24.402732-0300 0x3e6      Default     0x0                  0      0    kernel: (AppleGraphicsDevicePolicy) AGDP:: VendorEventHandler:751 kAGDCRegisterLinkValidateModeTiming: FB:0 -> 1920 x 1080, ext_blanking=0, 228800000 Hz
2026-09-13 16:47:24.402735-0300 0x3e6      Default     0x0                  0      0    kernel: (AppleGraphicsDevicePolicy) AGDP:: VendorEventHandler:752 kAGDCRegisterLinkValidateModeTiming-ext: pEnc 0x2, pBPC=0x2, pColometry=0x80, dRange=0x1 dscBPP=0
2026-09-13 16:47:24.402738-0300 0x3e6      Default     0x0                  0      0    kernel: (AppleGraphicsDevicePolicy) AGDP:: validateMode:166 Validating mode FB:0 -> 1920 x 1080, 228800000 Hz
2026-09-13 16:47:24.402740-0300 0x3e6      Default     0x0                  0      0    kernel: (AppleGraphicsDevicePolicy) AGDP:: validateMode:368 response accepted on:0
2026-09-13 16:47:24.402742-0300 0x3e6      Default     0x0                  0      0    kernel: (AppleGraphicsDevicePolicy) AGDP:: VendorEventHandler:781 kAGDCRegisterLinkValidateModeTiming: accepted by policy.
2026-09-13 16:47:24.402750-0300 0x3e6      Default     0x0                  0      0    kernel: (AppleGraphicsDevicePolicy) AGDP:: VendorEventHandler:484 VendorEventHandler [GFX0:AMD]: Port: -1336215936.00000000 Event:ValidateModeTiming [a]
2026-09-13 16:47:24.402754-0300 0x3e6      Default     0x0                  0      0    kernel: (AppleGraphicsDevicePolicy) AGDP:: VendorEventHandler:751 kAGDCRegisterLinkValidateModeTiming: FB:0 -> 1920 x 1080, ext_blanking=0, 228800000 Hz
2026-09-13 16:47:24.402758-0300 0x3e6      Default     0x0                  0      0    kernel: (AppleGraphicsDevicePolicy) AGDP:: VendorEventHandler:752 kAGDCRegisterLinkValidateModeTiming-ext: pEnc 0x2, pBPC=0x2, pColometry=0x80, dRange=0x1 dscBPP=0
2026-09-13 16:47:24.402762-0300 0x3e6      Default     0x0                  0      0    kernel: (AppleGraphicsDevicePolicy) AGDP:: validateMode:166 Validating mode FB:0 -> 1920 x 1080, 228800000 Hz
2026-09-13 16:47:24.402765-0300 0x3e6      Default     0x0                  0      0    kernel: (AppleGraphicsDevicePolicy) AGDP:: validateMode:368 response accepted on:0
2026-09-13 16:47:24.402767-0300 0x3e6      Default     0x0                  0      0    kernel: (AppleGraphicsDevicePolicy) AGDP:: VendorEventHandler:781 kAGDCRegisterLinkValidateModeTiming: accepted by policy.
2026-09-13 16:47:24.402779-0300 0x3e6      Default     0x0                  0      0    kernel: (AppleGraphicsDevicePolicy) AGDP:: VendorEventHandler:484 VendorEventHandler [GFX0:AMD]: Port: -1336215936.00000000 Event:ValidateModeTiming [a]
2026-09-13 16:47:24.402784-0300 0x3e6      Default     0x0                  0      0    kernel: (AppleGraphicsDevicePolicy) AGDP:: VendorEventHandler:751 kAGDCRegisterLinkValidateModeTiming: FB:0 -> 1920 x 1080, ext_blanking=0, 228800000 Hz
2026-09-13 16:47:24.402789-0300 0x3e6      Default     0x0                  0      0    kernel: (AppleGraphicsDevicePolicy) AGDP:: VendorEventHandler:752 kAGDCRegisterLinkValidateModeTiming-ext: pEnc 0x2, pBPC=0x2, pColometry=0x80, dRange=0x1 dscBPP=0
2026-09-13 16:47:24.402793-0300 0x3e6      Default     0x0                  0      0    kernel: (AppleGraphicsDevicePolicy) AGDP:: validateMode:166 Validating mode FB:0 -> 1920 x 1080, 228800000 Hz
2026-09-13 16:47:24.402796-0300 0x3e6      Default     0x0                  0      0    kernel: (AppleGraphicsDevicePolicy) AGDP:: validateMode:368 response accepted on:0
2026-09-13 16:47:24.402798-0300 0x3e6      Default     0x0                  0      0    kernel: (AppleGraphicsDevicePolicy) AGDP:: VendorEventHandler:781 kAGDCRegisterLinkValidateModeTiming: accepted by policy.
2026-09-13 16:47:24.402808-0300 0x3e6      Default     0x0                  0      0    kernel: (AppleGraphicsDevicePolicy) AGDP:: VendorEventHandler:484 VendorEventHandler [GFX0:AMD]: Port: -1336215936.00000000 Event:ValidateModeTiming [a]
2026-09-13 16:47:24.402812-0300 0x3e6      Default     0x0                  0      0    kernel: (AppleGraphicsDevicePolicy) AGDP:: VendorEventHandler:751 kAGDCRegisterLinkValidateModeTiming: FB:0 -> 1920 x 1080, ext_blanking=0, 228800000 Hz
2026-09-13 16:47:24.402818-0300 0x3e6      Default     0x0                  0      0    kernel: (AppleGraphicsDevicePolicy) AGDP:: VendorEventHandler:752 kAGDCRegisterLinkValidateModeTiming-ext: pEnc 0x2, pBPC=0x2, pColometry=0x80, dRange=0x1 dscBPP=0
2026-09-13 16:47:24.402827-0300 0x3e6      Default     0x0                  0      0    kernel: (AppleGraphicsDevicePolicy) AGDP:: validateMode:166 Validating mode FB:0 -> 1920 x 1080, 228800000 Hz
2026-09-13 16:47:24.402830-0300 0x3e6      Default     0x0                  0      0    kernel: (AppleGraphicsDevicePolicy) AGDP:: validateMode:368 response accepted on:0
2026-09-13 16:47:24.402833-0300 0x3e6      Default     0x0                  0      0    kernel: (AppleGraphicsDevicePolicy) AGDP:: VendorEventHandler:781 kAGDCRegisterLinkValidateModeTiming: accepted by policy.
2026-09-13 16:47:24.402844-0300 0x3e6      Default     0x0                  0      0    kernel: (AppleGraphicsDevicePolicy) AGDP:: VendorEventHandler:484 VendorEventHandler [GFX0:AMD]: Port: -1336215936.00000000 Event:ValidateModeTiming [a]
2026-09-13 16:47:24.402848-0300 0x3e6      Default     0x0                  0      0    kernel: (AppleGraphicsDevicePolicy) AGDP:: VendorEventHandler:751 kAGDCRegisterLinkValidateModeTiming: FB:0 -> 1920 x 1080, ext_blanking=0, 228800000 Hz
2026-09-13 16:47:24.402853-0300 0x3e6      Default     0x0                  0      0    kernel: (AppleGraphicsDevicePolicy) AGDP:: VendorEventHandler:752 kAGDCRegisterLinkValidateModeTiming-ext: pEnc 0x2, pBPC=0x2, pColometry=0x80, dRange=0x1 dscBPP=0
2026-09-13 16:47:24.402857-0300 0x3e6      Default     0x0                  0      0    kernel: (AppleGraphicsDevicePolicy) AGDP:: validateMode:166 Validating mode FB:0 -> 1920 x 1080, 228800000 Hz
2026-09-13 16:47:24.402860-0300 0x3e6      Default     0x0                  0      0    kernel: (AppleGraphicsDevicePolicy) AGDP:: validateMode:368 response accepted on:0
2026-09-13 16:47:24.402862-0300 0x3e6      Default     0x0                  0      0    kernel: (AppleGraphicsDevicePolicy) AGDP:: VendorEventHandler:781 kAGDCRegisterLinkValidateModeTiming: accepted by policy.
2026-09-13 16:47:24.402875-0300 0x3e6      Default     0x0                  0      0    kernel: (AppleGraphicsDevicePolicy) AGDP:: VendorEventHandler:484 VendorEventHandler [GFX0:AMD]: Port: -1336215936.00000000 Event:ValidateModeTiming [a]
2026-09-13 16:47:24.402881-0300 0x3e6      Default     0x0                  0      0    kernel: (AppleGraphicsDevicePolicy) AGDP:: VendorEventHandler:751 kAGDCRegisterLinkValidateModeTiming: FB:0 -> 1920 x 1080, ext_blanking=0, 228800000 Hz
2026-09-13 16:47:24.402885-0300 0x3e6      Default     0x0                  0      0    kernel: (AppleGraphicsDevicePolicy) AGDP:: VendorEventHandler:752 kAGDCRegisterLinkValidateModeTiming-ext: pEnc 0x2, pBPC=0x2, pColometry=0x80, dRange=0x1 dscBPP=0
2026-09-13 16:47:24.402890-0300 0x3e6      Default     0x0                  0      0    kernel: (AppleGraphicsDevicePolicy) AGDP:: validateMode:166 Validating mode FB:0 -> 1920 x 1080, 228800000 Hz
2026-09-13 16:47:24.402893-0300 0x3e6      Default     0x0                  0      0    kernel: (AppleGraphicsDevicePolicy) AGDP:: validateMode:368 response accepted on:0
2026-09-13 16:47:24.402895-0300 0x3e6      Default     0x0                  0      0    kernel: (AppleGraphicsDevicePolicy) AGDP:: VendorEventHandler:781 kAGDCRegisterLinkValidateModeTiming: accepted by policy.
2026-09-13 16:47:24.402905-0300 0x3e6      Default     0x0                  0      0    kernel: (AppleGraphicsDevicePolicy) AGDP:: VendorEventHandler:484 VendorEventHandler [GFX0:AMD]: Port: -1336215936.00000000 Event:ValidateModeTiming [a]
2026-09-13 16:47:24.402909-0300 0x3e6      Default     0x0                  0      0    kernel: (AppleGraphicsDevicePolicy) AGDP:: VendorEventHandler:751 kAGDCRegisterLinkValidateModeTiming: FB:0 -> 1920 x 1080, ext_blanking=0, 228800000 Hz
2026-09-13 16:47:24.402915-0300 0x3e6      Default     0x0                  0      0    kernel: (AppleGraphicsDevicePolicy) AGDP:: VendorEventHandler:752 kAGDCRegisterLinkValidateModeTiming-ext: pEnc 0x2, pBPC=0x2, pColometry=0x80, dRange=0x1 dscBPP=0
2026-09-13 16:47:24.402924-0300 0x3e6      Default     0x0                  0      0    kernel: (AppleGraphicsDevicePolicy) AGDP:: validateMode:166 Validating mode FB:0 -> 1920 x 1080, 228800000 Hz
2026-09-13 16:47:24.402927-0300 0x3e6      Default     0x0                  0      0    kernel: (AppleGraphicsDevicePolicy) AGDP:: validateMode:368 response accepted on:0
2026-09-13 16:47:24.402929-0300 0x3e6      Default     0x0                  0      0    kernel: (AppleGraphicsDevicePolicy) AGDP:: VendorEventHandler:781 kAGDCRegisterLinkValidateModeTiming: accepted by policy.
2026-09-13 16:47:24.402938-0300 0x3e6      Default     0x0                  0      0    kernel: (AppleGraphicsDevicePolicy) AGDP:: VendorEventHandler:484 VendorEventHandler [GFX0:AMD]: Port: -1336215936.00000000 Event:ValidateModeTiming [a]
2026-09-13 16:47:24.402944-0300 0x3e6      Default     0x0                  0      0    kernel: (AppleGraphicsDevicePolicy) AGDP:: VendorEventHandler:751 kAGDCRegisterLinkValidateModeTiming: FB:0 -> 1920 x 1080, ext_blanking=0, 228800000 Hz
2026-09-13 16:47:24.402949-0300 0x3e6      Default     0x0                  0      0    kernel: (AppleGraphicsDevicePolicy) AGDP:: VendorEventHandler:752 kAGDCRegisterLinkValidateModeTiming-ext: pEnc 0x2, pBPC=0x2, pColometry=0x80, dRange=0x1 dscBPP=0
2026-09-13 16:47:24.402954-0300 0x3e6      Default     0x0                  0      0    kernel: (AppleGraphicsDevicePolicy) AGDP:: validateMode:166 Validating mode FB:0 -> 1920 x 1080, 228800000 Hz
2026-09-13 16:47:24.402957-0300 0x3e6      Default     0x0                  0      0    kernel: (AppleGraphicsDevicePolicy) AGDP:: validateMode:368 response accepted on:0
2026-09-13 16:47:24.402959-0300 0x3e6      Default     0x0                  0      0    kernel: (AppleGraphicsDevicePolicy) AGDP:: VendorEventHandler:781 kAGDCRegisterLinkValidateModeTiming: accepted by policy.
2026-09-13 16:47:24.402969-0300 0x3e6      Default     0x0                  0      0    kernel: (AppleGraphicsDevicePolicy) AGDP:: VendorEventHandler:484 VendorEventHandler [GFX0:AMD]: Port: -1336215936.00000000 Event:ValidateModeTiming [a]
2026-09-13 16:47:24.402973-0300 0x3e6      Default     0x0                  0      0    kernel: (AppleGraphicsDevicePolicy) AGDP:: VendorEventHandler:751 kAGDCRegisterLinkValidateModeTiming: FB:0 -> 1920 x 1080, ext_blanking=0, 228800000 Hz
2026-09-13 16:47:24.402978-0300 0x3e6      Default     0x0                  0      0    kernel: (AppleGraphicsDevicePolicy) AGDP:: VendorEventHandler:752 kAGDCRegisterLinkValidateModeTiming-ext: pEnc 0x2, pBPC=0x2, pColometry=0x80, dRange=0x1 dscBPP=0
2026-09-13 16:47:24.402983-0300 0x3e6      Default     0x0                  0      0    kernel: (AppleGraphicsDevicePolicy) AGDP:: validateMode:166 Validating mode FB:0 -> 1920 x 1080, 228800000 Hz
2026-09-13 16:47:24.402986-0300 0x3e6      Default     0x0                  0      0    kernel: (AppleGraphicsDevicePolicy) AGDP:: validateMode:368 response accepted on:0
2026-09-13 16:47:24.402988-0300 0x3e6      Default     0x0                  0      0    kernel: (AppleGraphicsDevicePolicy) AGDP:: VendorEventHandler:781 kAGDCRegisterLinkValidateModeTiming: accepted by policy.
2026-09-13 16:47:24.402999-0300 0x3e6      Default     0x0                  0      0    kernel: (AppleGraphicsDevicePolicy) AGDP:: VendorEventHandler:484 VendorEventHandler [GFX0:AMD]: Port: -1336215936.00000000 Event:ValidateModeTiming [a]
2026-09-13 16:47:24.403003-0300 0x3e6      Default     0x0                  0      0    kernel: (AppleGraphicsDevicePolicy) AGDP:: VendorEventHandler:751 kAGDCRegisterLinkValidateModeTiming: FB:0 -> 1920 x 1080, ext_blanking=0, 228800000 Hz
2026-09-13 16:47:24.403007-0300 0x3e6      Default     0x0                  0      0    kernel: (AppleGraphicsDevicePolicy) AGDP:: VendorEventHandler:752 kAGDCRegisterLinkValidateModeTiming-ext: pEnc 0x2, pBPC=0x2, pColometry=0x80, dRange=0x1 dscBPP=0
2026-09-13 16:47:24.403017-0300 0x3e6      Default     0x0                  0      0    kernel: (AppleGraphicsDevicePolicy) AGDP:: validateMode:166 Validating mode FB:0 -> 1920 x 1080, 228800000 Hz
2026-09-13 16:47:24.403021-0300 0x3e6      Default     0x0                  0      0    kernel: (AppleGraphicsDevicePolicy) AGDP:: validateMode:368 response accepted on:0
2026-09-13 16:47:24.403023-0300 0x3e6      Default     0x0                  0      0    kernel: (AppleGraphicsDevicePolicy) AGDP:: VendorEventHandler:781 kAGDCRegisterLinkValidateModeTiming: accepted by policy.
2026-09-13 16:47:24.403036-0300 0x3e6      Default     0x0                  0      0    kernel: (AppleGraphicsDevicePolicy) AGDP:: VendorEventHandler:484 VendorEventHandler [GFX0:AMD]: Port: -1336215936.00000000 Event:ValidateModeTiming [a]
2026-09-13 16:47:24.403040-0300 0x3e6      Default     0x0                  0      0    kernel: (AppleGraphicsDevicePolicy) AGDP:: VendorEventHandler:751 kAGDCRegisterLinkValidateModeTiming: FB:0 -> 1920 x 1080, ext_blanking=0, 138500000 Hz
2026-09-13 16:47:24.403045-0300 0x3e6      Default     0x0                  0      0    kernel: (AppleGraphicsDevicePolicy) AGDP:: VendorEventHandler:752 kAGDCRegisterLinkValidateModeTiming-ext: pEnc 0x2, pBPC=0x2, pColometry=0x80, dRange=0x1 dscBPP=0
2026-09-13 16:47:24.403048-0300 0x3e6      Default     0x0                  0      0    kernel: (AppleGraphicsDevicePolicy) AGDP:: validateMode:166 Validating mode FB:0 -> 1920 x 1080, 138500000 Hz
2026-09-13 16:47:24.403051-0300 0x3e6      Default     0x0                  0      0    kernel: (AppleGraphicsDevicePolicy) AGDP:: validateMode:368 response accepted on:0
2026-09-13 16:47:24.403053-0300 0x3e6      Default     0x0                  0      0    kernel: (AppleGraphicsDevicePolicy) AGDP:: VendorEventHandler:781 kAGDCRegisterLinkValidateModeTiming: accepted by policy.
2026-09-13 16:47:24.403061-0300 0x3e6      Default     0x0                  0      0    kernel: (AppleGraphicsDevicePolicy) AGDP:: VendorEventHandler:484 VendorEventHandler [GFX0:AMD]: Port: -1336215936.00000000 Event:ValidateModeTiming [a]
2026-09-13 16:47:24.403064-0300 0x3e6      Default     0x0                  0      0    kernel: (AppleGraphicsDevicePolicy) AGDP:: VendorEventHandler:751 kAGDCRegisterLinkValidateModeTiming: FB:0 -> 1920 x 1080, ext_blanking=0, 138500000 Hz
2026-09-13 16:47:24.403067-0300 0x3e6      Default     0x0                  0      0    kernel: (AppleGraphicsDevicePolicy) AGDP:: VendorEventHandler:752 kAGDCRegisterLinkValidateModeTiming-ext: pEnc 0x2, pBPC=0x2, pColometry=0x80, dRange=0x1 dscBPP=0
2026-09-13 16:47:24.403070-0300 0x3e6      Default     0x0                  0      0    kernel: (AppleGraphicsDevicePolicy) AGDP:: validateMode:166 Validating mode FB:0 -> 1920 x 1080, 138500000 Hz
2026-09-13 16:47:24.403073-0300 0x3e6      Default     0x0                  0      0    kernel: (AppleGraphicsDevicePolicy) AGDP:: validateMode:368 response accepted on:0
2026-09-13 16:47:24.403074-0300 0x3e6      Default     0x0                  0      0    kernel: (AppleGraphicsDevicePolicy) AGDP:: VendorEventHandler:781 kAGDCRegisterLinkValidateModeTiming: accepted by policy.
2026-09-13 16:47:24.403086-0300 0x3e6      Default     0x0                  0      0    kernel: (AppleGraphicsDevicePolicy) AGDP:: VendorEventHandler:484 VendorEventHandler [GFX0:AMD]: Port: -1336215936.00000000 Event:ValidateModeTiming [a]
2026-09-13 16:47:24.403089-0300 0x3e6      Default     0x0                  0      0    kernel: (AppleGraphicsDevicePolicy) AGDP:: VendorEventHandler:751 kAGDCRegisterLinkValidateModeTiming: FB:0 -> 1920 x 1080, ext_blanking=0, 138500000 Hz
2026-09-13 16:47:24.403092-0300 0x3e6      Default     0x0                  0      0    kernel: (AppleGraphicsDevicePolicy) AGDP:: VendorEventHandler:752 kAGDCRegisterLinkValidateModeTiming-ext: pEnc 0x2, pBPC=0x2, pColometry=0x80, dRange=0x1 dscBPP=0
2026-09-13 16:47:24.403095-0300 0x3e6      Default     0x0                  0      0    kernel: (AppleGraphicsDevicePolicy) AGDP:: validateMode:166 Validating mode FB:0 -> 1920 x 1080, 138500000 Hz
2026-09-13 16:47:24.403098-0300 0x3e6      Default     0x0                  0      0    kernel: (AppleGraphicsDevicePolicy) AGDP:: validateMode:368 response accepted on:0
2026-09-13 16:47:24.403099-0300 0x3e6      Default     0x0                  0      0    kernel: (AppleGraphicsDevicePolicy) AGDP:: VendorEventHandler:781 kAGDCRegisterLinkValidateModeTiming: accepted by policy.
2026-09-13 16:47:24.403109-0300 0x3e6      Default     0x0                  0      0    kernel: (AppleGraphicsDevicePolicy) AGDP:: VendorEventHandler:484 VendorEventHandler [GFX0:AMD]: Port: -1336215936.00000000 Event:ValidateModeTiming [a]
2026-09-13 16:47:24.403113-0300 0x3e6      Default     0x0                  0      0    kernel: (AppleGraphicsDevicePolicy) AGDP:: VendorEventHandler:751 kAGDCRegisterLinkValidateModeTiming: FB:0 -> 1920 x 1080, ext_blanking=0, 138500000 Hz
2026-09-13 16:47:24.403116-0300 0x3e6      Default     0x0                  0      0    kernel: (AppleGraphicsDevicePolicy) AGDP:: VendorEventHandler:752 kAGDCRegisterLinkValidateModeTiming-ext: pEnc 0x2, pBPC=0x2, pColometry=0x80, dRange=0x1 dscBPP=0
2026-09-13 16:47:24.403119-0300 0x3e6      Default     0x0                  0      0    kernel: (AppleGraphicsDevicePolicy) AGDP:: validateMode:166 Validating mode FB:0 -> 1920 x 1080, 138500000 Hz
2026-09-13 16:47:24.403121-0300 0x3e6      Default     0x0                  0      0    kernel: (AppleGraphicsDevicePolicy) AGDP:: validateMode:368 response accepted on:0
2026-09-13 16:47:24.403123-0300 0x3e6      Default     0x0                  0      0    kernel: (AppleGraphicsDevicePolicy) AGDP:: VendorEventHandler:781 kAGDCRegisterLinkValidateModeTiming: accepted by policy.
2026-09-13 16:47:24.403134-0300 0x3e6      Default     0x0                  0      0    kernel: (AppleGraphicsDevicePolicy) AGDP:: VendorEventHandler:484 VendorEventHandler [GFX0:AMD]: Port: -1336215936.00000000 Event:ValidateModeTiming [a]
2026-09-13 16:47:24.403137-0300 0x3e6      Default     0x0                  0      0    kernel: (AppleGraphicsDevicePolicy) AGDP:: VendorEventHandler:751 kAGDCRegisterLinkValidateModeTiming: FB:0 -> 1920 x 1080, ext_blanking=0, 138500000 Hz
2026-09-13 16:47:24.403140-0300 0x3e6      Default     0x0                  0      0    kernel: (AppleGraphicsDevicePolicy) AGDP:: VendorEventHandler:752 kAGDCRegisterLinkValidateModeTiming-ext: pEnc 0x2, pBPC=0x2, pColometry=0x80, dRange=0x1 dscBPP=0
2026-09-13 16:47:24.403143-0300 0x3e6      Default     0x0                  0      0    kernel: (AppleGraphicsDevicePolicy) AGDP:: validateMode:166 Validating mode FB:0 -> 1920 x 1080, 138500000 Hz
2026-09-13 16:47:24.403146-0300 0x3e6      Default     0x0                  0      0    kernel: (AppleGraphicsDevicePolicy) AGDP:: validateMode:368 response accepted on:0
2026-09-13 16:47:24.403147-0300 0x3e6      Default     0x0                  0      0    kernel: (AppleGraphicsDevicePolicy) AGDP:: VendorEventHandler:781 kAGDCRegisterLinkValidateModeTiming: accepted by policy.
2026-09-13 16:47:24.403170-0300 0x3e6      Default     0x0                  0      0    kernel: (AppleGraphicsDevicePolicy) AGDP:: VendorEventHandler:484 VendorEventHandler [GFX0:AMD]: Port: -1336215936.00000000 Event:ValidateModeTiming [a]
2026-09-13 16:47:24.403174-0300 0x3e6      Default     0x0                  0      0    kernel: (AppleGraphicsDevicePolicy) AGDP:: VendorEventHandler:751 kAGDCRegisterLinkValidateModeTiming: FB:0 -> 1920 x 1080, ext_blanking=0, 138500000 Hz
2026-09-13 16:47:24.403177-0300 0x3e6      Default     0x0                  0      0    kernel: (AppleGraphicsDevicePolicy) AGDP:: VendorEventHandler:752 kAGDCRegisterLinkValidateModeTiming-ext: pEnc 0x2, pBPC=0x2, pColometry=0x80, dRange=0x1 dscBPP=0
2026-09-13 16:47:24.403180-0300 0x3e6      Default     0x0                  0      0    kernel: (AppleGraphicsDevicePolicy) AGDP:: validateMode:166 Validating mode FB:0 -> 1920 x 1080, 138500000 Hz
2026-09-13 16:47:24.403182-0300 0x3e6      Default     0x0                  0      0    kernel: (AppleGraphicsDevicePolicy) AGDP:: validateMode:368 response accepted on:0
2026-09-13 16:47:24.403184-0300 0x3e6      Default     0x0                  0      0    kernel: (AppleGraphicsDevicePolicy) AGDP:: VendorEventHandler:781 kAGDCRegisterLinkValidateModeTiming: accepted by policy.
2026-09-13 16:47:24.403197-0300 0x3e6      Default     0x0                  0      0    kernel: (AppleGraphicsDevicePolicy) AGDP:: VendorEventHandler:484 VendorEventHandler [GFX0:AMD]: Port: -1336215936.00000000 Event:ValidateModeTiming [a]
2026-09-13 16:47:24.403201-0300 0x3e6      Default     0x0                  0      0    kernel: (AppleGraphicsDevicePolicy) AGDP:: VendorEventHandler:751 kAGDCRegisterLinkValidateModeTiming: FB:0 -> 1920 x 1080, ext_blanking=0, 138500000 Hz
2026-09-13 16:47:24.403204-0300 0x3e6      Default     0x0                  0      0    kernel: (AppleGraphicsDevicePolicy) AGDP:: VendorEventHandler:752 kAGDCRegisterLinkValidateModeTiming-ext: pEnc 0x2, pBPC=0x2, pColometry=0x80, dRange=0x1 dscBPP=0
2026-09-13 16:47:24.403207-0300 0x3e6      Default     0x0                  0      0    kernel: (AppleGraphicsDevicePolicy) AGDP:: validateMode:166 Validating mode FB:0 -> 1920 x 1080, 138500000 Hz
2026-09-13 16:47:24.403209-0300 0x3e6      Default     0x0                  0      0    kernel: (AppleGraphicsDevicePolicy) AGDP:: validateMode:368 response accepted on:0
2026-09-13 16:47:24.403211-0300 0x3e6      Default     0x0                  0      0    kernel: (AppleGraphicsDevicePolicy) AGDP:: VendorEventHandler:781 kAGDCRegisterLinkValidateModeTiming: accepted by policy.
2026-09-13 16:47:24.403220-0300 0x3e6      Default     0x0                  0      0    kernel: (AppleGraphicsDevicePolicy) AGDP:: VendorEventHandler:484 VendorEventHandler [GFX0:AMD]: Port: -1336215936.00000000 Event:ValidateModeTiming [a]
2026-09-13 16:47:24.403224-0300 0x3e6      Default     0x0                  0      0    kernel: (AppleGraphicsDevicePolicy) AGDP:: VendorEventHandler:751 kAGDCRegisterLinkValidateModeTiming: FB:0 -> 1920 x 1080, ext_blanking=0, 138500000 Hz
2026-09-13 16:47:24.403227-0300 0x3e6      Default     0x0                  0      0    kernel: (AppleGraphicsDevicePolicy) AGDP:: VendorEventHandler:752 kAGDCRegisterLinkValidateModeTiming-ext: pEnc 0x2, pBPC=0x2, pColometry=0x80, dRange=0x1 dscBPP=0
2026-09-13 16:47:24.403230-0300 0x3e6      Default     0x0                  0      0    kernel: (AppleGraphicsDevicePolicy) AGDP:: validateMode:166 Validating mode FB:0 -> 1920 x 1080, 138500000 Hz
2026-09-13 16:47:24.403232-0300 0x3e6      Default     0x0                  0      0    kernel: (AppleGraphicsDevicePolicy) AGDP:: validateMode:368 response accepted on:0
2026-09-13 16:47:24.403234-0300 0x3e6      Default     0x0                  0      0    kernel: (AppleGraphicsDevicePolicy) AGDP:: VendorEventHandler:781 kAGDCRegisterLinkValidateModeTiming: accepted by policy.
2026-09-13 16:47:24.403244-0300 0x3e6      Default     0x0                  0      0    kernel: (AppleGraphicsDevicePolicy) AGDP:: VendorEventHandler:484 VendorEventHandler [GFX0:AMD]: Port: -1336215936.00000000 Event:ValidateModeTiming [a]
2026-09-13 16:47:24.403247-0300 0x3e6      Default     0x0                  0      0    kernel: (AppleGraphicsDevicePolicy) AGDP:: VendorEventHandler:751 kAGDCRegisterLinkValidateModeTiming: FB:0 -> 1920 x 1080, ext_blanking=0, 138500000 Hz
2026-09-13 16:47:24.403250-0300 0x3e6      Default     0x0                  0      0    kernel: (AppleGraphicsDevicePolicy) AGDP:: VendorEventHandler:752 kAGDCRegisterLinkValidateModeTiming-ext: pEnc 0x2, pBPC=0x2, pColometry=0x80, dRange=0x1 dscBPP=0
2026-09-13 16:47:24.403253-0300 0x3e6      Default     0x0                  0      0    kernel: (AppleGraphicsDevicePolicy) AGDP:: validateMode:166 Validating mode FB:0 -> 1920 x 1080, 138500000 Hz
2026-09-13 16:47:24.403256-0300 0x3e6      Default     0x0                  0      0    kernel: (AppleGraphicsDevicePolicy) AGDP:: validateMode:368 response accepted on:0
2026-09-13 16:47:24.403257-0300 0x3e6      Default     0x0                  0      0    kernel: (AppleGraphicsDevicePolicy) AGDP:: VendorEventHandler:781 kAGDCRegisterLinkValidateModeTiming: accepted by policy.
2026-09-13 16:47:24.403268-0300 0x3e6      Default     0x0                  0      0    kernel: (AppleGraphicsDevicePolicy) AGDP:: VendorEventHandler:484 VendorEventHandler [GFX0:AMD]: Port: -1336215936.00000000 Event:ValidateModeTiming [a]
2026-09-13 16:47:24.403271-0300 0x3e6      Default     0x0                  0      0    kernel: (AppleGraphicsDevicePolicy) AGDP:: VendorEventHandler:751 kAGDCRegisterLinkValidateModeTiming: FB:0 -> 1920 x 1080, ext_blanking=0, 138500000 Hz
2026-09-13 16:47:24.403274-0300 0x3e6      Default     0x0                  0      0    kernel: (AppleGraphicsDevicePolicy) AGDP:: VendorEventHandler:752 kAGDCRegisterLinkValidateModeTiming-ext: pEnc 0x2, pBPC=0x2, pColometry=0x80, dRange=0x1 dscBPP=0
2026-09-13 16:47:24.403277-0300 0x3e6      Default     0x0                  0      0    kernel: (AppleGraphicsDevicePolicy) AGDP:: validateMode:166 Validating mode FB:0 -> 1920 x 1080, 138500000 Hz
2026-09-13 16:47:24.403280-0300 0x3e6      Default     0x0                  0      0    kernel: (AppleGraphicsDevicePolicy) AGDP:: validateMode:368 response accepted on:0
2026-09-13 16:47:24.403281-0300 0x3e6      Default     0x0                  0      0    kernel: (AppleGraphicsDevicePolicy) AGDP:: VendorEventHandler:781 kAGDCRegisterLinkValidateModeTiming: accepted by policy.
2026-09-13 16:47:24.403291-0300 0x3e6      Default     0x0                  0      0    kernel: (AppleGraphicsDevicePolicy) AGDP:: VendorEventHandler:484 VendorEventHandler [GFX0:AMD]: Port: -1336215936.00000000 Event:ValidateModeTiming [a]
2026-09-13 16:47:24.403295-0300 0x3e6      Default     0x0                  0      0    kernel: (AppleGraphicsDevicePolicy) AGDP:: VendorEventHandler:751 kAGDCRegisterLinkValidateModeTiming: FB:0 -> 1920 x 1080, ext_blanking=0, 138500000 Hz
2026-09-13 16:47:24.403298-0300 0x3e6      Default     0x0                  0      0    kernel: (AppleGraphicsDevicePolicy) AGDP:: VendorEventHandler:752 kAGDCRegisterLinkValidateModeTiming-ext: pEnc 0x2, pBPC=0x2, pColometry=0x80, dRange=0x1 dscBPP=0
2026-09-13 16:47:24.403301-0300 0x3e6      Default     0x0                  0      0    kernel: (AppleGraphicsDevicePolicy) AGDP:: validateMode:166 Validating mode FB:0 -> 1920 x 1080, 138500000 Hz
2026-09-13 16:47:24.403303-0300 0x3e6      Default     0x0                  0      0    kernel: (AppleGraphicsDevicePolicy) AGDP:: validateMode:368 response accepted on:0
2026-09-13 16:47:24.403305-0300 0x3e6      Default     0x0                  0      0    kernel: (AppleGraphicsDevicePolicy) AGDP:: VendorEventHandler:781 kAGDCRegisterLinkValidateModeTiming: accepted by policy.
2026-09-13 16:47:24.403318-0300 0x3e6      Default     0x0                  0      0    kernel: (AppleGraphicsDevicePolicy) AGDP:: VendorEventHandler:484 VendorEventHandler [GFX0:AMD]: Port: -1336215936.00000000 Event:ValidateModeTiming [a]
2026-09-13 16:47:24.403321-0300 0x3e6      Default     0x0                  0      0    kernel: (AppleGraphicsDevicePolicy) AGDP:: VendorEventHandler:751 kAGDCRegisterLinkValidateModeTiming: FB:0 -> 1920 x 1080, ext_blanking=0, 138500000 Hz
2026-09-13 16:47:24.403324-0300 0x3e6      Default     0x0                  0      0    kernel: (AppleGraphicsDevicePolicy) AGDP:: VendorEventHandler:752 kAGDCRegisterLinkValidateModeTiming-ext: pEnc 0x2, pBPC=0x2, pColometry=0x80, dRange=0x1 dscBPP=0
2026-09-13 16:47:24.403327-0300 0x3e6      Default     0x0                  0      0    kernel: (AppleGraphicsDevicePolicy) AGDP:: validateMode:166 Validating mode FB:0 -> 1920 x 1080, 138500000 Hz
2026-09-13 16:47:24.403330-0300 0x3e6      Default     0x0                  0      0    kernel: (AppleGraphicsDevicePolicy) AGDP:: validateMode:368 response accepted on:0
2026-09-13 16:47:24.403332-0300 0x3e6      Default     0x0                  0      0    kernel: (AppleGraphicsDevicePolicy) AGDP:: VendorEventHandler:781 kAGDCRegisterLinkValidateModeTiming: accepted by policy.
2026-09-13 16:47:24.403343-0300 0x3e6      Default     0x0                  0      0    kernel: (AppleGraphicsDevicePolicy) AGDP:: VendorEventHandler:484 VendorEventHandler [GFX0:AMD]: Port: -1336215936.00000000 Event:ValidateModeTiming [a]
2026-09-13 16:47:24.403346-0300 0x3e6      Default     0x0                  0      0    kernel: (AppleGraphicsDevicePolicy) AGDP:: VendorEventHandler:751 kAGDCRegisterLinkValidateModeTiming: FB:0 -> 1920 x 1080, ext_blanking=0, 138500000 Hz
2026-09-13 16:47:24.403349-0300 0x3e6      Default     0x0                  0      0    kernel: (AppleGraphicsDevicePolicy) AGDP:: VendorEventHandler:752 kAGDCRegisterLinkValidateModeTiming-ext: pEnc 0x2, pBPC=0x2, pColometry=0x80, dRange=0x1 dscBPP=0
2026-09-13 16:47:24.403352-0300 0x3e6      Default     0x0                  0      0    kernel: (AppleGraphicsDevicePolicy) AGDP:: validateMode:166 Validating mode FB:0 -> 1920 x 1080, 138500000 Hz
2026-09-13 16:47:24.403354-0300 0x3e6      Default     0x0                  0      0    kernel: (AppleGraphicsDevicePolicy) AGDP:: validateMode:368 response accepted on:0
2026-09-13 16:47:24.403356-0300 0x3e6      Default     0x0                  0      0    kernel: (AppleGraphicsDevicePolicy) AGDP:: VendorEventHandler:781 kAGDCRegisterLinkValidateModeTiming: accepted by policy.
2026-09-13 16:47:24.403364-0300 0x3e6      Default     0x0                  0      0    kernel: (AppleGraphicsDevicePolicy) AGDP:: VendorEventHandler:484 VendorEventHandler [GFX0:AMD]: Port: -1336215936.00000000 Event:ValidateModeTiming [a]
2026-09-13 16:47:24.403368-0300 0x3e6      Default     0x0                  0      0    kernel: (AppleGraphicsDevicePolicy) AGDP:: VendorEventHandler:751 kAGDCRegisterLinkValidateModeTiming: FB:0 -> 1920 x 1080, ext_blanking=0, 138500000 Hz
2026-09-13 16:47:24.403371-0300 0x3e6      Default     0x0                  0      0    kernel: (AppleGraphicsDevicePolicy) AGDP:: VendorEventHandler:752 kAGDCRegisterLinkValidateModeTiming-ext: pEnc 0x2, pBPC=0x2, pColometry=0x80, dRange=0x1 dscBPP=0
2026-09-13 16:47:24.403374-0300 0x3e6      Default     0x0                  0      0    kernel: (AppleGraphicsDevicePolicy) AGDP:: validateMode:166 Validating mode FB:0 -> 1920 x 1080, 138500000 Hz
2026-09-13 16:47:24.403376-0300 0x3e6      Default     0x0                  0      0    kernel: (AppleGraphicsDevicePolicy) AGDP:: validateMode:368 response accepted on:0
2026-09-13 16:47:24.403378-0300 0x3e6      Default     0x0                  0      0    kernel: (AppleGraphicsDevicePolicy) AGDP:: VendorEventHandler:781 kAGDCRegisterLinkValidateModeTiming: accepted by policy.
2026-09-13 16:47:24.403388-0300 0x3e6      Default     0x0                  0      0    kernel: (AppleGraphicsDevicePolicy) AGDP:: VendorEventHandler:484 VendorEventHandler [GFX0:AMD]: Port: -1336215936.00000000 Event:ValidateModeTiming [a]
2026-09-13 16:47:24.403392-0300 0x3e6      Default     0x0                  0      0    kernel: (AppleGraphicsDevicePolicy) AGDP:: VendorEventHandler:751 kAGDCRegisterLinkValidateModeTiming: FB:0 -> 1920 x 1080, ext_blanking=0, 138500000 Hz
2026-09-13 16:47:24.403395-0300 0x3e6      Default     0x0                  0      0    kernel: (AppleGraphicsDevicePolicy) AGDP:: VendorEventHandler:752 kAGDCRegisterLinkValidateModeTiming-ext: pEnc 0x2, pBPC=0x2, pColometry=0x80, dRange=0x1 dscBPP=0
2026-09-13 16:47:24.403398-0300 0x3e6      Default     0x0                  0      0    kernel: (AppleGraphicsDevicePolicy) AGDP:: validateMode:166 Validating mode FB:0 -> 1920 x 1080, 138500000 Hz
2026-09-13 16:47:24.403400-0300 0x3e6      Default     0x0                  0      0    kernel: (AppleGraphicsDevicePolicy) AGDP:: validateMode:368 response accepted on:0
2026-09-13 16:47:24.403402-0300 0x3e6      Default     0x0                  0      0    kernel: (AppleGraphicsDevicePolicy) AGDP:: VendorEventHandler:781 kAGDCRegisterLinkValidateModeTiming: accepted by policy.
2026-09-13 16:47:24.403413-0300 0x3e6      Default     0x0                  0      0    kernel: (AppleGraphicsDevicePolicy) AGDP:: VendorEventHandler:484 VendorEventHandler [GFX0:AMD]: Port: -1336215936.00000000 Event:ValidateModeTiming [a]
2026-09-13 16:47:24.403416-0300 0x3e6      Default     0x0                  0      0    kernel: (AppleGraphicsDevicePolicy) AGDP:: VendorEventHandler:751 kAGDCRegisterLinkValidateModeTiming: FB:0 -> 1920 x 1080, ext_blanking=0, 138500000 Hz
2026-09-13 16:47:24.403419-0300 0x3e6      Default     0x0                  0      0    kernel: (AppleGraphicsDevicePolicy) AGDP:: VendorEventHandler:752 kAGDCRegisterLinkValidateModeTiming-ext: pEnc 0x2, pBPC=0x2, pColometry=0x80, dRange=0x1 dscBPP=0
2026-09-13 16:47:24.403422-0300 0x3e6      Default     0x0                  0      0    kernel: (AppleGraphicsDevicePolicy) AGDP:: validateMode:166 Validating mode FB:0 -> 1920 x 1080, 138500000 Hz
2026-09-13 16:47:24.403424-0300 0x3e6      Default     0x0                  0      0    kernel: (AppleGraphicsDevicePolicy) AGDP:: validateMode:368 response accepted on:0
2026-09-13 16:47:24.403426-0300 0x3e6      Default     0x0                  0      0    kernel: (AppleGraphicsDevicePolicy) AGDP:: VendorEventHandler:781 kAGDCRegisterLinkValidateModeTiming: accepted by policy.
2026-09-13 16:47:24.403439-0300 0x3e6      Default     0x0                  0      0    kernel: (AppleGraphicsDevicePolicy) AGDP:: VendorEventHandler:484 VendorEventHandler [GFX0:AMD]: Port: -1336215936.00000000 Event:ValidateModeTiming [a]
2026-09-13 16:47:24.403442-0300 0x3e6      Default     0x0                  0      0    kernel: (AppleGraphicsDevicePolicy) AGDP:: VendorEventHandler:751 kAGDCRegisterLinkValidateModeTiming: FB:0 -> 1920 x 1080, ext_blanking=0, 148500000 Hz
2026-09-13 16:47:24.403445-0300 0x3e6      Default     0x0                  0      0    kernel: (AppleGraphicsDevicePolicy) AGDP:: VendorEventHandler:752 kAGDCRegisterLinkValidateModeTiming-ext: pEnc 0x2, pBPC=0x2, pColometry=0x80, dRange=0x1 dscBPP=0
2026-09-13 16:47:24.403448-0300 0x3e6      Default     0x0                  0      0    kernel: (AppleGraphicsDevicePolicy) AGDP:: validateMode:166 Validating mode FB:0 -> 1920 x 1080, 148500000 Hz
2026-09-13 16:47:24.403451-0300 0x3e6      Default     0x0                  0      0    kernel: (AppleGraphicsDevicePolicy) AGDP:: validateMode:368 response accepted on:0
2026-09-13 16:47:24.403452-0300 0x3e6      Default     0x0                  0      0    kernel: (AppleGraphicsDevicePolicy) AGDP:: VendorEventHandler:781 kAGDCRegisterLinkValidateModeTiming: accepted by policy.
2026-09-13 16:47:24.403463-0300 0x3e6      Default     0x0                  0      0    kernel: (AppleGraphicsDevicePolicy) AGDP:: VendorEventHandler:484 VendorEventHandler [GFX0:AMD]: Port: -1336215936.00000000 Event:ValidateModeTiming [a]
2026-09-13 16:47:24.403467-0300 0x3e6      Default     0x0                  0      0    kernel: (AppleGraphicsDevicePolicy) AGDP:: VendorEventHandler:751 kAGDCRegisterLinkValidateModeTiming: FB:0 -> 1920 x 1080, ext_blanking=0, 148500000 Hz
2026-09-13 16:47:24.403470-0300 0x3e6      Default     0x0                  0      0    kernel: (AppleGraphicsDevicePolicy) AGDP:: VendorEventHandler:752 kAGDCRegisterLinkValidateModeTiming-ext: pEnc 0x2, pBPC=0x2, pColometry=0x80, dRange=0x1 dscBPP=0
2026-09-13 16:47:24.403473-0300 0x3e6      Default     0x0                  0      0    kernel: (AppleGraphicsDevicePolicy) AGDP:: validateMode:166 Validating mode FB:0 -> 1920 x 1080, 148500000 Hz
2026-09-13 16:47:24.403475-0300 0x3e6      Default     0x0                  0      0    kernel: (AppleGraphicsDevicePolicy) AGDP:: validateMode:368 response accepted on:0
2026-09-13 16:47:24.403477-0300 0x3e6      Default     0x0                  0      0    kernel: (AppleGraphicsDevicePolicy) AGDP:: VendorEventHandler:781 kAGDCRegisterLinkValidateModeTiming: accepted by policy.
2026-09-13 16:47:24.403488-0300 0x3e6      Default     0x0                  0      0    kernel: (AppleGraphicsDevicePolicy) AGDP:: VendorEventHandler:484 VendorEventHandler [GFX0:AMD]: Port: -1336215936.00000000 Event:ValidateModeTiming [a]
2026-09-13 16:47:24.403491-0300 0x3e6      Default     0x0                  0      0    kernel: (AppleGraphicsDevicePolicy) AGDP:: VendorEventHandler:751 kAGDCRegisterLinkValidateModeTiming: FB:0 -> 1920 x 1080, ext_blanking=0, 148500000 Hz
2026-09-13 16:47:24.403494-0300 0x3e6      Default     0x0                  0      0    kernel: (AppleGraphicsDevicePolicy) AGDP:: VendorEventHandler:752 kAGDCRegisterLinkValidateModeTiming-ext: pEnc 0x2, pBPC=0x2, pColometry=0x80, dRange=0x1 dscBPP=0
2026-09-13 16:47:24.403497-0300 0x3e6      Default     0x0                  0      0    kernel: (AppleGraphicsDevicePolicy) AGDP:: validateMode:166 Validating mode FB:0 -> 1920 x 1080, 148500000 Hz
2026-09-13 16:47:24.403500-0300 0x3e6      Default     0x0                  0      0    kernel: (AppleGraphicsDevicePolicy) AGDP:: validateMode:368 response accepted on:0
2026-09-13 16:47:24.403502-0300 0x3e6      Default     0x0                  0      0    kernel: (AppleGraphicsDevicePolicy) AGDP:: VendorEventHandler:781 kAGDCRegisterLinkValidateModeTiming: accepted by policy.
2026-09-13 16:47:24.403513-0300 0x3e6      Default     0x0                  0      0    kernel: (AppleGraphicsDevicePolicy) AGDP:: VendorEventHandler:484 VendorEventHandler [GFX0:AMD]: Port: -1336215936.00000000 Event:ValidateModeTiming [a]
2026-09-13 16:47:24.403516-0300 0x3e6      Default     0x0                  0      0    kernel: (AppleGraphicsDevicePolicy) AGDP:: VendorEventHandler:751 kAGDCRegisterLinkValidateModeTiming: FB:0 -> 1920 x 1080, ext_blanking=0, 148500000 Hz
2026-09-13 16:47:24.403519-0300 0x3e6      Default     0x0                  0      0    kernel: (AppleGraphicsDevicePolicy) AGDP:: VendorEventHandler:752 kAGDCRegisterLinkValidateModeTiming-ext: pEnc 0x2, pBPC=0x2, pColometry=0x80, dRange=0x1 dscBPP=0
2026-09-13 16:47:24.403522-0300 0x3e6      Default     0x0                  0      0    kernel: (AppleGraphicsDevicePolicy) AGDP:: validateMode:166 Validating mode FB:0 -> 1920 x 1080, 148500000 Hz
2026-09-13 16:47:24.403525-0300 0x3e6      Default     0x0                  0      0    kernel: (AppleGraphicsDevicePolicy) AGDP:: validateMode:368 response accepted on:0
2026-09-13 16:47:24.403526-0300 0x3e6      Default     0x0                  0      0    kernel: (AppleGraphicsDevicePolicy) AGDP:: VendorEventHandler:781 kAGDCRegisterLinkValidateModeTiming: accepted by policy.
2026-09-13 16:47:24.403537-0300 0x3e6      Default     0x0                  0      0    kernel: (AppleGraphicsDevicePolicy) AGDP:: VendorEventHandler:484 VendorEventHandler [GFX0:AMD]: Port: -1336215936.00000000 Event:ValidateModeTiming [a]
2026-09-13 16:47:24.403541-0300 0x3e6      Default     0x0                  0      0    kernel: (AppleGraphicsDevicePolicy) AGDP:: VendorEventHandler:751 kAGDCRegisterLinkValidateModeTiming: FB:0 -> 1920 x 1080, ext_blanking=0, 148500000 Hz
2026-09-13 16:47:24.403544-0300 0x3e6      Default     0x0                  0      0    kernel: (AppleGraphicsDevicePolicy) AGDP:: VendorEventHandler:752 kAGDCRegisterLinkValidateModeTiming-ext: pEnc 0x2, pBPC=0x2, pColometry=0x80, dRange=0x1 dscBPP=0
2026-09-13 16:47:24.403547-0300 0x3e6      Default     0x0                  0      0    kernel: (AppleGraphicsDevicePolicy) AGDP:: validateMode:166 Validating mode FB:0 -> 1920 x 1080, 148500000 Hz
2026-09-13 16:47:24.403549-0300 0x3e6      Default     0x0                  0      0    kernel: (AppleGraphicsDevicePolicy) AGDP:: validateMode:368 response accepted on:0
2026-09-13 16:47:24.403551-0300 0x3e6      Default     0x0                  0      0    kernel: (AppleGraphicsDevicePolicy) AGDP:: VendorEventHandler:781 kAGDCRegisterLinkValidateModeTiming: accepted by policy.
2026-09-13 16:47:24.403560-0300 0x3e6      Default     0x0                  0      0    kernel: (AppleGraphicsDevicePolicy) AGDP:: VendorEventHandler:484 VendorEventHandler [GFX0:AMD]: Port: -1336215936.00000000 Event:ValidateModeTiming [a]
2026-09-13 16:47:24.403563-0300 0x3e6      Default     0x0                  0      0    kernel: (AppleGraphicsDevicePolicy) AGDP:: VendorEventHandler:751 kAGDCRegisterLinkValidateModeTiming: FB:0 -> 1920 x 1080, ext_blanking=0, 148500000 Hz
2026-09-13 16:47:24.403566-0300 0x3e6      Default     0x0                  0      0    kernel: (AppleGraphicsDevicePolicy) AGDP:: VendorEventHandler:752 kAGDCRegisterLinkValidateModeTiming-ext: pEnc 0x2, pBPC=0x2, pColometry=0x80, dRange=0x1 dscBPP=0
2026-09-13 16:47:24.403569-0300 0x3e6      Default     0x0                  0      0    kernel: (AppleGraphicsDevicePolicy) AGDP:: validateMode:166 Validating mode FB:0 -> 1920 x 1080, 148500000 Hz
2026-09-13 16:47:24.403572-0300 0x3e6      Default     0x0                  0      0    kernel: (AppleGraphicsDevicePolicy) AGDP:: validateMode:368 response accepted on:0
2026-09-13 16:47:24.403574-0300 0x3e6      Default     0x0                  0      0    kernel: (AppleGraphicsDevicePolicy) AGDP:: VendorEventHandler:781 kAGDCRegisterLinkValidateModeTiming: accepted by policy.
2026-09-13 16:47:24.403585-0300 0x3e6      Default     0x0                  0      0    kernel: (AppleGraphicsDevicePolicy) AGDP:: VendorEventHandler:484 VendorEventHandler [GFX0:AMD]: Port: -1336215936.00000000 Event:ValidateModeTiming [a]
2026-09-13 16:47:24.403588-0300 0x3e6      Default     0x0                  0      0    kernel: (AppleGraphicsDevicePolicy) AGDP:: VendorEventHandler:751 kAGDCRegisterLinkValidateModeTiming: FB:0 -> 1920 x 1080, ext_blanking=0, 148500000 Hz
2026-09-13 16:47:24.403591-0300 0x3e6      Default     0x0                  0      0    kernel: (AppleGraphicsDevicePolicy) AGDP:: VendorEventHandler:752 kAGDCRegisterLinkValidateModeTiming-ext: pEnc 0x2, pBPC=0x2, pColometry=0x80, dRange=0x1 dscBPP=0
2026-09-13 16:47:24.403594-0300 0x3e6      Default     0x0                  0      0    kernel: (AppleGraphicsDevicePolicy) AGDP:: validateMode:166 Validating mode FB:0 -> 1920 x 1080, 148500000 Hz
2026-09-13 16:47:24.403596-0300 0x3e6      Default     0x0                  0      0    kernel: (AppleGraphicsDevicePolicy) AGDP:: validateMode:368 response accepted on:0
2026-09-13 16:47:24.403598-0300 0x3e6      Default     0x0                  0      0    kernel: (AppleGraphicsDevicePolicy) AGDP:: VendorEventHandler:781 kAGDCRegisterLinkValidateModeTiming: accepted by policy.
2026-09-13 16:47:24.403607-0300 0x3e6      Default     0x0                  0      0    kernel: (AppleGraphicsDevicePolicy) AGDP:: VendorEventHandler:484 VendorEventHandler [GFX0:AMD]: Port: -1336215936.00000000 Event:ValidateModeTiming [a]
2026-09-13 16:47:24.403610-0300 0x3e6      Default     0x0                  0      0    kernel: (AppleGraphicsDevicePolicy) AGDP:: VendorEventHandler:751 kAGDCRegisterLinkValidateModeTiming: FB:0 -> 1920 x 1080, ext_blanking=0, 148500000 Hz
2026-09-13 16:47:24.403613-0300 0x3e6      Default     0x0                  0      0    kernel: (AppleGraphicsDevicePolicy) AGDP:: VendorEventHandler:752 kAGDCRegisterLinkValidateModeTiming-ext: pEnc 0x2, pBPC=0x2, pColometry=0x80, dRange=0x1 dscBPP=0
2026-09-13 16:47:24.403616-0300 0x3e6      Default     0x0                  0      0    kernel: (AppleGraphicsDevicePolicy) AGDP:: validateMode:166 Validating mode FB:0 -> 1920 x 1080, 148500000 Hz
2026-09-13 16:47:24.403619-0300 0x3e6      Default     0x0                  0      0    kernel: (AppleGraphicsDevicePolicy) AGDP:: validateMode:368 response accepted on:0
2026-09-13 16:47:24.403620-0300 0x3e6      Default     0x0                  0      0    kernel: (AppleGraphicsDevicePolicy) AGDP:: VendorEventHandler:781 kAGDCRegisterLinkValidateModeTiming: accepted by policy.
2026-09-13 16:47:24.403632-0300 0x3e6      Default     0x0                  0      0    kernel: (AppleGraphicsDevicePolicy) AGDP:: VendorEventHandler:484 VendorEventHandler [GFX0:AMD]: Port: -1336215936.00000000 Event:ValidateModeTiming [a]
2026-09-13 16:47:24.403636-0300 0x3e6      Default     0x0                  0      0    kernel: (AppleGraphicsDevicePolicy) AGDP:: VendorEventHandler:751 kAGDCRegisterLinkValidateModeTiming: FB:0 -> 1920 x 1080, ext_blanking=0, 148500000 Hz
2026-09-13 16:47:24.403639-0300 0x3e6      Default     0x0                  0      0    kernel: (AppleGraphicsDevicePolicy) AGDP:: VendorEventHandler:752 kAGDCRegisterLinkValidateModeTiming-ext: pEnc 0x2, pBPC=0x2, pColometry=0x80, dRange=0x1 dscBPP=0
2026-09-13 16:47:24.403642-0300 0x3e6      Default     0x0                  0      0    kernel: (AppleGraphicsDevicePolicy) AGDP:: validateMode:166 Validating mode FB:0 -> 1920 x 1080, 148500000 Hz
2026-09-13 16:47:24.403644-0300 0x3e6      Default     0x0                  0      0    kernel: (AppleGraphicsDevicePolicy) AGDP:: validateMode:368 response accepted on:0
2026-09-13 16:47:24.403646-0300 0x3e6      Default     0x0                  0      0    kernel: (AppleGraphicsDevicePolicy) AGDP:: VendorEventHandler:781 kAGDCRegisterLinkValidateModeTiming: accepted by policy.
2026-09-13 16:47:24.403657-0300 0x3e6      Default     0x0                  0      0    kernel: (AppleGraphicsDevicePolicy) AGDP:: VendorEventHandler:484 VendorEventHandler [GFX0:AMD]: Port: -1336215936.00000000 Event:ValidateModeTiming [a]
2026-09-13 16:47:24.403663-0300 0x3e6      Default     0x0                  0      0    kernel: (AppleGraphicsDevicePolicy) AGDP:: VendorEventHandler:751 kAGDCRegisterLinkValidateModeTiming: FB:0 -> 1920 x 1080, ext_blanking=0, 148500000 Hz
2026-09-13 16:47:24.403669-0300 0x3e6      Default     0x0                  0      0    kernel: (AppleGraphicsDevicePolicy) AGDP:: VendorEventHandler:752 kAGDCRegisterLinkValidateModeTiming-ext: pEnc 0x2, pBPC=0x2, pColometry=0x80, dRange=0x1 dscBPP=0
2026-09-13 16:47:24.403672-0300 0x3e6      Default     0x0                  0      0    kernel: (AppleGraphicsDevicePolicy) AGDP:: validateMode:166 Validating mode FB:0 -> 1920 x 1080, 148500000 Hz
2026-09-13 16:47:24.403675-0300 0x3e6      Default     0x0                  0      0    kernel: (AppleGraphicsDevicePolicy) AGDP:: validateMode:368 response accepted on:0
2026-09-13 16:47:24.403676-0300 0x3e6      Default     0x0                  0      0    kernel: (AppleGraphicsDevicePolicy) AGDP:: VendorEventHandler:781 kAGDCRegisterLinkValidateModeTiming: accepted by policy.
2026-09-13 16:47:24.403692-0300 0x3e6      Default     0x0                  0      0    kernel: (AppleGraphicsDevicePolicy) AGDP:: VendorEventHandler:484 VendorEventHandler [GFX0:AMD]: Port: -1336215936.00000000 Event:ValidateModeTiming [a]
2026-09-13 16:47:24.403695-0300 0x3e6      Default     0x0                  0      0    kernel: (AppleGraphicsDevicePolicy) AGDP:: VendorEventHandler:751 kAGDCRegisterLinkValidateModeTiming: FB:0 -> 1920 x 1080, ext_blanking=0, 148500000 Hz
2026-09-13 16:47:24.403698-0300 0x3e6      Default     0x0                  0      0    kernel: (AppleGraphicsDevicePolicy) AGDP:: VendorEventHandler:752 kAGDCRegisterLinkValidateModeTiming-ext: pEnc 0x2, pBPC=0x2, pColometry=0x80, dRange=0x1 dscBPP=0
2026-09-13 16:47:24.403701-0300 0x3e6      Default     0x0                  0      0    kernel: (AppleGraphicsDevicePolicy) AGDP:: validateMode:166 Validating mode FB:0 -> 1920 x 1080, 148500000 Hz
2026-09-13 16:47:24.403704-0300 0x3e6      Default     0x0                  0      0    kernel: (AppleGraphicsDevicePolicy) AGDP:: validateMode:368 response accepted on:0
2026-09-13 16:47:24.403706-0300 0x3e6      Default     0x0                  0      0    kernel: (AppleGraphicsDevicePolicy) AGDP:: VendorEventHandler:781 kAGDCRegisterLinkValidateModeTiming: accepted by policy.
2026-09-13 16:47:24.403717-0300 0x3e6      Default     0x0                  0      0    kernel: (AppleGraphicsDevicePolicy) AGDP:: VendorEventHandler:484 VendorEventHandler [GFX0:AMD]: Port: -1336215936.00000000 Event:ValidateModeTiming [a]
2026-09-13 16:47:24.403720-0300 0x3e6      Default     0x0                  0      0    kernel: (AppleGraphicsDevicePolicy) AGDP:: VendorEventHandler:751 kAGDCRegisterLinkValidateModeTiming: FB:0 -> 1920 x 1080, ext_blanking=0, 148500000 Hz
2026-09-13 16:47:24.403723-0300 0x3e6      Default     0x0                  0      0    kernel: (AppleGraphicsDevicePolicy) AGDP:: VendorEventHandler:752 kAGDCRegisterLinkValidateModeTiming-ext: pEnc 0x2, pBPC=0x2, pColometry=0x80, dRange=0x1 dscBPP=0
2026-09-13 16:47:24.403726-0300 0x3e6      Default     0x0                  0      0    kernel: (AppleGraphicsDevicePolicy) AGDP:: validateMode:166 Validating mode FB:0 -> 1920 x 1080, 148500000 Hz
2026-09-13 16:47:24.403729-0300 0x3e6      Default     0x0                  0      0    kernel: (AppleGraphicsDevicePolicy) AGDP:: validateMode:368 response accepted on:0
2026-09-13 16:47:24.403731-0300 0x3e6      Default     0x0                  0      0    kernel: (AppleGraphicsDevicePolicy) AGDP:: VendorEventHandler:781 kAGDCRegisterLinkValidateModeTiming: accepted by policy.
2026-09-13 16:47:24.403742-0300 0x3e6      Default     0x0                  0      0    kernel: (AppleGraphicsDevicePolicy) AGDP:: VendorEventHandler:484 VendorEventHandler [GFX0:AMD]: Port: -1336215936.00000000 Event:ValidateModeTiming [a]
2026-09-13 16:47:24.403745-0300 0x3e6      Default     0x0                  0      0    kernel: (AppleGraphicsDevicePolicy) AGDP:: VendorEventHandler:751 kAGDCRegisterLinkValidateModeTiming: FB:0 -> 1920 x 1080, ext_blanking=0, 148500000 Hz
2026-09-13 16:47:24.403749-0300 0x3e6      Default     0x0                  0      0    kernel: (AppleGraphicsDevicePolicy) AGDP:: VendorEventHandler:752 kAGDCRegisterLinkValidateModeTiming-ext: pEnc 0x2, pBPC=0x2, pColometry=0x80, dRange=0x1 dscBPP=0
2026-09-13 16:47:24.403753-0300 0x3e6      Default     0x0                  0      0    kernel: (AppleGraphicsDevicePolicy) AGDP:: validateMode:166 Validating mode FB:0 -> 1920 x 1080, 148500000 Hz
2026-09-13 16:47:24.403757-0300 0x3e6      Default     0x0                  0      0    kernel: (AppleGraphicsDevicePolicy) AGDP:: validateMode:368 response accepted on:0
2026-09-13 16:47:24.403760-0300 0x3e6      Default     0x0                  0      0    kernel: (AppleGraphicsDevicePolicy) AGDP:: VendorEventHandler:781 kAGDCRegisterLinkValidateModeTiming: accepted by policy.
2026-09-13 16:47:24.403774-0300 0x3e6      Default     0x0                  0      0    kernel: (AppleGraphicsDevicePolicy) AGDP:: VendorEventHandler:484 VendorEventHandler [GFX0:AMD]: Port: -1336215936.00000000 Event:ValidateModeTiming [a]
2026-09-13 16:47:24.403779-0300 0x3e6      Default     0x0                  0      0    kernel: (AppleGraphicsDevicePolicy) AGDP:: VendorEventHandler:751 kAGDCRegisterLinkValidateModeTiming: FB:0 -> 1920 x 1080, ext_blanking=0, 148500000 Hz
2026-09-13 16:47:24.403783-0300 0x3e6      Default     0x0                  0      0    kernel: (AppleGraphicsDevicePolicy) AGDP:: VendorEventHandler:752 kAGDCRegisterLinkValidateModeTiming-ext: pEnc 0x2, pBPC=0x2, pColometry=0x80, dRange=0x1 dscBPP=0
2026-09-13 16:47:24.403787-0300 0x3e6      Default     0x0                  0      0    kernel: (AppleGraphicsDevicePolicy) AGDP:: validateMode:166 Validating mode FB:0 -> 1920 x 1080, 148500000 Hz
2026-09-13 16:47:24.403791-0300 0x3e6      Default     0x0                  0      0    kernel: (AppleGraphicsDevicePolicy) AGDP:: validateMode:368 response accepted on:0
2026-09-13 16:47:24.403794-0300 0x3e6      Default     0x0                  0      0    kernel: (AppleGraphicsDevicePolicy) AGDP:: VendorEventHandler:781 kAGDCRegisterLinkValidateModeTiming: accepted by policy.
2026-09-13 16:47:24.403810-0300 0x3e6      Default     0x0                  0      0    kernel: (AppleGraphicsDevicePolicy) AGDP:: VendorEventHandler:484 VendorEventHandler [GFX0:AMD]: Port: -1336215936.00000000 Event:ValidateModeTiming [a]
2026-09-13 16:47:24.403815-0300 0x3e6      Default     0x0                  0      0    kernel: (AppleGraphicsDevicePolicy) AGDP:: VendorEventHandler:751 kAGDCRegisterLinkValidateModeTiming: FB:0 -> 1920 x 1080, ext_blanking=0, 148500000 Hz
2026-09-13 16:47:24.403819-0300 0x3e6      Default     0x0                  0      0    kernel: (AppleGraphicsDevicePolicy) AGDP:: VendorEventHandler:752 kAGDCRegisterLinkValidateModeTiming-ext: pEnc 0x2, pBPC=0x2, pColometry=0x80, dRange=0x1 dscBPP=0
2026-09-13 16:47:24.403824-0300 0x3e6      Default     0x0                  0      0    kernel: (AppleGraphicsDevicePolicy) AGDP:: validateMode:166 Validating mode FB:0 -> 1920 x 1080, 148500000 Hz
2026-09-13 16:47:24.403827-0300 0x3e6      Default     0x0                  0      0    kernel: (AppleGraphicsDevicePolicy) AGDP:: validateMode:368 response accepted on:0
2026-09-13 16:47:24.403829-0300 0x3e6      Default     0x0                  0      0    kernel: (AppleGraphicsDevicePolicy) AGDP:: VendorEventHandler:781 kAGDCRegisterLinkValidateModeTiming: accepted by policy.
2026-09-13 16:47:24.403846-0300 0x3e6      Default     0x0                  0      0    kernel: (AppleGraphicsDevicePolicy) AGDP:: VendorEventHandler:484 VendorEventHandler [GFX0:AMD]: Port: -1336215936.00000000 Event:ValidateModeTiming [a]
2026-09-13 16:47:24.403851-0300 0x3e6      Default     0x0                  0      0    kernel: (AppleGraphicsDevicePolicy) AGDP:: VendorEventHandler:751 kAGDCRegisterLinkValidateModeTiming: FB:0 -> 1920 x 1080, ext_blanking=0, 148500000 Hz
2026-09-13 16:47:24.403854-0300 0x3e6      Default     0x0                  0      0    kernel: (AppleGraphicsDevicePolicy) AGDP:: VendorEventHandler:752 kAGDCRegisterLinkValidateModeTiming-ext: pEnc 0x2, pBPC=0x2, pColometry=0x80, dRange=0x1 dscBPP=0
2026-09-13 16:47:24.403859-0300 0x3e6      Default     0x0                  0      0    kernel: (AppleGraphicsDevicePolicy) AGDP:: validateMode:166 Validating mode FB:0 -> 1920 x 1080, 148500000 Hz
2026-09-13 16:47:24.403861-0300 0x3e6      Default     0x0                  0      0    kernel: (AppleGraphicsDevicePolicy) AGDP:: validateMode:368 response accepted on:0
2026-09-13 16:47:24.403863-0300 0x3e6      Default     0x0                  0      0    kernel: (AppleGraphicsDevicePolicy) AGDP:: VendorEventHandler:781 kAGDCRegisterLinkValidateModeTiming: accepted by policy.
2026-09-13 16:47:24.403878-0300 0x3e6      Default     0x0                  0      0    kernel: (AppleGraphicsDevicePolicy) AGDP:: VendorEventHandler:484 VendorEventHandler [GFX0:AMD]: Port: -1336215936.00000000 Event:ValidateModeTiming [a]
2026-09-13 16:47:24.403881-0300 0x3e6      Default     0x0                  0      0    kernel: (AppleGraphicsDevicePolicy) AGDP:: VendorEventHandler:751 kAGDCRegisterLinkValidateModeTiming: FB:0 -> 1920 x 1080, ext_blanking=0, 174500000 Hz
2026-09-13 16:47:24.403887-0300 0x3e6      Default     0x0                  0      0    kernel: (AppleGraphicsDevicePolicy) AGDP:: VendorEventHandler:752 kAGDCRegisterLinkValidateModeTiming-ext: pEnc 0x2, pBPC=0x2, pColometry=0x80, dRange=0x1 dscBPP=0
2026-09-13 16:47:24.403891-0300 0x3e6      Default     0x0                  0      0    kernel: (AppleGraphicsDevicePolicy) AGDP:: validateMode:166 Validating mode FB:0 -> 1920 x 1080, 174500000 Hz
2026-09-13 16:47:24.403894-0300 0x3e6      Default     0x0                  0      0    kernel: (AppleGraphicsDevicePolicy) AGDP:: validateMode:368 response accepted on:0
2026-09-13 16:47:24.403896-0300 0x3e6      Default     0x0                  0      0    kernel: (AppleGraphicsDevicePolicy) AGDP:: VendorEventHandler:781 kAGDCRegisterLinkValidateModeTiming: accepted by policy.
2026-09-13 16:47:24.403911-0300 0x3e6      Default     0x0                  0      0    kernel: (AppleGraphicsDevicePolicy) AGDP:: VendorEventHandler:484 VendorEventHandler [GFX0:AMD]: Port: -1336215936.00000000 Event:ValidateModeTiming [a]
2026-09-13 16:47:24.403915-0300 0x3e6      Default     0x0                  0      0    kernel: (AppleGraphicsDevicePolicy) AGDP:: VendorEventHandler:751 kAGDCRegisterLinkValidateModeTiming: FB:0 -> 1920 x 1080, ext_blanking=0, 174500000 Hz
2026-09-13 16:47:24.403918-0300 0x3e6      Default     0x0                  0      0    kernel: (AppleGraphicsDevicePolicy) AGDP:: VendorEventHandler:752 kAGDCRegisterLinkValidateModeTiming-ext: pEnc 0x2, pBPC=0x2, pColometry=0x80, dRange=0x1 dscBPP=0
2026-09-13 16:47:24.403921-0300 0x3e6      Default     0x0                  0      0    kernel: (AppleGraphicsDevicePolicy) AGDP:: validateMode:166 Validating mode FB:0 -> 1920 x 1080, 174500000 Hz
2026-09-13 16:47:24.403923-0300 0x3e6      Default     0x0                  0      0    kernel: (AppleGraphicsDevicePolicy) AGDP:: validateMode:368 response accepted on:0
2026-09-13 16:47:24.403925-0300 0x3e6      Default     0x0                  0      0    kernel: (AppleGraphicsDevicePolicy) AGDP:: VendorEventHandler:781 kAGDCRegisterLinkValidateModeTiming: accepted by policy.
2026-09-13 16:47:24.403937-0300 0x3e6      Default     0x0                  0      0    kernel: (AppleGraphicsDevicePolicy) AGDP:: VendorEventHandler:484 VendorEventHandler [GFX0:AMD]: Port: -1336215936.00000000 Event:ValidateModeTiming [a]
2026-09-13 16:47:24.403940-0300 0x3e6      Default     0x0                  0      0    kernel: (AppleGraphicsDevicePolicy) AGDP:: VendorEventHandler:751 kAGDCRegisterLinkValidateModeTiming: FB:0 -> 1920 x 1080, ext_blanking=0, 174500000 Hz
2026-09-13 16:47:24.403943-0300 0x3e6      Default     0x0                  0      0    kernel: (AppleGraphicsDevicePolicy) AGDP:: VendorEventHandler:752 kAGDCRegisterLinkValidateModeTiming-ext: pEnc 0x2, pBPC=0x2, pColometry=0x80, dRange=0x1 dscBPP=0
2026-09-13 16:47:24.403946-0300 0x3e6      Default     0x0                  0      0    kernel: (AppleGraphicsDevicePolicy) AGDP:: validateMode:166 Validating mode FB:0 -> 1920 x 1080, 174500000 Hz
2026-09-13 16:47:24.403949-0300 0x3e6      Default     0x0                  0      0    kernel: (AppleGraphicsDevicePolicy) AGDP:: validateMode:368 response accepted on:0
2026-09-13 16:47:24.403951-0300 0x3e6      Default     0x0                  0      0    kernel: (AppleGraphicsDevicePolicy) AGDP:: VendorEventHandler:781 kAGDCRegisterLinkValidateModeTiming: accepted by policy.
2026-09-13 16:47:24.403965-0300 0x3e6      Default     0x0                  0      0    kernel: (AppleGraphicsDevicePolicy) AGDP:: VendorEventHandler:484 VendorEventHandler [GFX0:AMD]: Port: -1336215936.00000000 Event:ValidateModeTiming [a]
2026-09-13 16:47:24.403968-0300 0x3e6      Default     0x0                  0      0    kernel: (AppleGraphicsDevicePolicy) AGDP:: VendorEventHandler:751 kAGDCRegisterLinkValidateModeTiming: FB:0 -> 1920 x 1080, ext_blanking=0, 174500000 Hz
2026-09-13 16:47:24.403971-0300 0x3e6      Default     0x0                  0      0    kernel: (AppleGraphicsDevicePolicy) AGDP:: VendorEventHandler:752 kAGDCRegisterLinkValidateModeTiming-ext: pEnc 0x2, pBPC=0x2, pColometry=0x80, dRange=0x1 dscBPP=0
2026-09-13 16:47:24.403974-0300 0x3e6      Default     0x0                  0      0    kernel: (AppleGraphicsDevicePolicy) AGDP:: validateMode:166 Validating mode FB:0 -> 1920 x 1080, 174500000 Hz
2026-09-13 16:47:24.403977-0300 0x3e6      Default     0x0                  0      0    kernel: (AppleGraphicsDevicePolicy) AGDP:: validateMode:368 response accepted on:0
2026-09-13 16:47:24.403978-0300 0x3e6      Default     0x0                  0      0    kernel: (AppleGraphicsDevicePolicy) AGDP:: VendorEventHandler:781 kAGDCRegisterLinkValidateModeTiming: accepted by policy.
2026-09-13 16:47:24.403991-0300 0x3e6      Default     0x0                  0      0    kernel: (AppleGraphicsDevicePolicy) AGDP:: VendorEventHandler:484 VendorEventHandler [GFX0:AMD]: Port: -1336215936.00000000 Event:ValidateModeTiming [a]
2026-09-13 16:47:24.403994-0300 0x3e6      Default     0x0                  0      0    kernel: (AppleGraphicsDevicePolicy) AGDP:: VendorEventHandler:751 kAGDCRegisterLinkValidateModeTiming: FB:0 -> 1920 x 1080, ext_blanking=0, 174500000 Hz
2026-09-13 16:47:24.403997-0300 0x3e6      Default     0x0                  0      0    kernel: (AppleGraphicsDevicePolicy) AGDP:: VendorEventHandler:752 kAGDCRegisterLinkValidateModeTiming-ext: pEnc 0x2, pBPC=0x2, pColometry=0x80, dRange=0x1 dscBPP=0
2026-09-13 16:47:24.404000-0300 0x3e6      Default     0x0                  0      0    kernel: (AppleGraphicsDevicePolicy) AGDP:: validateMode:166 Validating mode FB:0 -> 1920 x 1080, 174500000 Hz
2026-09-13 16:47:24.404003-0300 0x3e6      Default     0x0                  0      0    kernel: (AppleGraphicsDevicePolicy) AGDP:: validateMode:368 response accepted on:0
2026-09-13 16:47:24.404004-0300 0x3e6      Default     0x0                  0      0    kernel: (AppleGraphicsDevicePolicy) AGDP:: VendorEventHandler:781 kAGDCRegisterLinkValidateModeTiming: accepted by policy.
2026-09-13 16:47:24.404027-0300 0x3e6      Default     0x0                  0      0    kernel: (AppleGraphicsDevicePolicy) AGDP:: VendorEventHandler:484 VendorEventHandler [GFX0:AMD]: Port: -1336215936.00000000 Event:ValidateModeTiming [a]
2026-09-13 16:47:24.404031-0300 0x3e6      Default     0x0                  0      0    kernel: (AppleGraphicsDevicePolicy) AGDP:: VendorEventHandler:751 kAGDCRegisterLinkValidateModeTiming: FB:0 -> 1920 x 1080, ext_blanking=0, 174500000 Hz
2026-09-13 16:47:24.404034-0300 0x3e6      Default     0x0                  0      0    kernel: (AppleGraphicsDevicePolicy) AGDP:: VendorEventHandler:752 kAGDCRegisterLinkValidateModeTiming-ext: pEnc 0x2, pBPC=0x2, pColometry=0x80, dRange=0x1 dscBPP=0
2026-09-13 16:47:24.404037-0300 0x3e6      Default     0x0                  0      0    kernel: (AppleGraphicsDevicePolicy) AGDP:: validateMode:166 Validating mode FB:0 -> 1920 x 1080, 174500000 Hz
2026-09-13 16:47:24.404040-0300 0x3e6      Default     0x0                  0      0    kernel: (AppleGraphicsDevicePolicy) AGDP:: validateMode:368 response accepted on:0
2026-09-13 16:47:24.404041-0300 0x3e6      Default     0x0                  0      0    kernel: (AppleGraphicsDevicePolicy) AGDP:: VendorEventHandler:781 kAGDCRegisterLinkValidateModeTiming: accepted by policy.
2026-09-13 16:47:24.404054-0300 0x3e6      Default     0x0                  0      0    kernel: (AppleGraphicsDevicePolicy) AGDP:: VendorEventHandler:484 VendorEventHandler [GFX0:AMD]: Port: -1336215936.00000000 Event:ValidateModeTiming [a]
2026-09-13 16:47:24.404058-0300 0x3e6      Default     0x0                  0      0    kernel: (AppleGraphicsDevicePolicy) AGDP:: VendorEventHandler:751 kAGDCRegisterLinkValidateModeTiming: FB:0 -> 1920 x 1080, ext_blanking=0, 174500000 Hz
2026-09-13 16:47:24.404061-0300 0x3e6      Default     0x0                  0      0    kernel: (AppleGraphicsDevicePolicy) AGDP:: VendorEventHandler:752 kAGDCRegisterLinkValidateModeTiming-ext: pEnc 0x2, pBPC=0x2, pColometry=0x80, dRange=0x1 dscBPP=0
2026-09-13 16:47:24.404064-0300 0x3e6      Default     0x0                  0      0    kernel: (AppleGraphicsDevicePolicy) AGDP:: validateMode:166 Validating mode FB:0 -> 1920 x 1080, 174500000 Hz
2026-09-13 16:47:24.404066-0300 0x3e6      Default     0x0                  0      0    kernel: (AppleGraphicsDevicePolicy) AGDP:: validateMode:368 response accepted on:0
2026-09-13 16:47:24.404068-0300 0x3e6      Default     0x0                  0      0    kernel: (AppleGraphicsDevicePolicy) AGDP:: VendorEventHandler:781 kAGDCRegisterLinkValidateModeTiming: accepted by policy.
2026-09-13 16:47:24.404079-0300 0x3e6      Default     0x0                  0      0    kernel: (AppleGraphicsDevicePolicy) AGDP:: VendorEventHandler:484 VendorEventHandler [GFX0:AMD]: Port: -1336215936.00000000 Event:ValidateModeTiming [a]
2026-09-13 16:47:24.404085-0300 0x3e6      Default     0x0                  0      0    kernel: (AppleGraphicsDevicePolicy) AGDP:: VendorEventHandler:751 kAGDCRegisterLinkValidateModeTiming: FB:0 -> 1920 x 1080, ext_blanking=0, 174500000 Hz
2026-09-13 16:47:24.404088-0300 0x3e6      Default     0x0                  0      0    kernel: (AppleGraphicsDevicePolicy) AGDP:: VendorEventHandler:752 kAGDCRegisterLinkValidateModeTiming-ext: pEnc 0x2, pBPC=0x2, pColometry=0x80, dRange=0x1 dscBPP=0
2026-09-13 16:47:24.404091-0300 0x3e6      Default     0x0                  0      0    kernel: (AppleGraphicsDevicePolicy) AGDP:: validateMode:166 Validating mode FB:0 -> 1920 x 1080, 174500000 Hz
2026-09-13 16:47:24.404094-0300 0x3e6      Default     0x0                  0      0    kernel: (AppleGraphicsDevicePolicy) AGDP:: validateMode:368 response accepted on:0
2026-09-13 16:47:24.404095-0300 0x3e6      Default     0x0                  0      0    kernel: (AppleGraphicsDevicePolicy) AGDP:: VendorEventHandler:781 kAGDCRegisterLinkValidateModeTiming: accepted by policy.
2026-09-13 16:47:24.404108-0300 0x3e6      Default     0x0                  0      0    kernel: (AppleGraphicsDevicePolicy) AGDP:: VendorEventHandler:484 VendorEventHandler [GFX0:AMD]: Port: -1336215936.00000000 Event:ValidateModeTiming [a]
2026-09-13 16:47:24.404112-0300 0x3e6      Default     0x0                  0      0    kernel: (AppleGraphicsDevicePolicy) AGDP:: VendorEventHandler:751 kAGDCRegisterLinkValidateModeTiming: FB:0 -> 1920 x 1080, ext_blanking=0, 174500000 Hz
2026-09-13 16:47:24.404115-0300 0x3e6      Default     0x0                  0      0    kernel: (AppleGraphicsDevicePolicy) AGDP:: VendorEventHandler:752 kAGDCRegisterLinkValidateModeTiming-ext: pEnc 0x2, pBPC=0x2, pColometry=0x80, dRange=0x1 dscBPP=0
2026-09-13 16:47:24.404118-0300 0x3e6      Default     0x0                  0      0    kernel: (AppleGraphicsDevicePolicy) AGDP:: validateMode:166 Validating mode FB:0 -> 1920 x 1080, 174500000 Hz
2026-09-13 16:47:24.404120-0300 0x3e6      Default     0x0                  0      0    kernel: (AppleGraphicsDevicePolicy) AGDP:: validateMode:368 response accepted on:0
2026-09-13 16:47:24.404122-0300 0x3e6      Default     0x0                  0      0    kernel: (AppleGraphicsDevicePolicy) AGDP:: VendorEventHandler:781 kAGDCRegisterLinkValidateModeTiming: accepted by policy.
2026-09-13 16:47:24.404134-0300 0x3e6      Default     0x0                  0      0    kernel: (AppleGraphicsDevicePolicy) AGDP:: VendorEventHandler:484 VendorEventHandler [GFX0:AMD]: Port: -1336215936.00000000 Event:ValidateModeTiming [a]
2026-09-13 16:47:24.404138-0300 0x3e6      Default     0x0                  0      0    kernel: (AppleGraphicsDevicePolicy) AGDP:: VendorEventHandler:751 kAGDCRegisterLinkValidateModeTiming: FB:0 -> 1920 x 1080, ext_blanking=0, 174500000 Hz
2026-09-13 16:47:24.404141-0300 0x3e6      Default     0x0                  0      0    kernel: (AppleGraphicsDevicePolicy) AGDP:: VendorEventHandler:752 kAGDCRegisterLinkValidateModeTiming-ext: pEnc 0x2, pBPC=0x2, pColometry=0x80, dRange=0x1 dscBPP=0
2026-09-13 16:47:24.404144-0300 0x3e6      Default     0x0                  0      0    kernel: (AppleGraphicsDevicePolicy) AGDP:: validateMode:166 Validating mode FB:0 -> 1920 x 1080, 174500000 Hz
2026-09-13 16:47:24.404150-0300 0x3e6      Default     0x0                  0      0    kernel: (AppleGraphicsDevicePolicy) AGDP:: validateMode:368 response accepted on:0
2026-09-13 16:47:24.404152-0300 0x3e6      Default     0x0                  0      0    kernel: (AppleGraphicsDevicePolicy) AGDP:: VendorEventHandler:781 kAGDCRegisterLinkValidateModeTiming: accepted by policy.
2026-09-13 16:47:24.404164-0300 0x3e6      Default     0x0                  0      0    kernel: (AppleGraphicsDevicePolicy) AGDP:: VendorEventHandler:484 VendorEventHandler [GFX0:AMD]: Port: -1336215936.00000000 Event:ValidateModeTiming [a]
2026-09-13 16:47:24.404168-0300 0x3e6      Default     0x0                  0      0    kernel: (AppleGraphicsDevicePolicy) AGDP:: VendorEventHandler:751 kAGDCRegisterLinkValidateModeTiming: FB:0 -> 1920 x 1080, ext_blanking=0, 174500000 Hz
2026-09-13 16:47:24.404171-0300 0x3e6      Default     0x0                  0      0    kernel: (AppleGraphicsDevicePolicy) AGDP:: VendorEventHandler:752 kAGDCRegisterLinkValidateModeTiming-ext: pEnc 0x2, pBPC=0x2, pColometry=0x80, dRange=0x1 dscBPP=0
2026-09-13 16:47:24.404174-0300 0x3e6      Default     0x0                  0      0    kernel: (AppleGraphicsDevicePolicy) AGDP:: validateMode:166 Validating mode FB:0 -> 1920 x 1080, 174500000 Hz
2026-09-13 16:47:24.404176-0300 0x3e6      Default     0x0                  0      0    kernel: (AppleGraphicsDevicePolicy) AGDP:: validateMode:368 response accepted on:0
2026-09-13 16:47:24.404178-0300 0x3e6      Default     0x0                  0      0    kernel: (AppleGraphicsDevicePolicy) AGDP:: VendorEventHandler:781 kAGDCRegisterLinkValidateModeTiming: accepted by policy.
2026-09-13 16:47:24.404190-0300 0x3e6      Default     0x0                  0      0    kernel: (AppleGraphicsDevicePolicy) AGDP:: VendorEventHandler:484 VendorEventHandler [GFX0:AMD]: Port: -1336215936.00000000 Event:ValidateModeTiming [a]
2026-09-13 16:47:24.404193-0300 0x3e6      Default     0x0                  0      0    kernel: (AppleGraphicsDevicePolicy) AGDP:: VendorEventHandler:751 kAGDCRegisterLinkValidateModeTiming: FB:0 -> 1920 x 1080, ext_blanking=0, 174500000 Hz
2026-09-13 16:47:24.404196-0300 0x3e6      Default     0x0                  0      0    kernel: (AppleGraphicsDevicePolicy) AGDP:: VendorEventHandler:752 kAGDCRegisterLinkValidateModeTiming-ext: pEnc 0x2, pBPC=0x2, pColometry=0x80, dRange=0x1 dscBPP=0
2026-09-13 16:47:24.404199-0300 0x3e6      Default     0x0                  0      0    kernel: (AppleGraphicsDevicePolicy) AGDP:: validateMode:166 Validating mode FB:0 -> 1920 x 1080, 174500000 Hz
2026-09-13 16:47:24.404202-0300 0x3e6      Default     0x0                  0      0    kernel: (AppleGraphicsDevicePolicy) AGDP:: validateMode:368 response accepted on:0
2026-09-13 16:47:24.404204-0300 0x3e6      Default     0x0                  0      0    kernel: (AppleGraphicsDevicePolicy) AGDP:: VendorEventHandler:781 kAGDCRegisterLinkValidateModeTiming: accepted by policy.
2026-09-13 16:47:24.404216-0300 0x3e6      Default     0x0                  0      0    kernel: (AppleGraphicsDevicePolicy) AGDP:: VendorEventHandler:484 VendorEventHandler [GFX0:AMD]: Port: -1336215936.00000000 Event:ValidateModeTiming [a]
2026-09-13 16:47:24.404219-0300 0x3e6      Default     0x0                  0      0    kernel: (AppleGraphicsDevicePolicy) AGDP:: VendorEventHandler:751 kAGDCRegisterLinkValidateModeTiming: FB:0 -> 1920 x 1080, ext_blanking=0, 174500000 Hz
2026-09-13 16:47:24.404222-0300 0x3e6      Default     0x0                  0      0    kernel: (AppleGraphicsDevicePolicy) AGDP:: VendorEventHandler:752 kAGDCRegisterLinkValidateModeTiming-ext: pEnc 0x2, pBPC=0x2, pColometry=0x80, dRange=0x1 dscBPP=0
2026-09-13 16:47:24.404225-0300 0x3e6      Default     0x0                  0      0    kernel: (AppleGraphicsDevicePolicy) AGDP:: validateMode:166 Validating mode FB:0 -> 1920 x 1080, 174500000 Hz
2026-09-13 16:47:24.404228-0300 0x3e6      Default     0x0                  0      0    kernel: (AppleGraphicsDevicePolicy) AGDP:: validateMode:368 response accepted on:0
2026-09-13 16:47:24.404230-0300 0x3e6      Default     0x0                  0      0    kernel: (AppleGraphicsDevicePolicy) AGDP:: VendorEventHandler:781 kAGDCRegisterLinkValidateModeTiming: accepted by policy.
2026-09-13 16:47:24.404239-0300 0x3e6      Default     0x0                  0      0    kernel: (AppleGraphicsDevicePolicy) AGDP:: VendorEventHandler:484 VendorEventHandler [GFX0:AMD]: Port: -1336215936.00000000 Event:ValidateModeTiming [a]
2026-09-13 16:47:24.404242-0300 0x3e6      Default     0x0                  0      0    kernel: (AppleGraphicsDevicePolicy) AGDP:: VendorEventHandler:751 kAGDCRegisterLinkValidateModeTiming: FB:0 -> 1920 x 1080, ext_blanking=0, 174500000 Hz
2026-09-13 16:47:24.404245-0300 0x3e6      Default     0x0                  0      0    kernel: (AppleGraphicsDevicePolicy) AGDP:: VendorEventHandler:752 kAGDCRegisterLinkValidateModeTiming-ext: pEnc 0x2, pBPC=0x2, pColometry=0x80, dRange=0x1 dscBPP=0
2026-09-13 16:47:24.404248-0300 0x3e6      Default     0x0                  0      0    kernel: (AppleGraphicsDevicePolicy) AGDP:: validateMode:166 Validating mode FB:0 -> 1920 x 1080, 174500000 Hz
2026-09-13 16:47:24.404251-0300 0x3e6      Default     0x0                  0      0    kernel: (AppleGraphicsDevicePolicy) AGDP:: validateMode:368 response accepted on:0
2026-09-13 16:47:24.404255-0300 0x3e6      Default     0x0                  0      0    kernel: (AppleGraphicsDevicePolicy) AGDP:: VendorEventHandler:781 kAGDCRegisterLinkValidateModeTiming: accepted by policy.
2026-09-13 16:47:24.404268-0300 0x3e6      Default     0x0                  0      0    kernel: (AppleGraphicsDevicePolicy) AGDP:: VendorEventHandler:484 VendorEventHandler [GFX0:AMD]: Port: -1336215936.00000000 Event:ValidateModeTiming [a]
2026-09-13 16:47:24.404272-0300 0x3e6      Default     0x0                  0      0    kernel: (AppleGraphicsDevicePolicy) AGDP:: VendorEventHandler:751 kAGDCRegisterLinkValidateModeTiming: FB:0 -> 1920 x 1080, ext_blanking=0, 174500000 Hz
2026-09-13 16:47:24.404275-0300 0x3e6      Default     0x0                  0      0    kernel: (AppleGraphicsDevicePolicy) AGDP:: VendorEventHandler:752 kAGDCRegisterLinkValidateModeTiming-ext: pEnc 0x2, pBPC=0x2, pColometry=0x80, dRange=0x1 dscBPP=0
2026-09-13 16:47:24.404278-0300 0x3e6      Default     0x0                  0      0    kernel: (AppleGraphicsDevicePolicy) AGDP:: validateMode:166 Validating mode FB:0 -> 1920 x 1080, 174500000 Hz
2026-09-13 16:47:24.404280-0300 0x3e6      Default     0x0                  0      0    kernel: (AppleGraphicsDevicePolicy) AGDP:: validateMode:368 response accepted on:0
2026-09-13 16:47:24.404282-0300 0x3e6      Default     0x0                  0      0    kernel: (AppleGraphicsDevicePolicy) AGDP:: VendorEventHandler:781 kAGDCRegisterLinkValidateModeTiming: accepted by policy.
2026-09-13 16:47:24.404295-0300 0x3e6      Default     0x0                  0      0    kernel: (AppleGraphicsDevicePolicy) AGDP:: VendorEventHandler:484 VendorEventHandler [GFX0:AMD]: Port: -1336215936.00000000 Event:ValidateModeTiming [a]
2026-09-13 16:47:24.404299-0300 0x3e6      Default     0x0                  0      0    kernel: (AppleGraphicsDevicePolicy) AGDP:: VendorEventHandler:751 kAGDCRegisterLinkValidateModeTiming: FB:0 -> 1920 x 1080, ext_blanking=0, 174500000 Hz
2026-09-13 16:47:24.404302-0300 0x3e6      Default     0x0                  0      0    kernel: (AppleGraphicsDevicePolicy) AGDP:: VendorEventHandler:752 kAGDCRegisterLinkValidateModeTiming-ext: pEnc 0x2, pBPC=0x2, pColometry=0x80, dRange=0x1 dscBPP=0
2026-09-13 16:47:24.404305-0300 0x3e6      Default     0x0                  0      0    kernel: (AppleGraphicsDevicePolicy) AGDP:: validateMode:166 Validating mode FB:0 -> 1920 x 1080, 174500000 Hz
2026-09-13 16:47:24.404307-0300 0x3e6      Default     0x0                  0      0    kernel: (AppleGraphicsDevicePolicy) AGDP:: validateMode:368 response accepted on:0
2026-09-13 16:47:24.404309-0300 0x3e6      Default     0x0                  0      0    kernel: (AppleGraphicsDevicePolicy) AGDP:: VendorEventHandler:781 kAGDCRegisterLinkValidateModeTiming: accepted by policy.
2026-09-13 16:47:24.405806-0300 0x3e6      Default     0x0                  0      0    kernel: (AppleGraphicsDevicePolicy) AGDP:: VendorEventHandler:484 VendorEventHandler [GFX0:AMD]: Port: -1336216136.00000000 Event:ModesetCallback [c]
2026-09-13 16:47:24.405812-0300 0x3e6      Default     0x0                  0      0    kernel: (AppleGraphicsDevicePolicy) AGDP:: VendorEventHandler:621 **************** kAGDCRegisterLinkModesetCallback #1 **************** 1:1:1
2026-09-13 16:47:24.405815-0300 0x3e6      Default     0x0                  0      0    kernel: (AppleGraphicsDevicePolicy) AGDP:: VendorEventHandler:623 kAGDCRegisterLinkModesetCallback-ext: FB:0 -> 1920 x 1080, ext_blanking=0, 228800000 Hz
2026-09-13 16:47:24.405819-0300 0x3e6      Default     0x0                  0      0    kernel: (AppleGraphicsDevicePolicy) AGDP:: VendorEventHandler:624 kAGDCRegisterLinkModesetCallback-ext-2: pEnc=0x2, pBPC=0x2, pColometry=0x80, dRange=0x1 dscBPP=0
2026-09-13 16:47:24.405822-0300 0x3e6      Default     0x0                  0      0    kernel: (AppleGraphicsDevicePolicy) Warning!! AGDP: vendor modeset callback invalid sequence or interleaving!!
2026-09-13 16:47:24.405824-0300 0x3e6      Default     0x0                  0      0    kernel: (AppleGraphicsDevicePolicy) AGDP:: validateMode:166 Validating mode FB:0 -> 1920 x 1080, 228800000 Hz
2026-09-13 16:47:24.405826-0300 0x3e6      Default     0x0                  0      0    kernel: (AppleGraphicsDevicePolicy) AGDP:: validateMode:368 response accepted on:0
2026-09-13 16:47:24.405828-0300 0x3e6      Default     0x0                  0      0    kernel: (AppleGraphicsDevicePolicy) AGDP:: getPconPortInfo:30 Invalid port number 0
2026-09-13 16:47:24.405830-0300 0x3e6      Default     0x0                  0      0    kernel: (AppleGraphicsDevicePolicy) AGDP:: VendorEventHandler:484 VendorEventHandler [GFX0:AMD]: Port: -1336216136.00000000 Event:ModesetCallback [c]
2026-09-13 16:47:24.405834-0300 0x3e6      Default     0x0                  0      0    kernel: (AppleGraphicsDevicePolicy) AGDP:: VendorEventHandler:621 **************** kAGDCRegisterLinkModesetCallback #2 **************** 1:1:1
2026-09-13 16:47:24.405852-0300 0x3e6      Default     0x0                  0      0    kernel: (AppleGraphicsDevicePolicy) AGDP:: VendorEventHandler:623 kAGDCRegisterLinkModesetCallback-ext: FB:0 -> 1920 x 1080, ext_blanking=0, 228800000 Hz
2026-09-13 16:47:24.405855-0300 0x3e6      Default     0x0                  0      0    kernel: (AppleGraphicsDevicePolicy) AGDP:: VendorEventHandler:624 kAGDCRegisterLinkModesetCallback-ext-2: pEnc=0x2, pBPC=0x2, pColometry=0x80, dRange=0x1 dscBPP=0
2026-09-13 16:47:24.405858-0300 0x3e6      Default     0x0                  0      0    kernel: (AppleGraphicsDevicePolicy) Warning!! AGDP: vendor modeset callback invalid sequence or interleaving!!
2026-09-13 16:47:24.405860-0300 0x3e6      Default     0x0                  0      0    kernel: (AppleGraphicsDevicePolicy) AGDP:: validateMode:166 Validating mode FB:0 -> 1920 x 1080, 228800000 Hz
2026-09-13 16:47:24.405862-0300 0x3e6      Default     0x0                  0      0    kernel: (AppleGraphicsDevicePolicy) AGDP:: validateMode:368 response accepted on:0
2026-09-13 16:47:24.405864-0300 0x3e6      Default     0x0                  0      0    kernel: (AppleGraphicsDevicePolicy) AGDP:: getPconPortInfo:30 Invalid port number 0
2026-09-13 16:47:25.703224-0300 0x3e6      Default     0x0                  0      0    kernel: (AppleGraphicsDevicePolicy) AGDP:: VendorEventHandler:484 VendorEventHandler [GFX0:AMD]: Port: -1336216136.00000000 Event:ModesetCallback [c]
2026-09-13 16:47:25.703233-0300 0x3e6      Default     0x0                  0      0    kernel: (AppleGraphicsDevicePolicy) AGDP:: VendorEventHandler:621 **************** kAGDCRegisterLinkModesetCallback #1 **************** 1:1:1
2026-09-13 16:47:25.703236-0300 0x3e6      Default     0x0                  0      0    kernel: (AppleGraphicsDevicePolicy) AGDP:: VendorEventHandler:623 kAGDCRegisterLinkModesetCallback-ext: FB:0 -> 1920 x 1080, ext_blanking=0, 228800000 Hz
2026-09-13 16:47:25.703239-0300 0x3e6      Default     0x0                  0      0    kernel: (AppleGraphicsDevicePolicy) AGDP:: VendorEventHandler:624 kAGDCRegisterLinkModesetCallback-ext-2: pEnc=0x2, pBPC=0x2, pColometry=0x80, dRange=0x1 dscBPP=0
2026-09-13 16:47:25.703248-0300 0x3e6      Default     0x0                  0      0    kernel: (AppleGraphicsDevicePolicy) Warning!! AGDP: vendor modeset callback invalid sequence or interleaving!!
2026-09-13 16:47:25.703250-0300 0x3e6      Default     0x0                  0      0    kernel: (AppleGraphicsDevicePolicy) AGDP:: validateMode:166 Validating mode FB:0 -> 1920 x 1080, 228800000 Hz
2026-09-13 16:47:25.703253-0300 0x3e6      Default     0x0                  0      0    kernel: (AppleGraphicsDevicePolicy) AGDP:: validateMode:368 response accepted on:0
2026-09-13 16:47:25.703255-0300 0x3e6      Default     0x0                  0      0    kernel: (AppleGraphicsDevicePolicy) AGDP:: getPconPortInfo:30 Invalid port number 0
2026-09-13 16:47:25.703258-0300 0x3e6      Default     0x0                  0      0    kernel: (AppleGraphicsDevicePolicy) AGDP:: VendorEventHandler:484 VendorEventHandler [GFX0:AMD]: Port: -1336216136.00000000 Event:ModesetCallback [c]
2026-09-13 16:47:25.703261-0300 0x3e6      Default     0x0                  0      0    kernel: (AppleGraphicsDevicePolicy) AGDP:: VendorEventHandler:621 **************** kAGDCRegisterLinkModesetCallback #2 **************** 1:1:1
2026-09-13 16:47:25.703264-0300 0x3e6      Default     0x0                  0      0    kernel: (AppleGraphicsDevicePolicy) AGDP:: VendorEventHandler:623 kAGDCRegisterLinkModesetCallback-ext: FB:0 -> 1920 x 1080, ext_blanking=0, 228800000 Hz
2026-09-13 16:47:25.703267-0300 0x3e6      Default     0x0                  0      0    kernel: (AppleGraphicsDevicePolicy) AGDP:: VendorEventHandler:624 kAGDCRegisterLinkModesetCallback-ext-2: pEnc=0x2, pBPC=0x2, pColometry=0x80, dRange=0x1 dscBPP=0
2026-09-13 16:47:25.703270-0300 0x3e6      Default     0x0                  0      0    kernel: (AppleGraphicsDevicePolicy) Warning!! AGDP: vendor modeset callback invalid sequence or interleaving!!
2026-09-13 16:47:25.703272-0300 0x3e6      Default     0x0                  0      0    kernel: (AppleGraphicsDevicePolicy) AGDP:: validateMode:166 Validating mode FB:0 -> 1920 x 1080, 228800000 Hz
2026-09-13 16:47:25.703274-0300 0x3e6      Default     0x0                  0      0    kernel: (AppleGraphicsDevicePolicy) AGDP:: validateMode:368 response accepted on:0
2026-09-13 16:47:25.703276-0300 0x3e6      Default     0x0                  0      0    kernel: (AppleGraphicsDevicePolicy) AGDP:: getPconPortInfo:30 Invalid port number 0
2026-09-13 19:47:33.588451-0300 0xe50      Default     0x0                  0      0    kernel: Boot args: -v debug=0x100 keepsyms=1 npci=0x2000 agdpmod=pikera
2026-09-13 19:47:54.779279-0300 0x18af     Error       0x0                  0      0    kernel: (Sandbox) Sandbox: nsattributedstringagent(767) deny(1) iokit-open-user-client AMDRadeonX6000_AMDAccelDevice
2026-09-13 19:47:54.779284-0300 0x18af     Default     0x0                  0      0    kernel: IOUC AMDRadeonX6000_AMDAccelDevice failed MACF in process pid 767, nsattributedstri
2026-09-13 19:47:54.836807-0300 0x18af     Error       0x0                  0      0    kernel: (Sandbox) Sandbox: nsattributedstringagent(767) deny(1) iokit-open-user-client AMDRadeonX6000_AMDAccelDevice
2026-09-13 19:47:54.836813-0300 0x18af     Default     0x0                  0      0    kernel: IOUC AMDRadeonX6000_AMDAccelDevice failed MACF in process pid 767, nsattributedstri
2026-09-13 19:47:55.470785-0300 0x18dd     Error       0x0                  0      0    kernel: (Sandbox) Sandbox: nsattributedstringagent(774) deny(1) iokit-open-user-client AMDRadeonX6000_AMDAccelDevice
2026-09-13 19:47:55.470791-0300 0x18dd     Default     0x0                  0      0    kernel: IOUC AMDRadeonX6000_AMDAccelDevice failed MACF in process pid 774, nsattributedstri
2026-09-13 19:47:55.538350-0300 0x18f9     Error       0x0                  0      0    kernel: (Sandbox) Sandbox: nsattributedstringagent(774) deny(1) iokit-open-user-client AMDRadeonX6000_AMDAccelDevice
2026-09-13 19:47:55.538355-0300 0x18f9     Default     0x0                  0      0    kernel: IOUC AMDRadeonX6000_AMDAccelDevice failed MACF in process pid 774, nsattributedstri
2026-09-13 19:49:10.146425-0300 0x2a12     Error       0x0                  0      0    kernel: (Sandbox) Sandbox: nsattributedstringagent(2187) deny(1) iokit-open-user-client AMDRadeonX6000_AMDAccelDevice
2026-09-13 19:49:10.146429-0300 0x2a12     Default     0x0                  0      0    kernel: IOUC AMDRadeonX6000_AMDAccelDevice failed MACF in process pid 2187, nsattributedstri
2026-09-13 19:49:10.203590-0300 0x2a23     Error       0x0                  0      0    kernel: (Sandbox) Sandbox: nsattributedstringagent(2187) deny(1) iokit-open-user-client AMDRadeonX6000_AMDAccelDevice
2026-09-13 19:49:10.203593-0300 0x2a23     Default     0x0                  0      0    kernel: IOUC AMDRadeonX6000_AMDAccelDevice failed MACF in process pid 2187, nsattributedstri
2026-09-13 19:55:05.614875-0300 0x8952     Error       0x0                  0      0    kernel: (Sandbox) Sandbox: nsattributedstringagent(15010) deny(1) iokit-open-user-client AMDRadeonX6000_AMDAccelDevice
2026-09-13 19:55:05.614882-0300 0x8952     Default     0x0                  0      0    kernel: IOUC AMDRadeonX6000_AMDAccelDevice failed MACF in process pid 15010, nsattributedstri
2026-09-13 19:55:05.663047-0300 0x8954     Error       0x0                  0      0    kernel: (Sandbox) Sandbox: nsattributedstringagent(15010) deny(1) iokit-open-user-client AMDRadeonX6000_AMDAccelDevice
2026-09-13 19:55:05.663052-0300 0x8954     Default     0x0                  0      0    kernel: IOUC AMDRadeonX6000_AMDAccelDevice failed MACF in process pid 15010, nsattributedstri
2026-09-13 19:59:35.690858-0300 0x1820     Error       0x0                  0      0    kernel: (Sandbox) Sandbox: com.apple.quicklook.ThumbnailsA(603) deny(1) file-read-data /Volumes/EFI/nootrx_fix.log
2026-09-13 20:10:20.914881-0300 0xf7b4     Error       0x0                  0      0    kernel: (Sandbox) Sandbox: nsattributedstringagent(25525) deny(1) iokit-open-user-client AMDRadeonX6000_AMDAccelDevice
2026-09-13 20:10:20.914886-0300 0xf7b4     Default     0x0                  0      0    kernel: IOUC AMDRadeonX6000_AMDAccelDevice failed MACF in process pid 25525, nsattributedstri
2026-09-13 20:10:20.976780-0300 0xf7b5     Error       0x0                  0      0    kernel: (Sandbox) Sandbox: nsattributedstringagent(25525) deny(1) iokit-open-user-client AMDRadeonX6000_AMDAccelDevice
2026-09-13 20:10:20.976783-0300 0xf7b5     Default     0x0                  0      0    kernel: IOUC AMDRadeonX6000_AMDAccelDevice failed MACF in process pid 25525, nsattributedstri
